================================================================================
OMNIREC EXPERIMENT: RANDOM SEED EFFECT ON RECOMMENDER ACCURACY
================================================================================
Starting at: 2026-07-09 00:10:53
Datasets processed in order (smallest to largest):
  - HetrecLastFM: Hetrec LastFM (71K implicit interactions)
  - MovieLens100K: MovieLens 100K (100K explicit ratings, converted to implicit)
  - Amazon2014VideoGames: Amazon Video Games (1.3M explicit ratings, converted to implicit)
Seeds: [42, 123, 256, 789, 1337]
Algorithms: ['LensKit.ImplicitMFScorer', 'LensKit.ItemKNNScorer', 'LensKit.PopScorer']
================================================================================

######################################################################
#  DATASET: HetrecLastFM (Hetrec LastFM (71K implicit interactions))
######################################################################

  ────────────────────────────────────────────────────────────
  Seed 42 (iteration 1/5)
  ────────────────────────────────────────────────────────────
    Random state set to: 42
    Loading dataset...
[2026/07/09 00:10:53] INFO     Canonicalized data set already exists, skipping download and canonicalization.                                                 recsys_data_set.py:205
    Preprocessing (MakeImplicit=False, CorePruning=5, UserHoldout split)...
                      INFO     Pruning data set to 5-core.                                                                                                        core_pruning.py:19
                      INFO     Number of interactions before: 71064                                                                                               core_pruning.py:20
                      INFO     Number of interactions after: 52551                                                                                                core_pruning.py:63
    Train interactions: 35971, Val interactions: 5626, Test interactions: 10954
    Running algorithms (ImplicitMFScorer, ItemKNNScorer, PopScorer)...
    This may take a while for large datasets...
[2026/07/09 00:10:54] INFO     Reusing existing env 'LensKit_env' at /home/prv_tristan/.omnirec/data/envs/LensKit_env                                                     envs.py:48
                      INFO     Starting runner...                                                                                                                 coordinator.py:272
[2026/07/09 00:10:57] INFO     Runner started with pid: 15910                                                                                                     coordinator.py:297
                      INFO     Connecting to runner...                                                                                                            coordinator.py:135
[2026/07/09 00:10:58] INFO     Running phase 'Fit' for HetrecLastFM/ImplicitMFScorer                                                                              coordinator.py:402
[2026/07/09 00:11:08] INFO     Running phase 'Predict' for HetrecLastFM/ImplicitMFScorer                                                                          coordinator.py:402
[2026/07/09 00:11:38] INFO     Running phase 'Evaluate' for HetrecLastFM/ImplicitMFScorer                                                                         coordinator.py:402
Traceback (most recent call last):
  File "/home/prv_tristan/AutoRecLab-group4/.venv/lib/python3.12/site-packages/omnirec/runner/coordinator.py", line 212, in run
    self.run_split(
  File "/home/prv_tristan/AutoRecLab-group4/.venv/lib/python3.12/site-packages/omnirec/runner/coordinator.py", line 365, in run_split
    self._evaluator.run_evaluation(
  File "/home/prv_tristan/AutoRecLab-group4/.venv/lib/python3.12/site-packages/omnirec/runner/evaluation.py", line 54, in run_evaluation
    mr = m.calculate(predictions, test)
         ^^^^^^^^^^^^^^^^^^^^^^^^^^^^^^
  File "/home/prv_tristan/AutoRecLab-group4/.venv/lib/python3.12/site-packages/omnirec/metrics/ranking.py", line 207, in calculate
    top_k_dict = self.make_topk_dict(predictions)
                 ^^^^^^^^^^^^^^^^^^^^^^^^^^^^^^^^
  File "/home/prv_tristan/AutoRecLab-group4/.venv/lib/python3.12/site-packages/omnirec/metrics/ranking.py", line 24, in make_topk_dict
    for user, group in predictions.sort_values("rank").groupby("user"):
                       ^^^^^^^^^^^^^^^^^^^^^^^^^^^^^^^
  File "/home/prv_tristan/AutoRecLab-group4/.venv/lib/python3.12/site-packages/pandas/core/frame.py", line 7211, in sort_values
    k = self._get_label_or_level_values(by[0], axis=axis)
        ^^^^^^^^^^^^^^^^^^^^^^^^^^^^^^^^^^^^^^^^^^^^^^^^^
  File "/home/prv_tristan/AutoRecLab-group4/.venv/lib/python3.12/site-packages/pandas/core/generic.py", line 1914, in _get_label_or_level_values
    raise KeyError(key)
KeyError: 'rank'
                      CRITICAL Stopping runner...                                                                                                                 coordinator.py:445
                      INFO     Reusing existing env 'LensKit_env' at /home/prv_tristan/.omnirec/data/envs/LensKit_env                                                     envs.py:48
                      INFO     Starting runner...                                                                                                                 coordinator.py:272
[2026/07/09 00:11:41] INFO     Runner started with pid: 16034                                                                                                     coordinator.py:297
                      INFO     Connecting to runner...                                                                                                            coordinator.py:135
                      INFO     Running phase 'Fit' for HetrecLastFM/ItemKNNScorer                                                                                 coordinator.py:402
[2026/07/09 00:11:51] INFO     Running phase 'Predict' for HetrecLastFM/ItemKNNScorer                                                                             coordinator.py:402
[2026/07/09 00:12:01] INFO     Running phase 'Evaluate' for HetrecLastFM/ItemKNNScorer                                                                            coordinator.py:402
Traceback (most recent call last):
  File "/home/prv_tristan/AutoRecLab-group4/.venv/lib/python3.12/site-packages/omnirec/runner/coordinator.py", line 212, in run
    self.run_split(
  File "/home/prv_tristan/AutoRecLab-group4/.venv/lib/python3.12/site-packages/omnirec/runner/coordinator.py", line 365, in run_split
    self._evaluator.run_evaluation(
  File "/home/prv_tristan/AutoRecLab-group4/.venv/lib/python3.12/site-packages/omnirec/runner/evaluation.py", line 54, in run_evaluation
    mr = m.calculate(predictions, test)
         ^^^^^^^^^^^^^^^^^^^^^^^^^^^^^^
  File "/home/prv_tristan/AutoRecLab-group4/.venv/lib/python3.12/site-packages/omnirec/metrics/ranking.py", line 207, in calculate
    top_k_dict = self.make_topk_dict(predictions)
                 ^^^^^^^^^^^^^^^^^^^^^^^^^^^^^^^^
  File "/home/prv_tristan/AutoRecLab-group4/.venv/lib/python3.12/site-packages/omnirec/metrics/ranking.py", line 24, in make_topk_dict
    for user, group in predictions.sort_values("rank").groupby("user"):
                       ^^^^^^^^^^^^^^^^^^^^^^^^^^^^^^^
  File "/home/prv_tristan/AutoRecLab-group4/.venv/lib/python3.12/site-packages/pandas/core/frame.py", line 7211, in sort_values
    k = self._get_label_or_level_values(by[0], axis=axis)
        ^^^^^^^^^^^^^^^^^^^^^^^^^^^^^^^^^^^^^^^^^^^^^^^^^
  File "/home/prv_tristan/AutoRecLab-group4/.venv/lib/python3.12/site-packages/pandas/core/generic.py", line 1914, in _get_label_or_level_values
    raise KeyError(key)
KeyError: 'rank'
                      CRITICAL Stopping runner...                                                                                                                 coordinator.py:445
                      INFO     Reusing existing env 'LensKit_env' at /home/prv_tristan/.omnirec/data/envs/LensKit_env                                                     envs.py:48
                      INFO     Starting runner...                                                                                                                 coordinator.py:272
[2026/07/09 00:12:05] INFO     Runner started with pid: 16155                                                                                                     coordinator.py:297
                      INFO     Connecting to runner...                                                                                                            coordinator.py:135
                      INFO     Running phase 'Fit' for HetrecLastFM/PopScorer                                                                                     coordinator.py:402
[2026/07/09 00:12:15] INFO     Running phase 'Predict' for HetrecLastFM/PopScorer                                                                                 coordinator.py:402
[2026/07/09 00:12:25] INFO     Running phase 'Evaluate' for HetrecLastFM/PopScorer                                                                                coordinator.py:402
Traceback (most recent call last):
  File "/home/prv_tristan/AutoRecLab-group4/.venv/lib/python3.12/site-packages/omnirec/runner/coordinator.py", line 212, in run
    self.run_split(
  File "/home/prv_tristan/AutoRecLab-group4/.venv/lib/python3.12/site-packages/omnirec/runner/coordinator.py", line 365, in run_split
    self._evaluator.run_evaluation(
  File "/home/prv_tristan/AutoRecLab-group4/.venv/lib/python3.12/site-packages/omnirec/runner/evaluation.py", line 54, in run_evaluation
    mr = m.calculate(predictions, test)
         ^^^^^^^^^^^^^^^^^^^^^^^^^^^^^^
  File "/home/prv_tristan/AutoRecLab-group4/.venv/lib/python3.12/site-packages/omnirec/metrics/ranking.py", line 207, in calculate
    top_k_dict = self.make_topk_dict(predictions)
                 ^^^^^^^^^^^^^^^^^^^^^^^^^^^^^^^^
  File "/home/prv_tristan/AutoRecLab-group4/.venv/lib/python3.12/site-packages/omnirec/metrics/ranking.py", line 24, in make_topk_dict
    for user, group in predictions.sort_values("rank").groupby("user"):
                       ^^^^^^^^^^^^^^^^^^^^^^^^^^^^^^^
  File "/home/prv_tristan/AutoRecLab-group4/.venv/lib/python3.12/site-packages/pandas/core/frame.py", line 7211, in sort_values
    k = self._get_label_or_level_values(by[0], axis=axis)
        ^^^^^^^^^^^^^^^^^^^^^^^^^^^^^^^^^^^^^^^^^^^^^^^^^
  File "/home/prv_tristan/AutoRecLab-group4/.venv/lib/python3.12/site-packages/pandas/core/generic.py", line 1914, in _get_label_or_level_values
    raise KeyError(key)
KeyError: 'rank'
                      CRITICAL Stopping runner...                                                                                                                 coordinator.py:445
    ✓ Seed 42 completed successfully

  ────────────────────────────────────────────────────────────
  Seed 123 (iteration 2/5)
  ────────────────────────────────────────────────────────────
    Random state set to: 123
    Loading dataset...
                      INFO     Canonicalized data set already exists, skipping download and canonicalization.                                                 recsys_data_set.py:205
    Preprocessing (MakeImplicit=False, CorePruning=5, UserHoldout split)...
                      INFO     Pruning data set to 5-core.                                                                                                        core_pruning.py:19
                      INFO     Number of interactions before: 71064                                                                                               core_pruning.py:20
                      INFO     Number of interactions after: 52551                                                                                                core_pruning.py:63
    Train interactions: 35971, Val interactions: 5626, Test interactions: 10954
    Running algorithms (ImplicitMFScorer, ItemKNNScorer, PopScorer)...
    This may take a while for large datasets...
[2026/07/09 00:12:26] INFO     Reusing existing env 'LensKit_env' at /home/prv_tristan/.omnirec/data/envs/LensKit_env                                                     envs.py:48
                      INFO     Starting runner...                                                                                                                 coordinator.py:272
[2026/07/09 00:12:29] INFO     Runner started with pid: 16269                                                                                                     coordinator.py:297
                      INFO     Connecting to runner...                                                                                                            coordinator.py:135
                      INFO     Running phase 'Fit' for HetrecLastFM/ImplicitMFScorer                                                                              coordinator.py:402
[2026/07/09 00:12:39] INFO     Running phase 'Predict' for HetrecLastFM/ImplicitMFScorer                                                                          coordinator.py:402
[2026/07/09 00:12:59] INFO     Running phase 'Evaluate' for HetrecLastFM/ImplicitMFScorer                                                                         coordinator.py:402
Traceback (most recent call last):
  File "/home/prv_tristan/AutoRecLab-group4/.venv/lib/python3.12/site-packages/omnirec/runner/coordinator.py", line 212, in run
    self.run_split(
  File "/home/prv_tristan/AutoRecLab-group4/.venv/lib/python3.12/site-packages/omnirec/runner/coordinator.py", line 365, in run_split
    self._evaluator.run_evaluation(
  File "/home/prv_tristan/AutoRecLab-group4/.venv/lib/python3.12/site-packages/omnirec/runner/evaluation.py", line 54, in run_evaluation
    mr = m.calculate(predictions, test)
         ^^^^^^^^^^^^^^^^^^^^^^^^^^^^^^
  File "/home/prv_tristan/AutoRecLab-group4/.venv/lib/python3.12/site-packages/omnirec/metrics/ranking.py", line 207, in calculate
    top_k_dict = self.make_topk_dict(predictions)
                 ^^^^^^^^^^^^^^^^^^^^^^^^^^^^^^^^
  File "/home/prv_tristan/AutoRecLab-group4/.venv/lib/python3.12/site-packages/omnirec/metrics/ranking.py", line 24, in make_topk_dict
    for user, group in predictions.sort_values("rank").groupby("user"):
                       ^^^^^^^^^^^^^^^^^^^^^^^^^^^^^^^
  File "/home/prv_tristan/AutoRecLab-group4/.venv/lib/python3.12/site-packages/pandas/core/frame.py", line 7211, in sort_values
    k = self._get_label_or_level_values(by[0], axis=axis)
        ^^^^^^^^^^^^^^^^^^^^^^^^^^^^^^^^^^^^^^^^^^^^^^^^^
  File "/home/prv_tristan/AutoRecLab-group4/.venv/lib/python3.12/site-packages/pandas/core/generic.py", line 1914, in _get_label_or_level_values
    raise KeyError(key)
KeyError: 'rank'
                      CRITICAL Stopping runner...                                                                                                                 coordinator.py:445
[2026/07/09 00:13:00] INFO     Reusing existing env 'LensKit_env' at /home/prv_tristan/.omnirec/data/envs/LensKit_env                                                     envs.py:48
                      INFO     Starting runner...                                                                                                                 coordinator.py:272
[2026/07/09 00:13:03] INFO     Runner started with pid: 16393                                                                                                     coordinator.py:297
                      INFO     Connecting to runner...                                                                                                            coordinator.py:135
                      INFO     Running phase 'Fit' for HetrecLastFM/ItemKNNScorer                                                                                 coordinator.py:402
[2026/07/09 00:13:13] INFO     Running phase 'Predict' for HetrecLastFM/ItemKNNScorer                                                                             coordinator.py:402
[2026/07/09 00:13:23] INFO     Running phase 'Evaluate' for HetrecLastFM/ItemKNNScorer                                                                            coordinator.py:402
Traceback (most recent call last):
  File "/home/prv_tristan/AutoRecLab-group4/.venv/lib/python3.12/site-packages/omnirec/runner/coordinator.py", line 212, in run
    self.run_split(
  File "/home/prv_tristan/AutoRecLab-group4/.venv/lib/python3.12/site-packages/omnirec/runner/coordinator.py", line 365, in run_split
    self._evaluator.run_evaluation(
  File "/home/prv_tristan/AutoRecLab-group4/.venv/lib/python3.12/site-packages/omnirec/runner/evaluation.py", line 54, in run_evaluation
    mr = m.calculate(predictions, test)
         ^^^^^^^^^^^^^^^^^^^^^^^^^^^^^^
  File "/home/prv_tristan/AutoRecLab-group4/.venv/lib/python3.12/site-packages/omnirec/metrics/ranking.py", line 207, in calculate
    top_k_dict = self.make_topk_dict(predictions)
                 ^^^^^^^^^^^^^^^^^^^^^^^^^^^^^^^^
  File "/home/prv_tristan/AutoRecLab-group4/.venv/lib/python3.12/site-packages/omnirec/metrics/ranking.py", line 24, in make_topk_dict
    for user, group in predictions.sort_values("rank").groupby("user"):
                       ^^^^^^^^^^^^^^^^^^^^^^^^^^^^^^^
  File "/home/prv_tristan/AutoRecLab-group4/.venv/lib/python3.12/site-packages/pandas/core/frame.py", line 7211, in sort_values
    k = self._get_label_or_level_values(by[0], axis=axis)
        ^^^^^^^^^^^^^^^^^^^^^^^^^^^^^^^^^^^^^^^^^^^^^^^^^
  File "/home/prv_tristan/AutoRecLab-group4/.venv/lib/python3.12/site-packages/pandas/core/generic.py", line 1914, in _get_label_or_level_values
    raise KeyError(key)
KeyError: 'rank'
                      CRITICAL Stopping runner...                                                                                                                 coordinator.py:445
                      INFO     Reusing existing env 'LensKit_env' at /home/prv_tristan/.omnirec/data/envs/LensKit_env                                                     envs.py:48
                      INFO     Starting runner...                                                                                                                 coordinator.py:272
[2026/07/09 00:13:26] INFO     Runner started with pid: 16509                                                                                                     coordinator.py:297
                      INFO     Connecting to runner...                                                                                                            coordinator.py:135
                      INFO     Running phase 'Fit' for HetrecLastFM/PopScorer                                                                                     coordinator.py:402
[2026/07/09 00:13:36] INFO     Running phase 'Predict' for HetrecLastFM/PopScorer                                                                                 coordinator.py:402
[2026/07/09 00:13:46] INFO     Running phase 'Evaluate' for HetrecLastFM/PopScorer                                                                                coordinator.py:402
Traceback (most recent call last):
  File "/home/prv_tristan/AutoRecLab-group4/.venv/lib/python3.12/site-packages/omnirec/runner/coordinator.py", line 212, in run
    self.run_split(
  File "/home/prv_tristan/AutoRecLab-group4/.venv/lib/python3.12/site-packages/omnirec/runner/coordinator.py", line 365, in run_split
    self._evaluator.run_evaluation(
  File "/home/prv_tristan/AutoRecLab-group4/.venv/lib/python3.12/site-packages/omnirec/runner/evaluation.py", line 54, in run_evaluation
    mr = m.calculate(predictions, test)
         ^^^^^^^^^^^^^^^^^^^^^^^^^^^^^^
  File "/home/prv_tristan/AutoRecLab-group4/.venv/lib/python3.12/site-packages/omnirec/metrics/ranking.py", line 207, in calculate
    top_k_dict = self.make_topk_dict(predictions)
                 ^^^^^^^^^^^^^^^^^^^^^^^^^^^^^^^^
  File "/home/prv_tristan/AutoRecLab-group4/.venv/lib/python3.12/site-packages/omnirec/metrics/ranking.py", line 24, in make_topk_dict
    for user, group in predictions.sort_values("rank").groupby("user"):
                       ^^^^^^^^^^^^^^^^^^^^^^^^^^^^^^^
  File "/home/prv_tristan/AutoRecLab-group4/.venv/lib/python3.12/site-packages/pandas/core/frame.py", line 7211, in sort_values
    k = self._get_label_or_level_values(by[0], axis=axis)
        ^^^^^^^^^^^^^^^^^^^^^^^^^^^^^^^^^^^^^^^^^^^^^^^^^
  File "/home/prv_tristan/AutoRecLab-group4/.venv/lib/python3.12/site-packages/pandas/core/generic.py", line 1914, in _get_label_or_level_values
    raise KeyError(key)
KeyError: 'rank'
[2026/07/09 00:13:47] CRITICAL Stopping runner...                                                                                                                 coordinator.py:445
    ✓ Seed 123 completed successfully

  ────────────────────────────────────────────────────────────
  Seed 256 (iteration 3/5)
  ────────────────────────────────────────────────────────────
    Random state set to: 256
    Loading dataset...
                      INFO     Canonicalized data set already exists, skipping download and canonicalization.                                                 recsys_data_set.py:205
    Preprocessing (MakeImplicit=False, CorePruning=5, UserHoldout split)...
                      INFO     Pruning data set to 5-core.                                                                                                        core_pruning.py:19
                      INFO     Number of interactions before: 71064                                                                                               core_pruning.py:20
                      INFO     Number of interactions after: 52551                                                                                                core_pruning.py:63
    Train interactions: 35971, Val interactions: 5626, Test interactions: 10954
    Running algorithms (ImplicitMFScorer, ItemKNNScorer, PopScorer)...
    This may take a while for large datasets...
[2026/07/09 00:13:48] INFO     Reusing existing env 'LensKit_env' at /home/prv_tristan/.omnirec/data/envs/LensKit_env                                                     envs.py:48
                      INFO     Starting runner...                                                                                                                 coordinator.py:272
[2026/07/09 00:13:51] INFO     Runner started with pid: 16625                                                                                                     coordinator.py:297
                      INFO     Connecting to runner...                                                                                                            coordinator.py:135
                      INFO     Running phase 'Fit' for HetrecLastFM/ImplicitMFScorer                                                                              coordinator.py:402
[2026/07/09 00:14:01] INFO     Running phase 'Predict' for HetrecLastFM/ImplicitMFScorer                                                                          coordinator.py:402
[2026/07/09 00:14:21] INFO     Running phase 'Evaluate' for HetrecLastFM/ImplicitMFScorer                                                                         coordinator.py:402
Traceback (most recent call last):
  File "/home/prv_tristan/AutoRecLab-group4/.venv/lib/python3.12/site-packages/omnirec/runner/coordinator.py", line 212, in run
    self.run_split(
  File "/home/prv_tristan/AutoRecLab-group4/.venv/lib/python3.12/site-packages/omnirec/runner/coordinator.py", line 365, in run_split
    self._evaluator.run_evaluation(
  File "/home/prv_tristan/AutoRecLab-group4/.venv/lib/python3.12/site-packages/omnirec/runner/evaluation.py", line 54, in run_evaluation
    mr = m.calculate(predictions, test)
         ^^^^^^^^^^^^^^^^^^^^^^^^^^^^^^
  File "/home/prv_tristan/AutoRecLab-group4/.venv/lib/python3.12/site-packages/omnirec/metrics/ranking.py", line 207, in calculate
    top_k_dict = self.make_topk_dict(predictions)
                 ^^^^^^^^^^^^^^^^^^^^^^^^^^^^^^^^
  File "/home/prv_tristan/AutoRecLab-group4/.venv/lib/python3.12/site-packages/omnirec/metrics/ranking.py", line 24, in make_topk_dict
    for user, group in predictions.sort_values("rank").groupby("user"):
                       ^^^^^^^^^^^^^^^^^^^^^^^^^^^^^^^
  File "/home/prv_tristan/AutoRecLab-group4/.venv/lib/python3.12/site-packages/pandas/core/frame.py", line 7211, in sort_values
    k = self._get_label_or_level_values(by[0], axis=axis)
        ^^^^^^^^^^^^^^^^^^^^^^^^^^^^^^^^^^^^^^^^^^^^^^^^^
  File "/home/prv_tristan/AutoRecLab-group4/.venv/lib/python3.12/site-packages/pandas/core/generic.py", line 1914, in _get_label_or_level_values
    raise KeyError(key)
KeyError: 'rank'
                      CRITICAL Stopping runner...                                                                                                                 coordinator.py:445
                      INFO     Reusing existing env 'LensKit_env' at /home/prv_tristan/.omnirec/data/envs/LensKit_env                                                     envs.py:48
                      INFO     Starting runner...                                                                                                                 coordinator.py:272
[2026/07/09 00:14:25] INFO     Runner started with pid: 16749                                                                                                     coordinator.py:297
                      INFO     Connecting to runner...                                                                                                            coordinator.py:135
                      INFO     Running phase 'Fit' for HetrecLastFM/ItemKNNScorer                                                                                 coordinator.py:402
[2026/07/09 00:14:35] INFO     Running phase 'Predict' for HetrecLastFM/ItemKNNScorer                                                                             coordinator.py:402
[2026/07/09 00:14:45] INFO     Running phase 'Evaluate' for HetrecLastFM/ItemKNNScorer                                                                            coordinator.py:402
Traceback (most recent call last):
  File "/home/prv_tristan/AutoRecLab-group4/.venv/lib/python3.12/site-packages/omnirec/runner/coordinator.py", line 212, in run
    self.run_split(
  File "/home/prv_tristan/AutoRecLab-group4/.venv/lib/python3.12/site-packages/omnirec/runner/coordinator.py", line 365, in run_split
    self._evaluator.run_evaluation(
  File "/home/prv_tristan/AutoRecLab-group4/.venv/lib/python3.12/site-packages/omnirec/runner/evaluation.py", line 54, in run_evaluation
    mr = m.calculate(predictions, test)
         ^^^^^^^^^^^^^^^^^^^^^^^^^^^^^^
  File "/home/prv_tristan/AutoRecLab-group4/.venv/lib/python3.12/site-packages/omnirec/metrics/ranking.py", line 207, in calculate
    top_k_dict = self.make_topk_dict(predictions)
                 ^^^^^^^^^^^^^^^^^^^^^^^^^^^^^^^^
  File "/home/prv_tristan/AutoRecLab-group4/.venv/lib/python3.12/site-packages/omnirec/metrics/ranking.py", line 24, in make_topk_dict
    for user, group in predictions.sort_values("rank").groupby("user"):
                       ^^^^^^^^^^^^^^^^^^^^^^^^^^^^^^^
  File "/home/prv_tristan/AutoRecLab-group4/.venv/lib/python3.12/site-packages/pandas/core/frame.py", line 7211, in sort_values
    k = self._get_label_or_level_values(by[0], axis=axis)
        ^^^^^^^^^^^^^^^^^^^^^^^^^^^^^^^^^^^^^^^^^^^^^^^^^
  File "/home/prv_tristan/AutoRecLab-group4/.venv/lib/python3.12/site-packages/pandas/core/generic.py", line 1914, in _get_label_or_level_values
    raise KeyError(key)
KeyError: 'rank'
                      CRITICAL Stopping runner...                                                                                                                 coordinator.py:445
                      INFO     Reusing existing env 'LensKit_env' at /home/prv_tristan/.omnirec/data/envs/LensKit_env                                                     envs.py:48
                      INFO     Starting runner...                                                                                                                 coordinator.py:272
[2026/07/09 00:14:48] INFO     Runner started with pid: 16865                                                                                                     coordinator.py:297
                      INFO     Connecting to runner...                                                                                                            coordinator.py:135
                      INFO     Running phase 'Fit' for HetrecLastFM/PopScorer                                                                                     coordinator.py:402
[2026/07/09 00:14:58] INFO     Running phase 'Predict' for HetrecLastFM/PopScorer                                                                                 coordinator.py:402
[2026/07/09 00:15:08] INFO     Running phase 'Evaluate' for HetrecLastFM/PopScorer                                                                                coordinator.py:402
Traceback (most recent call last):
  File "/home/prv_tristan/AutoRecLab-group4/.venv/lib/python3.12/site-packages/omnirec/runner/coordinator.py", line 212, in run
    self.run_split(
  File "/home/prv_tristan/AutoRecLab-group4/.venv/lib/python3.12/site-packages/omnirec/runner/coordinator.py", line 365, in run_split
    self._evaluator.run_evaluation(
  File "/home/prv_tristan/AutoRecLab-group4/.venv/lib/python3.12/site-packages/omnirec/runner/evaluation.py", line 54, in run_evaluation
    mr = m.calculate(predictions, test)
         ^^^^^^^^^^^^^^^^^^^^^^^^^^^^^^
  File "/home/prv_tristan/AutoRecLab-group4/.venv/lib/python3.12/site-packages/omnirec/metrics/ranking.py", line 207, in calculate
    top_k_dict = self.make_topk_dict(predictions)
                 ^^^^^^^^^^^^^^^^^^^^^^^^^^^^^^^^
  File "/home/prv_tristan/AutoRecLab-group4/.venv/lib/python3.12/site-packages/omnirec/metrics/ranking.py", line 24, in make_topk_dict
    for user, group in predictions.sort_values("rank").groupby("user"):
                       ^^^^^^^^^^^^^^^^^^^^^^^^^^^^^^^
  File "/home/prv_tristan/AutoRecLab-group4/.venv/lib/python3.12/site-packages/pandas/core/frame.py", line 7211, in sort_values
    k = self._get_label_or_level_values(by[0], axis=axis)
        ^^^^^^^^^^^^^^^^^^^^^^^^^^^^^^^^^^^^^^^^^^^^^^^^^
  File "/home/prv_tristan/AutoRecLab-group4/.venv/lib/python3.12/site-packages/pandas/core/generic.py", line 1914, in _get_label_or_level_values
    raise KeyError(key)
KeyError: 'rank'
                      CRITICAL Stopping runner...                                                                                                                 coordinator.py:445
    ✓ Seed 256 completed successfully

  ────────────────────────────────────────────────────────────
  Seed 789 (iteration 4/5)
  ────────────────────────────────────────────────────────────
    Random state set to: 789
    Loading dataset...
                      INFO     Canonicalized data set already exists, skipping download and canonicalization.                                                 recsys_data_set.py:205
    Preprocessing (MakeImplicit=False, CorePruning=5, UserHoldout split)...
                      INFO     Pruning data set to 5-core.                                                                                                        core_pruning.py:19
                      INFO     Number of interactions before: 71064                                                                                               core_pruning.py:20
                      INFO     Number of interactions after: 52551                                                                                                core_pruning.py:63
    Train interactions: 35971, Val interactions: 5626, Test interactions: 10954
    Running algorithms (ImplicitMFScorer, ItemKNNScorer, PopScorer)...
    This may take a while for large datasets...
[2026/07/09 00:15:10] INFO     Reusing existing env 'LensKit_env' at /home/prv_tristan/.omnirec/data/envs/LensKit_env                                                     envs.py:48
                      INFO     Starting runner...                                                                                                                 coordinator.py:272
[2026/07/09 00:15:13] INFO     Runner started with pid: 16984                                                                                                     coordinator.py:297
                      INFO     Connecting to runner...                                                                                                            coordinator.py:135
                      INFO     Running phase 'Fit' for HetrecLastFM/ImplicitMFScorer                                                                              coordinator.py:402
[2026/07/09 00:15:23] INFO     Running phase 'Predict' for HetrecLastFM/ImplicitMFScorer                                                                          coordinator.py:402
[2026/07/09 00:15:43] INFO     Running phase 'Evaluate' for HetrecLastFM/ImplicitMFScorer                                                                         coordinator.py:402
Traceback (most recent call last):
  File "/home/prv_tristan/AutoRecLab-group4/.venv/lib/python3.12/site-packages/omnirec/runner/coordinator.py", line 212, in run
    self.run_split(
  File "/home/prv_tristan/AutoRecLab-group4/.venv/lib/python3.12/site-packages/omnirec/runner/coordinator.py", line 365, in run_split
    self._evaluator.run_evaluation(
  File "/home/prv_tristan/AutoRecLab-group4/.venv/lib/python3.12/site-packages/omnirec/runner/evaluation.py", line 54, in run_evaluation
    mr = m.calculate(predictions, test)
         ^^^^^^^^^^^^^^^^^^^^^^^^^^^^^^
  File "/home/prv_tristan/AutoRecLab-group4/.venv/lib/python3.12/site-packages/omnirec/metrics/ranking.py", line 207, in calculate
    top_k_dict = self.make_topk_dict(predictions)
                 ^^^^^^^^^^^^^^^^^^^^^^^^^^^^^^^^
  File "/home/prv_tristan/AutoRecLab-group4/.venv/lib/python3.12/site-packages/omnirec/metrics/ranking.py", line 24, in make_topk_dict
    for user, group in predictions.sort_values("rank").groupby("user"):
                       ^^^^^^^^^^^^^^^^^^^^^^^^^^^^^^^
  File "/home/prv_tristan/AutoRecLab-group4/.venv/lib/python3.12/site-packages/pandas/core/frame.py", line 7211, in sort_values
    k = self._get_label_or_level_values(by[0], axis=axis)
        ^^^^^^^^^^^^^^^^^^^^^^^^^^^^^^^^^^^^^^^^^^^^^^^^^
  File "/home/prv_tristan/AutoRecLab-group4/.venv/lib/python3.12/site-packages/pandas/core/generic.py", line 1914, in _get_label_or_level_values
    raise KeyError(key)
KeyError: 'rank'
                      CRITICAL Stopping runner...                                                                                                                 coordinator.py:445
                      INFO     Reusing existing env 'LensKit_env' at /home/prv_tristan/.omnirec/data/envs/LensKit_env                                                     envs.py:48
                      INFO     Starting runner...                                                                                                                 coordinator.py:272
[2026/07/09 00:15:46] INFO     Runner started with pid: 17104                                                                                                     coordinator.py:297
                      INFO     Connecting to runner...                                                                                                            coordinator.py:135
                      INFO     Running phase 'Fit' for HetrecLastFM/ItemKNNScorer                                                                                 coordinator.py:402
[2026/07/09 00:15:56] INFO     Running phase 'Predict' for HetrecLastFM/ItemKNNScorer                                                                             coordinator.py:402
[2026/07/09 00:16:06] INFO     Running phase 'Evaluate' for HetrecLastFM/ItemKNNScorer                                                                            coordinator.py:402
Traceback (most recent call last):
  File "/home/prv_tristan/AutoRecLab-group4/.venv/lib/python3.12/site-packages/omnirec/runner/coordinator.py", line 212, in run
    self.run_split(
  File "/home/prv_tristan/AutoRecLab-group4/.venv/lib/python3.12/site-packages/omnirec/runner/coordinator.py", line 365, in run_split
    self._evaluator.run_evaluation(
  File "/home/prv_tristan/AutoRecLab-group4/.venv/lib/python3.12/site-packages/omnirec/runner/evaluation.py", line 54, in run_evaluation
    mr = m.calculate(predictions, test)
         ^^^^^^^^^^^^^^^^^^^^^^^^^^^^^^
  File "/home/prv_tristan/AutoRecLab-group4/.venv/lib/python3.12/site-packages/omnirec/metrics/ranking.py", line 207, in calculate
    top_k_dict = self.make_topk_dict(predictions)
                 ^^^^^^^^^^^^^^^^^^^^^^^^^^^^^^^^
  File "/home/prv_tristan/AutoRecLab-group4/.venv/lib/python3.12/site-packages/omnirec/metrics/ranking.py", line 24, in make_topk_dict
    for user, group in predictions.sort_values("rank").groupby("user"):
                       ^^^^^^^^^^^^^^^^^^^^^^^^^^^^^^^
  File "/home/prv_tristan/AutoRecLab-group4/.venv/lib/python3.12/site-packages/pandas/core/frame.py", line 7211, in sort_values
    k = self._get_label_or_level_values(by[0], axis=axis)
        ^^^^^^^^^^^^^^^^^^^^^^^^^^^^^^^^^^^^^^^^^^^^^^^^^
  File "/home/prv_tristan/AutoRecLab-group4/.venv/lib/python3.12/site-packages/pandas/core/generic.py", line 1914, in _get_label_or_level_values
    raise KeyError(key)
KeyError: 'rank'
                      CRITICAL Stopping runner...                                                                                                                 coordinator.py:445
[2026/07/09 00:16:07] INFO     Reusing existing env 'LensKit_env' at /home/prv_tristan/.omnirec/data/envs/LensKit_env                                                     envs.py:48
                      INFO     Starting runner...                                                                                                                 coordinator.py:272
[2026/07/09 00:16:10] INFO     Runner started with pid: 17223                                                                                                     coordinator.py:297
                      INFO     Connecting to runner...                                                                                                            coordinator.py:135
                      INFO     Running phase 'Fit' for HetrecLastFM/PopScorer                                                                                     coordinator.py:402
[2026/07/09 00:16:20] INFO     Running phase 'Predict' for HetrecLastFM/PopScorer                                                                                 coordinator.py:402
[2026/07/09 00:16:30] INFO     Running phase 'Evaluate' for HetrecLastFM/PopScorer                                                                                coordinator.py:402
Traceback (most recent call last):
  File "/home/prv_tristan/AutoRecLab-group4/.venv/lib/python3.12/site-packages/omnirec/runner/coordinator.py", line 212, in run
    self.run_split(
  File "/home/prv_tristan/AutoRecLab-group4/.venv/lib/python3.12/site-packages/omnirec/runner/coordinator.py", line 365, in run_split
    self._evaluator.run_evaluation(
  File "/home/prv_tristan/AutoRecLab-group4/.venv/lib/python3.12/site-packages/omnirec/runner/evaluation.py", line 54, in run_evaluation
    mr = m.calculate(predictions, test)
         ^^^^^^^^^^^^^^^^^^^^^^^^^^^^^^
  File "/home/prv_tristan/AutoRecLab-group4/.venv/lib/python3.12/site-packages/omnirec/metrics/ranking.py", line 207, in calculate
    top_k_dict = self.make_topk_dict(predictions)
                 ^^^^^^^^^^^^^^^^^^^^^^^^^^^^^^^^
  File "/home/prv_tristan/AutoRecLab-group4/.venv/lib/python3.12/site-packages/omnirec/metrics/ranking.py", line 24, in make_topk_dict
    for user, group in predictions.sort_values("rank").groupby("user"):
                       ^^^^^^^^^^^^^^^^^^^^^^^^^^^^^^^
  File "/home/prv_tristan/AutoRecLab-group4/.venv/lib/python3.12/site-packages/pandas/core/frame.py", line 7211, in sort_values
    k = self._get_label_or_level_values(by[0], axis=axis)
        ^^^^^^^^^^^^^^^^^^^^^^^^^^^^^^^^^^^^^^^^^^^^^^^^^
  File "/home/prv_tristan/AutoRecLab-group4/.venv/lib/python3.12/site-packages/pandas/core/generic.py", line 1914, in _get_label_or_level_values
    raise KeyError(key)
KeyError: 'rank'
                      CRITICAL Stopping runner...                                                                                                                 coordinator.py:445
    ✓ Seed 789 completed successfully

  ────────────────────────────────────────────────────────────
  Seed 1337 (iteration 5/5)
  ────────────────────────────────────────────────────────────
    Random state set to: 1337
    Loading dataset...
                      INFO     Canonicalized data set already exists, skipping download and canonicalization.                                                 recsys_data_set.py:205
    Preprocessing (MakeImplicit=False, CorePruning=5, UserHoldout split)...
                      INFO     Pruning data set to 5-core.                                                                                                        core_pruning.py:19
                      INFO     Number of interactions before: 71064                                                                                               core_pruning.py:20
                      INFO     Number of interactions after: 52551                                                                                                core_pruning.py:63
    Train interactions: 35971, Val interactions: 5626, Test interactions: 10954
    Running algorithms (ImplicitMFScorer, ItemKNNScorer, PopScorer)...
    This may take a while for large datasets...
[2026/07/09 00:16:31] INFO     Reusing existing env 'LensKit_env' at /home/prv_tristan/.omnirec/data/envs/LensKit_env                                                     envs.py:48
                      INFO     Starting runner...                                                                                                                 coordinator.py:272
[2026/07/09 00:16:35] INFO     Runner started with pid: 17339                                                                                                     coordinator.py:297
                      INFO     Connecting to runner...                                                                                                            coordinator.py:135
                      INFO     Running phase 'Fit' for HetrecLastFM/ImplicitMFScorer                                                                              coordinator.py:402
[2026/07/09 00:16:45] INFO     Running phase 'Predict' for HetrecLastFM/ImplicitMFScorer                                                                          coordinator.py:402
[2026/07/09 00:17:05] INFO     Running phase 'Evaluate' for HetrecLastFM/ImplicitMFScorer                                                                         coordinator.py:402
Traceback (most recent call last):
  File "/home/prv_tristan/AutoRecLab-group4/.venv/lib/python3.12/site-packages/omnirec/runner/coordinator.py", line 212, in run
    self.run_split(
  File "/home/prv_tristan/AutoRecLab-group4/.venv/lib/python3.12/site-packages/omnirec/runner/coordinator.py", line 365, in run_split
    self._evaluator.run_evaluation(
  File "/home/prv_tristan/AutoRecLab-group4/.venv/lib/python3.12/site-packages/omnirec/runner/evaluation.py", line 54, in run_evaluation
    mr = m.calculate(predictions, test)
         ^^^^^^^^^^^^^^^^^^^^^^^^^^^^^^
  File "/home/prv_tristan/AutoRecLab-group4/.venv/lib/python3.12/site-packages/omnirec/metrics/ranking.py", line 207, in calculate
    top_k_dict = self.make_topk_dict(predictions)
                 ^^^^^^^^^^^^^^^^^^^^^^^^^^^^^^^^
  File "/home/prv_tristan/AutoRecLab-group4/.venv/lib/python3.12/site-packages/omnirec/metrics/ranking.py", line 24, in make_topk_dict
    for user, group in predictions.sort_values("rank").groupby("user"):
                       ^^^^^^^^^^^^^^^^^^^^^^^^^^^^^^^
  File "/home/prv_tristan/AutoRecLab-group4/.venv/lib/python3.12/site-packages/pandas/core/frame.py", line 7211, in sort_values
    k = self._get_label_or_level_values(by[0], axis=axis)
        ^^^^^^^^^^^^^^^^^^^^^^^^^^^^^^^^^^^^^^^^^^^^^^^^^
  File "/home/prv_tristan/AutoRecLab-group4/.venv/lib/python3.12/site-packages/pandas/core/generic.py", line 1914, in _get_label_or_level_values
    raise KeyError(key)
KeyError: 'rank'
                      CRITICAL Stopping runner...                                                                                                                 coordinator.py:445
                      INFO     Reusing existing env 'LensKit_env' at /home/prv_tristan/.omnirec/data/envs/LensKit_env                                                     envs.py:48
                      INFO     Starting runner...                                                                                                                 coordinator.py:272
[2026/07/09 00:17:08] INFO     Runner started with pid: 17466                                                                                                     coordinator.py:297
                      INFO     Connecting to runner...                                                                                                            coordinator.py:135
                      INFO     Running phase 'Fit' for HetrecLastFM/ItemKNNScorer                                                                                 coordinator.py:402
[2026/07/09 00:17:18] INFO     Running phase 'Predict' for HetrecLastFM/ItemKNNScorer                                                                             coordinator.py:402
[2026/07/09 00:17:28] INFO     Running phase 'Evaluate' for HetrecLastFM/ItemKNNScorer                                                                            coordinator.py:402
Traceback (most recent call last):
  File "/home/prv_tristan/AutoRecLab-group4/.venv/lib/python3.12/site-packages/omnirec/runner/coordinator.py", line 212, in run
    self.run_split(
  File "/home/prv_tristan/AutoRecLab-group4/.venv/lib/python3.12/site-packages/omnirec/runner/coordinator.py", line 365, in run_split
    self._evaluator.run_evaluation(
  File "/home/prv_tristan/AutoRecLab-group4/.venv/lib/python3.12/site-packages/omnirec/runner/evaluation.py", line 54, in run_evaluation
    mr = m.calculate(predictions, test)
         ^^^^^^^^^^^^^^^^^^^^^^^^^^^^^^
  File "/home/prv_tristan/AutoRecLab-group4/.venv/lib/python3.12/site-packages/omnirec/metrics/ranking.py", line 207, in calculate
    top_k_dict = self.make_topk_dict(predictions)
                 ^^^^^^^^^^^^^^^^^^^^^^^^^^^^^^^^
  File "/home/prv_tristan/AutoRecLab-group4/.venv/lib/python3.12/site-packages/omnirec/metrics/ranking.py", line 24, in make_topk_dict
    for user, group in predictions.sort_values("rank").groupby("user"):
                       ^^^^^^^^^^^^^^^^^^^^^^^^^^^^^^^
  File "/home/prv_tristan/AutoRecLab-group4/.venv/lib/python3.12/site-packages/pandas/core/frame.py", line 7211, in sort_values
    k = self._get_label_or_level_values(by[0], axis=axis)
        ^^^^^^^^^^^^^^^^^^^^^^^^^^^^^^^^^^^^^^^^^^^^^^^^^
  File "/home/prv_tristan/AutoRecLab-group4/.venv/lib/python3.12/site-packages/pandas/core/generic.py", line 1914, in _get_label_or_level_values
    raise KeyError(key)
KeyError: 'rank'
                      CRITICAL Stopping runner...                                                                                                                 coordinator.py:445
                      INFO     Reusing existing env 'LensKit_env' at /home/prv_tristan/.omnirec/data/envs/LensKit_env                                                     envs.py:48
                      INFO     Starting runner...                                                                                                                 coordinator.py:272
[2026/07/09 00:17:32] INFO     Runner started with pid: 17582                                                                                                     coordinator.py:297
                      INFO     Connecting to runner...                                                                                                            coordinator.py:135
[2026/07/09 00:17:33] INFO     Running phase 'Fit' for HetrecLastFM/PopScorer                                                                                     coordinator.py:402
[2026/07/09 00:17:43] INFO     Running phase 'Predict' for HetrecLastFM/PopScorer                                                                                 coordinator.py:402
[2026/07/09 00:17:53] INFO     Running phase 'Evaluate' for HetrecLastFM/PopScorer                                                                                coordinator.py:402
Traceback (most recent call last):
  File "/home/prv_tristan/AutoRecLab-group4/.venv/lib/python3.12/site-packages/omnirec/runner/coordinator.py", line 212, in run
    self.run_split(
  File "/home/prv_tristan/AutoRecLab-group4/.venv/lib/python3.12/site-packages/omnirec/runner/coordinator.py", line 365, in run_split
    self._evaluator.run_evaluation(
  File "/home/prv_tristan/AutoRecLab-group4/.venv/lib/python3.12/site-packages/omnirec/runner/evaluation.py", line 54, in run_evaluation
    mr = m.calculate(predictions, test)
         ^^^^^^^^^^^^^^^^^^^^^^^^^^^^^^
  File "/home/prv_tristan/AutoRecLab-group4/.venv/lib/python3.12/site-packages/omnirec/metrics/ranking.py", line 207, in calculate
    top_k_dict = self.make_topk_dict(predictions)
                 ^^^^^^^^^^^^^^^^^^^^^^^^^^^^^^^^
  File "/home/prv_tristan/AutoRecLab-group4/.venv/lib/python3.12/site-packages/omnirec/metrics/ranking.py", line 24, in make_topk_dict
    for user, group in predictions.sort_values("rank").groupby("user"):
                       ^^^^^^^^^^^^^^^^^^^^^^^^^^^^^^^
  File "/home/prv_tristan/AutoRecLab-group4/.venv/lib/python3.12/site-packages/pandas/core/frame.py", line 7211, in sort_values
    k = self._get_label_or_level_values(by[0], axis=axis)
        ^^^^^^^^^^^^^^^^^^^^^^^^^^^^^^^^^^^^^^^^^^^^^^^^^
  File "/home/prv_tristan/AutoRecLab-group4/.venv/lib/python3.12/site-packages/pandas/core/generic.py", line 1914, in _get_label_or_level_values
    raise KeyError(key)
KeyError: 'rank'
                      CRITICAL Stopping runner...                                                                                                                 coordinator.py:445
    ✓ Seed 1337 completed successfully

  Dataset HetrecLastFM: completed 5/5 seeds

######################################################################
#  DATASET: MovieLens100K (MovieLens 100K (100K explicit ratings, converted to implicit))
######################################################################

  ────────────────────────────────────────────────────────────
  Seed 42 (iteration 1/5)
  ────────────────────────────────────────────────────────────
    Random state set to: 42
    Loading dataset...
                      INFO     Canonicalized data set already exists, skipping download and canonicalization.                                                 recsys_data_set.py:205
    Preprocessing (MakeImplicit=True, CorePruning=5, UserHoldout split)...
                      INFO     Making data set implicit with threshold 3.                                                                                  feedback_conversion.py:21
                      INFO     Minimum rating: 1                                                                                                           feedback_conversion.py:24
                      INFO     Maximum rating: 5                                                                                                           feedback_conversion.py:25
                      INFO     Number of interactions before: 100000                                                                                       feedback_conversion.py:26
                      INFO     Number of interactions after: 82520                                                                                         feedback_conversion.py:44
                      INFO     Pruning data set to 5-core.                                                                                                        core_pruning.py:19
                      INFO     Number of interactions before: 82520                                                                                               core_pruning.py:20
                      INFO     Number of interactions after: 81697                                                                                                core_pruning.py:63
    Train interactions: 56498, Val interactions: 8492, Test interactions: 16707
    Running algorithms (ImplicitMFScorer, ItemKNNScorer, PopScorer)...
    This may take a while for large datasets...
[2026/07/09 00:17:54] INFO     Reusing existing env 'LensKit_env' at /home/prv_tristan/.omnirec/data/envs/LensKit_env                                                     envs.py:48
                      INFO     Starting runner...                                                                                                                 coordinator.py:272
[2026/07/09 00:17:57] INFO     Runner started with pid: 17698                                                                                                     coordinator.py:297
                      INFO     Connecting to runner...                                                                                                            coordinator.py:135
                      INFO     Running phase 'Fit' for MovieLens100K/ImplicitMFScorer                                                                             coordinator.py:402
[2026/07/09 00:18:07] INFO     Running phase 'Predict' for MovieLens100K/ImplicitMFScorer                                                                         coordinator.py:402
[2026/07/09 00:18:27] INFO     Running phase 'Evaluate' for MovieLens100K/ImplicitMFScorer                                                                        coordinator.py:402
[2026/07/09 00:18:31] INFO     MovieLens100K/ImplicitMFScorer done!                                                                                               coordinator.py:373
                      INFO     Stopping runner...                                                                                                                 coordinator.py:445
                      INFO     Reusing existing env 'LensKit_env' at /home/prv_tristan/.omnirec/data/envs/LensKit_env                                                     envs.py:48
                      INFO     Starting runner...                                                                                                                 coordinator.py:272
[2026/07/09 00:18:34] INFO     Runner started with pid: 17819                                                                                                     coordinator.py:297
                      INFO     Connecting to runner...                                                                                                            coordinator.py:135
[2026/07/09 00:18:35] INFO     Running phase 'Fit' for MovieLens100K/ItemKNNScorer                                                                                coordinator.py:402
[2026/07/09 00:18:45] INFO     Running phase 'Predict' for MovieLens100K/ItemKNNScorer                                                                            coordinator.py:402
[2026/07/09 00:18:55] INFO     Running phase 'Evaluate' for MovieLens100K/ItemKNNScorer                                                                           coordinator.py:402
[2026/07/09 00:18:58] INFO     MovieLens100K/ItemKNNScorer done!                                                                                                  coordinator.py:373
                      INFO     Stopping runner...                                                                                                                 coordinator.py:445
                      INFO     Reusing existing env 'LensKit_env' at /home/prv_tristan/.omnirec/data/envs/LensKit_env                                                     envs.py:48
                      INFO     Starting runner...                                                                                                                 coordinator.py:272
[2026/07/09 00:19:02] INFO     Runner started with pid: 17942                                                                                                     coordinator.py:297
                      INFO     Connecting to runner...                                                                                                            coordinator.py:135
                      INFO     Running phase 'Fit' for MovieLens100K/PopScorer                                                                                    coordinator.py:402
[2026/07/09 00:19:12] INFO     Running phase 'Predict' for MovieLens100K/PopScorer                                                                                coordinator.py:402
[2026/07/09 00:19:22] INFO     Running phase 'Evaluate' for MovieLens100K/PopScorer                                                                               coordinator.py:402
[2026/07/09 00:19:25] INFO     MovieLens100K/PopScorer done!                                                                                                      coordinator.py:373
                      INFO     Stopping runner...                                                                                                                 coordinator.py:445
                                                                 MovieLens100K-c0b4b14e: Evaluation Results                                                                 
┏━━━━━━━━━━━━━━━━━━━━━━━━━━━━━━━━━━━━━━┳━━━━━━━━━━━━━━━━━━━━━┳━━━━━━━━━━━━━━━━━━━━━┳━━━━━━━━━━━━━━━━━━━━━┳━━━━━━━━━━━━━━━━━━━━━┳━━━━━━━━━━━━━━━━━━━━━┳━━━━━━━━━━━━━━━━━━━━━┓
┃ Algorithm                            ┃ NDCG@1              ┃ NDCG@10             ┃ NDCG@5              ┃ Precision@1         ┃ Precision@10        ┃ Precision@5         ┃
┡━━━━━━━━━━━━━━━━━━━━━━━━━━━━━━━━━━━━━━╇━━━━━━━━━━━━━━━━━━━━━╇━━━━━━━━━━━━━━━━━━━━━╇━━━━━━━━━━━━━━━━━━━━━╇━━━━━━━━━━━━━━━━━━━━━╇━━━━━━━━━━━━━━━━━━━━━╇━━━━━━━━━━━━━━━━━━━━━┩
│ LensKit.ImplicitMFScorer-db8d01ec-42 │ 0.19618239660657477 │ 0.17543239338299602 │ 0.1863139932346322  │ 0.19618239660657477 │ 0.16914103923647933 │ 0.18324496288441147 │
│ LensKit.ItemKNNScorer-5f816cf5-42    │ 0.34146341463414637 │ 0.23868596825634059 │ 0.27230825313479706 │ 0.34146341463414637 │ 0.21431601272534465 │ 0.2528101802757158  │
│ LensKit.PopScorer-dc44ee64-42        │ 0.2545068928950159  │ 0.15941596102520378 │ 0.17759637132212613 │ 0.2545068928950159  │ 0.14273594909862142 │ 0.15970307529162248 │
└──────────────────────────────────────┴─────────────────────┴─────────────────────┴─────────────────────┴─────────────────────┴─────────────────────┴─────────────────────┘
    Results (MovieLens100K-c0b4b14e):
      LensKit.ImplicitMFScorer                 | Precision@1  = 0.196182
      LensKit.ImplicitMFScorer                 | Precision@5  = 0.183245
      LensKit.ImplicitMFScorer                 | Precision@10 = 0.169141
      LensKit.ImplicitMFScorer                 | NDCG@1       = 0.196182
      LensKit.ImplicitMFScorer                 | NDCG@5       = 0.186314
      LensKit.ImplicitMFScorer                 | NDCG@10      = 0.175432
      LensKit.ItemKNNScorer                    | Precision@1  = 0.341463
      LensKit.ItemKNNScorer                    | Precision@5  = 0.252810
      LensKit.ItemKNNScorer                    | Precision@10 = 0.214316
      LensKit.ItemKNNScorer                    | NDCG@1       = 0.341463
      LensKit.ItemKNNScorer                    | NDCG@5       = 0.272308
      LensKit.ItemKNNScorer                    | NDCG@10      = 0.238686
      LensKit.PopScorer                        | Precision@1  = 0.254507
      LensKit.PopScorer                        | Precision@5  = 0.159703
      LensKit.PopScorer                        | Precision@10 = 0.142736
      LensKit.PopScorer                        | NDCG@1       = 0.254507
      LensKit.PopScorer                        | NDCG@5       = 0.177596
      LensKit.PopScorer                        | NDCG@10      = 0.159416
    ✓ Seed 42 completed successfully

  ────────────────────────────────────────────────────────────
  Seed 123 (iteration 2/5)
  ────────────────────────────────────────────────────────────
    Random state set to: 123
    Loading dataset...
[2026/07/09 00:19:26] INFO     Canonicalized data set already exists, skipping download and canonicalization.                                                 recsys_data_set.py:205
    Preprocessing (MakeImplicit=True, CorePruning=5, UserHoldout split)...
                      INFO     Making data set implicit with threshold 3.                                                                                  feedback_conversion.py:21
                      INFO     Minimum rating: 1                                                                                                           feedback_conversion.py:24
                      INFO     Maximum rating: 5                                                                                                           feedback_conversion.py:25
                      INFO     Number of interactions before: 100000                                                                                       feedback_conversion.py:26
                      INFO     Number of interactions after: 82520                                                                                         feedback_conversion.py:44
                      INFO     Pruning data set to 5-core.                                                                                                        core_pruning.py:19
                      INFO     Number of interactions before: 82520                                                                                               core_pruning.py:20
                      INFO     Number of interactions after: 81697                                                                                                core_pruning.py:63
    Train interactions: 56498, Val interactions: 8492, Test interactions: 16707
    Running algorithms (ImplicitMFScorer, ItemKNNScorer, PopScorer)...
    This may take a while for large datasets...
[2026/07/09 00:19:27] INFO     Reusing existing env 'LensKit_env' at /home/prv_tristan/.omnirec/data/envs/LensKit_env                                                     envs.py:48
                      INFO     Starting runner...                                                                                                                 coordinator.py:272
[2026/07/09 00:19:30] INFO     Runner started with pid: 18053                                                                                                     coordinator.py:297
                      INFO     Connecting to runner...                                                                                                            coordinator.py:135
                      INFO     Running phase 'Fit' for MovieLens100K/ImplicitMFScorer                                                                             coordinator.py:402
[2026/07/09 00:19:40] INFO     Running phase 'Predict' for MovieLens100K/ImplicitMFScorer                                                                         coordinator.py:402
[2026/07/09 00:20:00] INFO     Running phase 'Evaluate' for MovieLens100K/ImplicitMFScorer                                                                        coordinator.py:402
[2026/07/09 00:20:04] INFO     MovieLens100K/ImplicitMFScorer done!                                                                                               coordinator.py:373
                      INFO     Stopping runner...                                                                                                                 coordinator.py:445
                      INFO     Reusing existing env 'LensKit_env' at /home/prv_tristan/.omnirec/data/envs/LensKit_env                                                     envs.py:48
                      INFO     Starting runner...                                                                                                                 coordinator.py:272
[2026/07/09 00:20:07] INFO     Runner started with pid: 18202                                                                                                     coordinator.py:297
                      INFO     Connecting to runner...                                                                                                            coordinator.py:135
                      INFO     Running phase 'Fit' for MovieLens100K/ItemKNNScorer                                                                                coordinator.py:402
[2026/07/09 00:20:17] INFO     Running phase 'Predict' for MovieLens100K/ItemKNNScorer                                                                            coordinator.py:402
[2026/07/09 00:20:27] INFO     Running phase 'Evaluate' for MovieLens100K/ItemKNNScorer                                                                           coordinator.py:402
[2026/07/09 00:20:31] INFO     MovieLens100K/ItemKNNScorer done!                                                                                                  coordinator.py:373
                      INFO     Stopping runner...                                                                                                                 coordinator.py:445
                      INFO     Reusing existing env 'LensKit_env' at /home/prv_tristan/.omnirec/data/envs/LensKit_env                                                     envs.py:48
                      INFO     Starting runner...                                                                                                                 coordinator.py:272
[2026/07/09 00:20:34] INFO     Runner started with pid: 18323                                                                                                     coordinator.py:297
                      INFO     Connecting to runner...                                                                                                            coordinator.py:135
                      INFO     Running phase 'Fit' for MovieLens100K/PopScorer                                                                                    coordinator.py:402
[2026/07/09 00:20:44] INFO     Running phase 'Predict' for MovieLens100K/PopScorer                                                                                coordinator.py:402
[2026/07/09 00:20:54] INFO     Running phase 'Evaluate' for MovieLens100K/PopScorer                                                                               coordinator.py:402
[2026/07/09 00:20:58] INFO     MovieLens100K/PopScorer done!                                                                                                      coordinator.py:373
                      INFO     Stopping runner...                                                                                                                 coordinator.py:445
                                                                 MovieLens100K-c0b4b14e: Evaluation Results                                                                  
┏━━━━━━━━━━━━━━━━━━━━━━━━━━━━━━━━━━━━━━━┳━━━━━━━━━━━━━━━━━━━━━┳━━━━━━━━━━━━━━━━━━━━━┳━━━━━━━━━━━━━━━━━━━━━┳━━━━━━━━━━━━━━━━━━━━━┳━━━━━━━━━━━━━━━━━━━━━┳━━━━━━━━━━━━━━━━━━━━━┓
┃ Algorithm                             ┃ NDCG@1              ┃ NDCG@10             ┃ NDCG@5              ┃ Precision@1         ┃ Precision@10        ┃ Precision@5         ┃
┡━━━━━━━━━━━━━━━━━━━━━━━━━━━━━━━━━━━━━━━╇━━━━━━━━━━━━━━━━━━━━━╇━━━━━━━━━━━━━━━━━━━━━╇━━━━━━━━━━━━━━━━━━━━━╇━━━━━━━━━━━━━━━━━━━━━╇━━━━━━━━━━━━━━━━━━━━━╇━━━━━━━━━━━━━━━━━━━━━┩
│ LensKit.ImplicitMFScorer-db8d01ec-123 │ 0.20996818663838812 │ 0.17906659753819534 │ 0.18924683626494207 │ 0.20996818663838812 │ 0.17158006362672323 │ 0.18282078472958643 │
│ LensKit.ImplicitMFScorer-db8d01ec-42  │ 0.19618239660657477 │ 0.17543239338299602 │ 0.1863139932346322  │ 0.19618239660657477 │ 0.16914103923647933 │ 0.18324496288441147 │
│ LensKit.ItemKNNScorer-5f816cf5-123    │ 0.3361611876988335  │ 0.23545752252531646 │ 0.268431293078114   │ 0.3361611876988335  │ 0.21208907741251326 │ 0.2509013785790032  │
│ LensKit.ItemKNNScorer-5f816cf5-42     │ 0.34146341463414637 │ 0.23868596825634059 │ 0.27230825313479706 │ 0.34146341463414637 │ 0.21431601272534465 │ 0.2528101802757158  │
│ LensKit.PopScorer-dc44ee64-123        │ 0.23647932131495228 │ 0.15734720767148072 │ 0.17157565734661812 │ 0.23647932131495228 │ 0.1440084835630965  │ 0.15715800636267235 │
│ LensKit.PopScorer-dc44ee64-42         │ 0.2545068928950159  │ 0.15941596102520378 │ 0.17759637132212613 │ 0.2545068928950159  │ 0.14273594909862142 │ 0.15970307529162248 │
└───────────────────────────────────────┴─────────────────────┴─────────────────────┴─────────────────────┴─────────────────────┴─────────────────────┴─────────────────────┘
    Results (MovieLens100K-c0b4b14e):
      LensKit.ImplicitMFScorer                 | Precision@1  = 0.196182
      LensKit.ImplicitMFScorer                 | Precision@5  = 0.183245
      LensKit.ImplicitMFScorer                 | Precision@10 = 0.169141
      LensKit.ImplicitMFScorer                 | NDCG@1       = 0.196182
      LensKit.ImplicitMFScorer                 | NDCG@5       = 0.186314
      LensKit.ImplicitMFScorer                 | NDCG@10      = 0.175432
      LensKit.ItemKNNScorer                    | Precision@1  = 0.341463
      LensKit.ItemKNNScorer                    | Precision@5  = 0.252810
      LensKit.ItemKNNScorer                    | Precision@10 = 0.214316
      LensKit.ItemKNNScorer                    | NDCG@1       = 0.341463
      LensKit.ItemKNNScorer                    | NDCG@5       = 0.272308
      LensKit.ItemKNNScorer                    | NDCG@10      = 0.238686
      LensKit.PopScorer                        | Precision@1  = 0.254507
      LensKit.PopScorer                        | Precision@5  = 0.159703
      LensKit.PopScorer                        | Precision@10 = 0.142736
      LensKit.PopScorer                        | NDCG@1       = 0.254507
      LensKit.PopScorer                        | NDCG@5       = 0.177596
      LensKit.PopScorer                        | NDCG@10      = 0.159416
      LensKit.ImplicitMFScorer                 | Precision@1  = 0.209968
      LensKit.ImplicitMFScorer                 | Precision@5  = 0.182821
      LensKit.ImplicitMFScorer                 | Precision@10 = 0.171580
      LensKit.ImplicitMFScorer                 | NDCG@1       = 0.209968
      LensKit.ImplicitMFScorer                 | NDCG@5       = 0.189247
      LensKit.ImplicitMFScorer                 | NDCG@10      = 0.179067
      LensKit.ItemKNNScorer                    | Precision@1  = 0.336161
      LensKit.ItemKNNScorer                    | Precision@5  = 0.250901
      LensKit.ItemKNNScorer                    | Precision@10 = 0.212089
      LensKit.ItemKNNScorer                    | NDCG@1       = 0.336161
      LensKit.ItemKNNScorer                    | NDCG@5       = 0.268431
      LensKit.ItemKNNScorer                    | NDCG@10      = 0.235458
      LensKit.PopScorer                        | Precision@1  = 0.236479
      LensKit.PopScorer                        | Precision@5  = 0.157158
      LensKit.PopScorer                        | Precision@10 = 0.144008
      LensKit.PopScorer                        | NDCG@1       = 0.236479
      LensKit.PopScorer                        | NDCG@5       = 0.171576
      LensKit.PopScorer                        | NDCG@10      = 0.157347
    ✓ Seed 123 completed successfully

  ────────────────────────────────────────────────────────────
  Seed 256 (iteration 3/5)
  ────────────────────────────────────────────────────────────
    Random state set to: 256
    Loading dataset...
                      INFO     Canonicalized data set already exists, skipping download and canonicalization.                                                 recsys_data_set.py:205
    Preprocessing (MakeImplicit=True, CorePruning=5, UserHoldout split)...
                      INFO     Making data set implicit with threshold 3.                                                                                  feedback_conversion.py:21
                      INFO     Minimum rating: 1                                                                                                           feedback_conversion.py:24
                      INFO     Maximum rating: 5                                                                                                           feedback_conversion.py:25
                      INFO     Number of interactions before: 100000                                                                                       feedback_conversion.py:26
                      INFO     Number of interactions after: 82520                                                                                         feedback_conversion.py:44
                      INFO     Pruning data set to 5-core.                                                                                                        core_pruning.py:19
                      INFO     Number of interactions before: 82520                                                                                               core_pruning.py:20
                      INFO     Number of interactions after: 81697                                                                                                core_pruning.py:63
    Train interactions: 56498, Val interactions: 8492, Test interactions: 16707
    Running algorithms (ImplicitMFScorer, ItemKNNScorer, PopScorer)...
    This may take a while for large datasets...
[2026/07/09 00:20:59] INFO     Reusing existing env 'LensKit_env' at /home/prv_tristan/.omnirec/data/envs/LensKit_env                                                     envs.py:48
                      INFO     Starting runner...                                                                                                                 coordinator.py:272
[2026/07/09 00:21:02] INFO     Runner started with pid: 18439                                                                                                     coordinator.py:297
                      INFO     Connecting to runner...                                                                                                            coordinator.py:135
                      INFO     Running phase 'Fit' for MovieLens100K/ImplicitMFScorer                                                                             coordinator.py:402
[2026/07/09 00:21:12] INFO     Running phase 'Predict' for MovieLens100K/ImplicitMFScorer                                                                         coordinator.py:402
[2026/07/09 00:21:32] INFO     Running phase 'Evaluate' for MovieLens100K/ImplicitMFScorer                                                                        coordinator.py:402
[2026/07/09 00:21:36] INFO     MovieLens100K/ImplicitMFScorer done!                                                                                               coordinator.py:373
                      INFO     Stopping runner...                                                                                                                 coordinator.py:445
                      INFO     Reusing existing env 'LensKit_env' at /home/prv_tristan/.omnirec/data/envs/LensKit_env                                                     envs.py:48
                      INFO     Starting runner...                                                                                                                 coordinator.py:272
[2026/07/09 00:21:39] INFO     Runner started with pid: 18556                                                                                                     coordinator.py:297
                      INFO     Connecting to runner...                                                                                                            coordinator.py:135
[2026/07/09 00:21:40] INFO     Running phase 'Fit' for MovieLens100K/ItemKNNScorer                                                                                coordinator.py:402
[2026/07/09 00:21:50] INFO     Running phase 'Predict' for MovieLens100K/ItemKNNScorer                                                                            coordinator.py:402
[2026/07/09 00:22:00] INFO     Running phase 'Evaluate' for MovieLens100K/ItemKNNScorer                                                                           coordinator.py:402
[2026/07/09 00:22:03] INFO     MovieLens100K/ItemKNNScorer done!                                                                                                  coordinator.py:373
                      INFO     Stopping runner...                                                                                                                 coordinator.py:445
                      INFO     Reusing existing env 'LensKit_env' at /home/prv_tristan/.omnirec/data/envs/LensKit_env                                                     envs.py:48
                      INFO     Starting runner...                                                                                                                 coordinator.py:272
[2026/07/09 00:22:07] INFO     Runner started with pid: 18719                                                                                                     coordinator.py:297
                      INFO     Connecting to runner...                                                                                                            coordinator.py:135
                      INFO     Running phase 'Fit' for MovieLens100K/PopScorer                                                                                    coordinator.py:402
[2026/07/09 00:22:17] INFO     Running phase 'Predict' for MovieLens100K/PopScorer                                                                                coordinator.py:402
[2026/07/09 00:22:27] INFO     Running phase 'Evaluate' for MovieLens100K/PopScorer                                                                               coordinator.py:402
[2026/07/09 00:22:30] INFO     MovieLens100K/PopScorer done!                                                                                                      coordinator.py:373
                      INFO     Stopping runner...                                                                                                                 coordinator.py:445
                                                                 MovieLens100K-c0b4b14e: Evaluation Results                                                                  
┏━━━━━━━━━━━━━━━━━━━━━━━━━━━━━━━━━━━━━━━┳━━━━━━━━━━━━━━━━━━━━━┳━━━━━━━━━━━━━━━━━━━━━┳━━━━━━━━━━━━━━━━━━━━━┳━━━━━━━━━━━━━━━━━━━━━┳━━━━━━━━━━━━━━━━━━━━━┳━━━━━━━━━━━━━━━━━━━━━┓
┃ Algorithm                             ┃ NDCG@1              ┃ NDCG@10             ┃ NDCG@5              ┃ Precision@1         ┃ Precision@10        ┃ Precision@5         ┃
┡━━━━━━━━━━━━━━━━━━━━━━━━━━━━━━━━━━━━━━━╇━━━━━━━━━━━━━━━━━━━━━╇━━━━━━━━━━━━━━━━━━━━━╇━━━━━━━━━━━━━━━━━━━━━╇━━━━━━━━━━━━━━━━━━━━━╇━━━━━━━━━━━━━━━━━━━━━╇━━━━━━━━━━━━━━━━━━━━━┩
│ LensKit.ImplicitMFScorer-db8d01ec-123 │ 0.20996818663838812 │ 0.17906659753819534 │ 0.18924683626494207 │ 0.20996818663838812 │ 0.17158006362672323 │ 0.18282078472958643 │
│ LensKit.ImplicitMFScorer-db8d01ec-256 │ 0.2163308589607635  │ 0.1825682144849698  │ 0.19463019187041036 │ 0.2163308589607635  │ 0.1740190880169671  │ 0.18833510074231177 │
│ LensKit.ImplicitMFScorer-db8d01ec-42  │ 0.19618239660657477 │ 0.17543239338299602 │ 0.1863139932346322  │ 0.19618239660657477 │ 0.16914103923647933 │ 0.18324496288441147 │
│ LensKit.ItemKNNScorer-5f816cf5-123    │ 0.3361611876988335  │ 0.23545752252531646 │ 0.268431293078114   │ 0.3361611876988335  │ 0.21208907741251326 │ 0.2509013785790032  │
│ LensKit.ItemKNNScorer-5f816cf5-256    │ 0.31919406150583246 │ 0.22893406835780636 │ 0.2631518176723163  │ 0.31919406150583246 │ 0.20625662778366913 │ 0.24687168610816543 │
│ LensKit.ItemKNNScorer-5f816cf5-42     │ 0.34146341463414637 │ 0.23868596825634059 │ 0.27230825313479706 │ 0.34146341463414637 │ 0.21431601272534465 │ 0.2528101802757158  │
│ LensKit.PopScorer-dc44ee64-123        │ 0.23647932131495228 │ 0.15734720767148072 │ 0.17157565734661812 │ 0.23647932131495228 │ 0.1440084835630965  │ 0.15715800636267235 │
│ LensKit.PopScorer-dc44ee64-256        │ 0.22163308589607636 │ 0.15769583464156525 │ 0.17003786566630977 │ 0.22163308589607636 │ 0.147932131495228   │ 0.15970307529162248 │
│ LensKit.PopScorer-dc44ee64-42         │ 0.2545068928950159  │ 0.15941596102520378 │ 0.17759637132212613 │ 0.2545068928950159  │ 0.14273594909862142 │ 0.15970307529162248 │
└───────────────────────────────────────┴─────────────────────┴─────────────────────┴─────────────────────┴─────────────────────┴─────────────────────┴─────────────────────┘
    Results (MovieLens100K-c0b4b14e):
      LensKit.ImplicitMFScorer                 | Precision@1  = 0.196182
      LensKit.ImplicitMFScorer                 | Precision@5  = 0.183245
      LensKit.ImplicitMFScorer                 | Precision@10 = 0.169141
      LensKit.ImplicitMFScorer                 | NDCG@1       = 0.196182
      LensKit.ImplicitMFScorer                 | NDCG@5       = 0.186314
      LensKit.ImplicitMFScorer                 | NDCG@10      = 0.175432
      LensKit.ItemKNNScorer                    | Precision@1  = 0.341463
      LensKit.ItemKNNScorer                    | Precision@5  = 0.252810
      LensKit.ItemKNNScorer                    | Precision@10 = 0.214316
      LensKit.ItemKNNScorer                    | NDCG@1       = 0.341463
      LensKit.ItemKNNScorer                    | NDCG@5       = 0.272308
      LensKit.ItemKNNScorer                    | NDCG@10      = 0.238686
      LensKit.PopScorer                        | Precision@1  = 0.254507
      LensKit.PopScorer                        | Precision@5  = 0.159703
      LensKit.PopScorer                        | Precision@10 = 0.142736
      LensKit.PopScorer                        | NDCG@1       = 0.254507
      LensKit.PopScorer                        | NDCG@5       = 0.177596
      LensKit.PopScorer                        | NDCG@10      = 0.159416
      LensKit.ImplicitMFScorer                 | Precision@1  = 0.209968
      LensKit.ImplicitMFScorer                 | Precision@5  = 0.182821
      LensKit.ImplicitMFScorer                 | Precision@10 = 0.171580
      LensKit.ImplicitMFScorer                 | NDCG@1       = 0.209968
      LensKit.ImplicitMFScorer                 | NDCG@5       = 0.189247
      LensKit.ImplicitMFScorer                 | NDCG@10      = 0.179067
      LensKit.ItemKNNScorer                    | Precision@1  = 0.336161
      LensKit.ItemKNNScorer                    | Precision@5  = 0.250901
      LensKit.ItemKNNScorer                    | Precision@10 = 0.212089
      LensKit.ItemKNNScorer                    | NDCG@1       = 0.336161
      LensKit.ItemKNNScorer                    | NDCG@5       = 0.268431
      LensKit.ItemKNNScorer                    | NDCG@10      = 0.235458
      LensKit.PopScorer                        | Precision@1  = 0.236479
      LensKit.PopScorer                        | Precision@5  = 0.157158
      LensKit.PopScorer                        | Precision@10 = 0.144008
      LensKit.PopScorer                        | NDCG@1       = 0.236479
      LensKit.PopScorer                        | NDCG@5       = 0.171576
      LensKit.PopScorer                        | NDCG@10      = 0.157347
      LensKit.ImplicitMFScorer                 | Precision@1  = 0.216331
      LensKit.ImplicitMFScorer                 | Precision@5  = 0.188335
      LensKit.ImplicitMFScorer                 | Precision@10 = 0.174019
      LensKit.ImplicitMFScorer                 | NDCG@1       = 0.216331
      LensKit.ImplicitMFScorer                 | NDCG@5       = 0.194630
      LensKit.ImplicitMFScorer                 | NDCG@10      = 0.182568
      LensKit.ItemKNNScorer                    | Precision@1  = 0.319194
      LensKit.ItemKNNScorer                    | Precision@5  = 0.246872
      LensKit.ItemKNNScorer                    | Precision@10 = 0.206257
      LensKit.ItemKNNScorer                    | NDCG@1       = 0.319194
      LensKit.ItemKNNScorer                    | NDCG@5       = 0.263152
      LensKit.ItemKNNScorer                    | NDCG@10      = 0.228934
      LensKit.PopScorer                        | Precision@1  = 0.221633
      LensKit.PopScorer                        | Precision@5  = 0.159703
      LensKit.PopScorer                        | Precision@10 = 0.147932
      LensKit.PopScorer                        | NDCG@1       = 0.221633
      LensKit.PopScorer                        | NDCG@5       = 0.170038
      LensKit.PopScorer                        | NDCG@10      = 0.157696
    ✓ Seed 256 completed successfully

  ────────────────────────────────────────────────────────────
  Seed 789 (iteration 4/5)
  ────────────────────────────────────────────────────────────
    Random state set to: 789
    Loading dataset...
                      INFO     Canonicalized data set already exists, skipping download and canonicalization.                                                 recsys_data_set.py:205
    Preprocessing (MakeImplicit=True, CorePruning=5, UserHoldout split)...
                      INFO     Making data set implicit with threshold 3.                                                                                  feedback_conversion.py:21
                      INFO     Minimum rating: 1                                                                                                           feedback_conversion.py:24
                      INFO     Maximum rating: 5                                                                                                           feedback_conversion.py:25
                      INFO     Number of interactions before: 100000                                                                                       feedback_conversion.py:26
                      INFO     Number of interactions after: 82520                                                                                         feedback_conversion.py:44
                      INFO     Pruning data set to 5-core.                                                                                                        core_pruning.py:19
                      INFO     Number of interactions before: 82520                                                                                               core_pruning.py:20
                      INFO     Number of interactions after: 81697                                                                                                core_pruning.py:63
    Train interactions: 56498, Val interactions: 8492, Test interactions: 16707
    Running algorithms (ImplicitMFScorer, ItemKNNScorer, PopScorer)...
    This may take a while for large datasets...
[2026/07/09 00:22:31] INFO     Reusing existing env 'LensKit_env' at /home/prv_tristan/.omnirec/data/envs/LensKit_env                                                     envs.py:48
                      INFO     Starting runner...                                                                                                                 coordinator.py:272
[2026/07/09 00:22:35] INFO     Runner started with pid: 18856                                                                                                     coordinator.py:297
                      INFO     Connecting to runner...                                                                                                            coordinator.py:135
                      INFO     Running phase 'Fit' for MovieLens100K/ImplicitMFScorer                                                                             coordinator.py:402
[2026/07/09 00:22:45] INFO     Running phase 'Predict' for MovieLens100K/ImplicitMFScorer                                                                         coordinator.py:402
[2026/07/09 00:23:05] INFO     Running phase 'Evaluate' for MovieLens100K/ImplicitMFScorer                                                                        coordinator.py:402
[2026/07/09 00:23:08] INFO     MovieLens100K/ImplicitMFScorer done!                                                                                               coordinator.py:373
                      INFO     Stopping runner...                                                                                                                 coordinator.py:445
[2026/07/09 00:23:09] INFO     Reusing existing env 'LensKit_env' at /home/prv_tristan/.omnirec/data/envs/LensKit_env                                                     envs.py:48
                      INFO     Starting runner...                                                                                                                 coordinator.py:272
[2026/07/09 00:23:12] INFO     Runner started with pid: 18979                                                                                                     coordinator.py:297
                      INFO     Connecting to runner...                                                                                                            coordinator.py:135
                      INFO     Running phase 'Fit' for MovieLens100K/ItemKNNScorer                                                                                coordinator.py:402
[2026/07/09 00:23:22] INFO     Running phase 'Predict' for MovieLens100K/ItemKNNScorer                                                                            coordinator.py:402
[2026/07/09 00:23:32] INFO     Running phase 'Evaluate' for MovieLens100K/ItemKNNScorer                                                                           coordinator.py:402
[2026/07/09 00:23:36] INFO     MovieLens100K/ItemKNNScorer done!                                                                                                  coordinator.py:373
                      INFO     Stopping runner...                                                                                                                 coordinator.py:445
                      INFO     Reusing existing env 'LensKit_env' at /home/prv_tristan/.omnirec/data/envs/LensKit_env                                                     envs.py:48
                      INFO     Starting runner...                                                                                                                 coordinator.py:272
[2026/07/09 00:23:40] INFO     Runner started with pid: 19099                                                                                                     coordinator.py:297
                      INFO     Connecting to runner...                                                                                                            coordinator.py:135
                      INFO     Running phase 'Fit' for MovieLens100K/PopScorer                                                                                    coordinator.py:402
[2026/07/09 00:23:50] INFO     Running phase 'Predict' for MovieLens100K/PopScorer                                                                                coordinator.py:402
[2026/07/09 00:24:00] INFO     Running phase 'Evaluate' for MovieLens100K/PopScorer                                                                               coordinator.py:402
[2026/07/09 00:24:03] INFO     MovieLens100K/PopScorer done!                                                                                                      coordinator.py:373
                      INFO     Stopping runner...                                                                                                                 coordinator.py:445
                                                                 MovieLens100K-c0b4b14e: Evaluation Results                                                                  
┏━━━━━━━━━━━━━━━━━━━━━━━━━━━━━━━━━━━━━━━┳━━━━━━━━━━━━━━━━━━━━━┳━━━━━━━━━━━━━━━━━━━━━┳━━━━━━━━━━━━━━━━━━━━━┳━━━━━━━━━━━━━━━━━━━━━┳━━━━━━━━━━━━━━━━━━━━━┳━━━━━━━━━━━━━━━━━━━━━┓
┃ Algorithm                             ┃ NDCG@1              ┃ NDCG@10             ┃ NDCG@5              ┃ Precision@1         ┃ Precision@10        ┃ Precision@5         ┃
┡━━━━━━━━━━━━━━━━━━━━━━━━━━━━━━━━━━━━━━━╇━━━━━━━━━━━━━━━━━━━━━╇━━━━━━━━━━━━━━━━━━━━━╇━━━━━━━━━━━━━━━━━━━━━╇━━━━━━━━━━━━━━━━━━━━━╇━━━━━━━━━━━━━━━━━━━━━╇━━━━━━━━━━━━━━━━━━━━━┩
│ LensKit.ImplicitMFScorer-db8d01ec-123 │ 0.20996818663838812 │ 0.17906659753819534 │ 0.18924683626494207 │ 0.20996818663838812 │ 0.17158006362672323 │ 0.18282078472958643 │
│ LensKit.ImplicitMFScorer-db8d01ec-256 │ 0.2163308589607635  │ 0.1825682144849698  │ 0.19463019187041036 │ 0.2163308589607635  │ 0.1740190880169671  │ 0.18833510074231177 │
│ LensKit.ImplicitMFScorer-db8d01ec-42  │ 0.19618239660657477 │ 0.17543239338299602 │ 0.1863139932346322  │ 0.19618239660657477 │ 0.16914103923647933 │ 0.18324496288441147 │
│ LensKit.ImplicitMFScorer-db8d01ec-789 │ 0.23329798515376457 │ 0.18626805863028642 │ 0.20027063843289988 │ 0.23329798515376457 │ 0.17529162248144223 │ 0.19045599151643688 │
│ LensKit.ItemKNNScorer-5f816cf5-123    │ 0.3361611876988335  │ 0.23545752252531646 │ 0.268431293078114   │ 0.3361611876988335  │ 0.21208907741251326 │ 0.2509013785790032  │
│ LensKit.ItemKNNScorer-5f816cf5-256    │ 0.31919406150583246 │ 0.22893406835780636 │ 0.2631518176723163  │ 0.31919406150583246 │ 0.20625662778366913 │ 0.24687168610816543 │
│ LensKit.ItemKNNScorer-5f816cf5-42     │ 0.34146341463414637 │ 0.23868596825634059 │ 0.27230825313479706 │ 0.34146341463414637 │ 0.21431601272534465 │ 0.2528101802757158  │
│ LensKit.ItemKNNScorer-5f816cf5-789    │ 0.33828207847295866 │ 0.2363638730363254  │ 0.2686681016842812  │ 0.33828207847295866 │ 0.21208907741251326 │ 0.24856839872746553 │
│ LensKit.PopScorer-dc44ee64-123        │ 0.23647932131495228 │ 0.15734720767148072 │ 0.17157565734661812 │ 0.23647932131495228 │ 0.1440084835630965  │ 0.15715800636267235 │
│ LensKit.PopScorer-dc44ee64-256        │ 0.22163308589607636 │ 0.15769583464156525 │ 0.17003786566630977 │ 0.22163308589607636 │ 0.147932131495228   │ 0.15970307529162248 │
│ LensKit.PopScorer-dc44ee64-42         │ 0.2545068928950159  │ 0.15941596102520378 │ 0.17759637132212613 │ 0.2545068928950159  │ 0.14273594909862142 │ 0.15970307529162248 │
│ LensKit.PopScorer-dc44ee64-789        │ 0.23753976670201485 │ 0.16230364506983685 │ 0.17594237326355536 │ 0.23753976670201485 │ 0.14952279957582185 │ 0.16182396606574762 │
└───────────────────────────────────────┴─────────────────────┴─────────────────────┴─────────────────────┴─────────────────────┴─────────────────────┴─────────────────────┘
    Results (MovieLens100K-c0b4b14e):
      LensKit.ImplicitMFScorer                 | Precision@1  = 0.196182
      LensKit.ImplicitMFScorer                 | Precision@5  = 0.183245
      LensKit.ImplicitMFScorer                 | Precision@10 = 0.169141
      LensKit.ImplicitMFScorer                 | NDCG@1       = 0.196182
      LensKit.ImplicitMFScorer                 | NDCG@5       = 0.186314
      LensKit.ImplicitMFScorer                 | NDCG@10      = 0.175432
      LensKit.ItemKNNScorer                    | Precision@1  = 0.341463
      LensKit.ItemKNNScorer                    | Precision@5  = 0.252810
      LensKit.ItemKNNScorer                    | Precision@10 = 0.214316
      LensKit.ItemKNNScorer                    | NDCG@1       = 0.341463
      LensKit.ItemKNNScorer                    | NDCG@5       = 0.272308
      LensKit.ItemKNNScorer                    | NDCG@10      = 0.238686
      LensKit.PopScorer                        | Precision@1  = 0.254507
      LensKit.PopScorer                        | Precision@5  = 0.159703
      LensKit.PopScorer                        | Precision@10 = 0.142736
      LensKit.PopScorer                        | NDCG@1       = 0.254507
      LensKit.PopScorer                        | NDCG@5       = 0.177596
      LensKit.PopScorer                        | NDCG@10      = 0.159416
      LensKit.ImplicitMFScorer                 | Precision@1  = 0.209968
      LensKit.ImplicitMFScorer                 | Precision@5  = 0.182821
      LensKit.ImplicitMFScorer                 | Precision@10 = 0.171580
      LensKit.ImplicitMFScorer                 | NDCG@1       = 0.209968
      LensKit.ImplicitMFScorer                 | NDCG@5       = 0.189247
      LensKit.ImplicitMFScorer                 | NDCG@10      = 0.179067
      LensKit.ItemKNNScorer                    | Precision@1  = 0.336161
      LensKit.ItemKNNScorer                    | Precision@5  = 0.250901
      LensKit.ItemKNNScorer                    | Precision@10 = 0.212089
      LensKit.ItemKNNScorer                    | NDCG@1       = 0.336161
      LensKit.ItemKNNScorer                    | NDCG@5       = 0.268431
      LensKit.ItemKNNScorer                    | NDCG@10      = 0.235458
      LensKit.PopScorer                        | Precision@1  = 0.236479
      LensKit.PopScorer                        | Precision@5  = 0.157158
      LensKit.PopScorer                        | Precision@10 = 0.144008
      LensKit.PopScorer                        | NDCG@1       = 0.236479
      LensKit.PopScorer                        | NDCG@5       = 0.171576
      LensKit.PopScorer                        | NDCG@10      = 0.157347
      LensKit.ImplicitMFScorer                 | Precision@1  = 0.216331
      LensKit.ImplicitMFScorer                 | Precision@5  = 0.188335
      LensKit.ImplicitMFScorer                 | Precision@10 = 0.174019
      LensKit.ImplicitMFScorer                 | NDCG@1       = 0.216331
      LensKit.ImplicitMFScorer                 | NDCG@5       = 0.194630
      LensKit.ImplicitMFScorer                 | NDCG@10      = 0.182568
      LensKit.ItemKNNScorer                    | Precision@1  = 0.319194
      LensKit.ItemKNNScorer                    | Precision@5  = 0.246872
      LensKit.ItemKNNScorer                    | Precision@10 = 0.206257
      LensKit.ItemKNNScorer                    | NDCG@1       = 0.319194
      LensKit.ItemKNNScorer                    | NDCG@5       = 0.263152
      LensKit.ItemKNNScorer                    | NDCG@10      = 0.228934
      LensKit.PopScorer                        | Precision@1  = 0.221633
      LensKit.PopScorer                        | Precision@5  = 0.159703
      LensKit.PopScorer                        | Precision@10 = 0.147932
      LensKit.PopScorer                        | NDCG@1       = 0.221633
      LensKit.PopScorer                        | NDCG@5       = 0.170038
      LensKit.PopScorer                        | NDCG@10      = 0.157696
      LensKit.ImplicitMFScorer                 | Precision@1  = 0.233298
      LensKit.ImplicitMFScorer                 | Precision@5  = 0.190456
      LensKit.ImplicitMFScorer                 | Precision@10 = 0.175292
      LensKit.ImplicitMFScorer                 | NDCG@1       = 0.233298
      LensKit.ImplicitMFScorer                 | NDCG@5       = 0.200271
      LensKit.ImplicitMFScorer                 | NDCG@10      = 0.186268
      LensKit.ItemKNNScorer                    | Precision@1  = 0.338282
      LensKit.ItemKNNScorer                    | Precision@5  = 0.248568
      LensKit.ItemKNNScorer                    | Precision@10 = 0.212089
      LensKit.ItemKNNScorer                    | NDCG@1       = 0.338282
      LensKit.ItemKNNScorer                    | NDCG@5       = 0.268668
      LensKit.ItemKNNScorer                    | NDCG@10      = 0.236364
      LensKit.PopScorer                        | Precision@1  = 0.237540
      LensKit.PopScorer                        | Precision@5  = 0.161824
      LensKit.PopScorer                        | Precision@10 = 0.149523
      LensKit.PopScorer                        | NDCG@1       = 0.237540
      LensKit.PopScorer                        | NDCG@5       = 0.175942
      LensKit.PopScorer                        | NDCG@10      = 0.162304
    ✓ Seed 789 completed successfully

  ────────────────────────────────────────────────────────────
  Seed 1337 (iteration 5/5)
  ────────────────────────────────────────────────────────────
    Random state set to: 1337
    Loading dataset...
[2026/07/09 00:24:04] INFO     Canonicalized data set already exists, skipping download and canonicalization.                                                 recsys_data_set.py:205
    Preprocessing (MakeImplicit=True, CorePruning=5, UserHoldout split)...
                      INFO     Making data set implicit with threshold 3.                                                                                  feedback_conversion.py:21
                      INFO     Minimum rating: 1                                                                                                           feedback_conversion.py:24
                      INFO     Maximum rating: 5                                                                                                           feedback_conversion.py:25
                      INFO     Number of interactions before: 100000                                                                                       feedback_conversion.py:26
                      INFO     Number of interactions after: 82520                                                                                         feedback_conversion.py:44
                      INFO     Pruning data set to 5-core.                                                                                                        core_pruning.py:19
                      INFO     Number of interactions before: 82520                                                                                               core_pruning.py:20
                      INFO     Number of interactions after: 81697                                                                                                core_pruning.py:63
    Train interactions: 56498, Val interactions: 8492, Test interactions: 16707
    Running algorithms (ImplicitMFScorer, ItemKNNScorer, PopScorer)...
    This may take a while for large datasets...
[2026/07/09 00:24:05] INFO     Reusing existing env 'LensKit_env' at /home/prv_tristan/.omnirec/data/envs/LensKit_env                                                     envs.py:48
                      INFO     Starting runner...                                                                                                                 coordinator.py:272
[2026/07/09 00:24:08] INFO     Runner started with pid: 19214                                                                                                     coordinator.py:297
                      INFO     Connecting to runner...                                                                                                            coordinator.py:135
                      INFO     Running phase 'Fit' for MovieLens100K/ImplicitMFScorer                                                                             coordinator.py:402
[2026/07/09 00:24:18] INFO     Running phase 'Predict' for MovieLens100K/ImplicitMFScorer                                                                         coordinator.py:402
[2026/07/09 00:24:38] INFO     Running phase 'Evaluate' for MovieLens100K/ImplicitMFScorer                                                                        coordinator.py:402
[2026/07/09 00:24:42] INFO     MovieLens100K/ImplicitMFScorer done!                                                                                               coordinator.py:373
                      INFO     Stopping runner...                                                                                                                 coordinator.py:445
                      INFO     Reusing existing env 'LensKit_env' at /home/prv_tristan/.omnirec/data/envs/LensKit_env                                                     envs.py:48
                      INFO     Starting runner...                                                                                                                 coordinator.py:272
[2026/07/09 00:24:45] INFO     Runner started with pid: 19335                                                                                                     coordinator.py:297
                      INFO     Connecting to runner...                                                                                                            coordinator.py:135
                      INFO     Running phase 'Fit' for MovieLens100K/ItemKNNScorer                                                                                coordinator.py:402
[2026/07/09 00:24:55] INFO     Running phase 'Predict' for MovieLens100K/ItemKNNScorer                                                                            coordinator.py:402
[2026/07/09 00:25:05] INFO     Running phase 'Evaluate' for MovieLens100K/ItemKNNScorer                                                                           coordinator.py:402
[2026/07/09 00:25:09] INFO     MovieLens100K/ItemKNNScorer done!                                                                                                  coordinator.py:373
                      INFO     Stopping runner...                                                                                                                 coordinator.py:445
                      INFO     Reusing existing env 'LensKit_env' at /home/prv_tristan/.omnirec/data/envs/LensKit_env                                                     envs.py:48
                      INFO     Starting runner...                                                                                                                 coordinator.py:272
[2026/07/09 00:25:12] INFO     Runner started with pid: 19458                                                                                                     coordinator.py:297
                      INFO     Connecting to runner...                                                                                                            coordinator.py:135
[2026/07/09 00:25:13] INFO     Running phase 'Fit' for MovieLens100K/PopScorer                                                                                    coordinator.py:402
[2026/07/09 00:25:23] INFO     Running phase 'Predict' for MovieLens100K/PopScorer                                                                                coordinator.py:402
[2026/07/09 00:25:33] INFO     Running phase 'Evaluate' for MovieLens100K/PopScorer                                                                               coordinator.py:402
[2026/07/09 00:25:36] INFO     MovieLens100K/PopScorer done!                                                                                                      coordinator.py:373
                      INFO     Stopping runner...                                                                                                                 coordinator.py:445
                                                                  MovieLens100K-c0b4b14e: Evaluation Results                                                                  
┏━━━━━━━━━━━━━━━━━━━━━━━━━━━━━━━━━━━━━━━━┳━━━━━━━━━━━━━━━━━━━━━┳━━━━━━━━━━━━━━━━━━━━━┳━━━━━━━━━━━━━━━━━━━━━┳━━━━━━━━━━━━━━━━━━━━━┳━━━━━━━━━━━━━━━━━━━━━┳━━━━━━━━━━━━━━━━━━━━━┓
┃ Algorithm                              ┃ NDCG@1              ┃ NDCG@10             ┃ NDCG@5              ┃ Precision@1         ┃ Precision@10        ┃ Precision@5         ┃
┡━━━━━━━━━━━━━━━━━━━━━━━━━━━━━━━━━━━━━━━━╇━━━━━━━━━━━━━━━━━━━━━╇━━━━━━━━━━━━━━━━━━━━━╇━━━━━━━━━━━━━━━━━━━━━╇━━━━━━━━━━━━━━━━━━━━━╇━━━━━━━━━━━━━━━━━━━━━╇━━━━━━━━━━━━━━━━━━━━━┩
│ LensKit.ImplicitMFScorer-db8d01ec-123  │ 0.20996818663838812 │ 0.17906659753819534 │ 0.18924683626494207 │ 0.20996818663838812 │ 0.17158006362672323 │ 0.18282078472958643 │
│ LensKit.ImplicitMFScorer-db8d01ec-1337 │ 0.2163308589607635  │ 0.1820794703472558  │ 0.19179197538622114 │ 0.2163308589607635  │ 0.1746553552492047  │ 0.18579003181336162 │
│ LensKit.ImplicitMFScorer-db8d01ec-256  │ 0.2163308589607635  │ 0.1825682144849698  │ 0.19463019187041036 │ 0.2163308589607635  │ 0.1740190880169671  │ 0.18833510074231177 │
│ LensKit.ImplicitMFScorer-db8d01ec-42   │ 0.19618239660657477 │ 0.17543239338299602 │ 0.1863139932346322  │ 0.19618239660657477 │ 0.16914103923647933 │ 0.18324496288441147 │
│ LensKit.ImplicitMFScorer-db8d01ec-789  │ 0.23329798515376457 │ 0.18626805863028642 │ 0.20027063843289988 │ 0.23329798515376457 │ 0.17529162248144223 │ 0.19045599151643688 │
│ LensKit.ItemKNNScorer-5f816cf5-123     │ 0.3361611876988335  │ 0.23545752252531646 │ 0.268431293078114   │ 0.3361611876988335  │ 0.21208907741251326 │ 0.2509013785790032  │
│ LensKit.ItemKNNScorer-5f816cf5-1337    │ 0.32237539766702017 │ 0.24274391635539863 │ 0.2718940656966953  │ 0.32237539766702017 │ 0.22290562036055145 │ 0.2583244962884411  │
│ LensKit.ItemKNNScorer-5f816cf5-256     │ 0.31919406150583246 │ 0.22893406835780636 │ 0.2631518176723163  │ 0.31919406150583246 │ 0.20625662778366913 │ 0.24687168610816543 │
│ LensKit.ItemKNNScorer-5f816cf5-42      │ 0.34146341463414637 │ 0.23868596825634059 │ 0.27230825313479706 │ 0.34146341463414637 │ 0.21431601272534465 │ 0.2528101802757158  │
│ LensKit.ItemKNNScorer-5f816cf5-789     │ 0.33828207847295866 │ 0.2363638730363254  │ 0.2686681016842812  │ 0.33828207847295866 │ 0.21208907741251326 │ 0.24856839872746553 │
│ LensKit.PopScorer-dc44ee64-123         │ 0.23647932131495228 │ 0.15734720767148072 │ 0.17157565734661812 │ 0.23647932131495228 │ 0.1440084835630965  │ 0.15715800636267235 │
│ LensKit.PopScorer-dc44ee64-1337        │ 0.24814422057264052 │ 0.16106232192753622 │ 0.18294692242806118 │ 0.24814422057264052 │ 0.14390243902439026 │ 0.167762460233298   │
│ LensKit.PopScorer-dc44ee64-256         │ 0.22163308589607636 │ 0.15769583464156525 │ 0.17003786566630977 │ 0.22163308589607636 │ 0.147932131495228   │ 0.15970307529162248 │
│ LensKit.PopScorer-dc44ee64-42          │ 0.2545068928950159  │ 0.15941596102520378 │ 0.17759637132212613 │ 0.2545068928950159  │ 0.14273594909862142 │ 0.15970307529162248 │
│ LensKit.PopScorer-dc44ee64-789         │ 0.23753976670201485 │ 0.16230364506983685 │ 0.17594237326355536 │ 0.23753976670201485 │ 0.14952279957582185 │ 0.16182396606574762 │
└────────────────────────────────────────┴─────────────────────┴─────────────────────┴─────────────────────┴─────────────────────┴─────────────────────┴─────────────────────┘
    Results (MovieLens100K-c0b4b14e):
      LensKit.ImplicitMFScorer                 | Precision@1  = 0.196182
      LensKit.ImplicitMFScorer                 | Precision@5  = 0.183245
      LensKit.ImplicitMFScorer                 | Precision@10 = 0.169141
      LensKit.ImplicitMFScorer                 | NDCG@1       = 0.196182
      LensKit.ImplicitMFScorer                 | NDCG@5       = 0.186314
      LensKit.ImplicitMFScorer                 | NDCG@10      = 0.175432
      LensKit.ItemKNNScorer                    | Precision@1  = 0.341463
      LensKit.ItemKNNScorer                    | Precision@5  = 0.252810
      LensKit.ItemKNNScorer                    | Precision@10 = 0.214316
      LensKit.ItemKNNScorer                    | NDCG@1       = 0.341463
      LensKit.ItemKNNScorer                    | NDCG@5       = 0.272308
      LensKit.ItemKNNScorer                    | NDCG@10      = 0.238686
      LensKit.PopScorer                        | Precision@1  = 0.254507
      LensKit.PopScorer                        | Precision@5  = 0.159703
      LensKit.PopScorer                        | Precision@10 = 0.142736
      LensKit.PopScorer                        | NDCG@1       = 0.254507
      LensKit.PopScorer                        | NDCG@5       = 0.177596
      LensKit.PopScorer                        | NDCG@10      = 0.159416
      LensKit.ImplicitMFScorer                 | Precision@1  = 0.209968
      LensKit.ImplicitMFScorer                 | Precision@5  = 0.182821
      LensKit.ImplicitMFScorer                 | Precision@10 = 0.171580
      LensKit.ImplicitMFScorer                 | NDCG@1       = 0.209968
      LensKit.ImplicitMFScorer                 | NDCG@5       = 0.189247
      LensKit.ImplicitMFScorer                 | NDCG@10      = 0.179067
      LensKit.ItemKNNScorer                    | Precision@1  = 0.336161
      LensKit.ItemKNNScorer                    | Precision@5  = 0.250901
      LensKit.ItemKNNScorer                    | Precision@10 = 0.212089
      LensKit.ItemKNNScorer                    | NDCG@1       = 0.336161
      LensKit.ItemKNNScorer                    | NDCG@5       = 0.268431
      LensKit.ItemKNNScorer                    | NDCG@10      = 0.235458
      LensKit.PopScorer                        | Precision@1  = 0.236479
      LensKit.PopScorer                        | Precision@5  = 0.157158
      LensKit.PopScorer                        | Precision@10 = 0.144008
      LensKit.PopScorer                        | NDCG@1       = 0.236479
      LensKit.PopScorer                        | NDCG@5       = 0.171576
      LensKit.PopScorer                        | NDCG@10      = 0.157347
      LensKit.ImplicitMFScorer                 | Precision@1  = 0.216331
      LensKit.ImplicitMFScorer                 | Precision@5  = 0.188335
      LensKit.ImplicitMFScorer                 | Precision@10 = 0.174019
      LensKit.ImplicitMFScorer                 | NDCG@1       = 0.216331
      LensKit.ImplicitMFScorer                 | NDCG@5       = 0.194630
      LensKit.ImplicitMFScorer                 | NDCG@10      = 0.182568
      LensKit.ItemKNNScorer                    | Precision@1  = 0.319194
      LensKit.ItemKNNScorer                    | Precision@5  = 0.246872
      LensKit.ItemKNNScorer                    | Precision@10 = 0.206257
      LensKit.ItemKNNScorer                    | NDCG@1       = 0.319194
      LensKit.ItemKNNScorer                    | NDCG@5       = 0.263152
      LensKit.ItemKNNScorer                    | NDCG@10      = 0.228934
      LensKit.PopScorer                        | Precision@1  = 0.221633
      LensKit.PopScorer                        | Precision@5  = 0.159703
      LensKit.PopScorer                        | Precision@10 = 0.147932
      LensKit.PopScorer                        | NDCG@1       = 0.221633
      LensKit.PopScorer                        | NDCG@5       = 0.170038
      LensKit.PopScorer                        | NDCG@10      = 0.157696
      LensKit.ImplicitMFScorer                 | Precision@1  = 0.233298
      LensKit.ImplicitMFScorer                 | Precision@5  = 0.190456
      LensKit.ImplicitMFScorer                 | Precision@10 = 0.175292
      LensKit.ImplicitMFScorer                 | NDCG@1       = 0.233298
      LensKit.ImplicitMFScorer                 | NDCG@5       = 0.200271
      LensKit.ImplicitMFScorer                 | NDCG@10      = 0.186268
      LensKit.ItemKNNScorer                    | Precision@1  = 0.338282
      LensKit.ItemKNNScorer                    | Precision@5  = 0.248568
      LensKit.ItemKNNScorer                    | Precision@10 = 0.212089
      LensKit.ItemKNNScorer                    | NDCG@1       = 0.338282
      LensKit.ItemKNNScorer                    | NDCG@5       = 0.268668
      LensKit.ItemKNNScorer                    | NDCG@10      = 0.236364
      LensKit.PopScorer                        | Precision@1  = 0.237540
      LensKit.PopScorer                        | Precision@5  = 0.161824
      LensKit.PopScorer                        | Precision@10 = 0.149523
      LensKit.PopScorer                        | NDCG@1       = 0.237540
      LensKit.PopScorer                        | NDCG@5       = 0.175942
      LensKit.PopScorer                        | NDCG@10      = 0.162304
      LensKit.ImplicitMFScorer                 | Precision@1  = 0.216331
      LensKit.ImplicitMFScorer                 | Precision@5  = 0.185790
      LensKit.ImplicitMFScorer                 | Precision@10 = 0.174655
      LensKit.ImplicitMFScorer                 | NDCG@1       = 0.216331
      LensKit.ImplicitMFScorer                 | NDCG@5       = 0.191792
      LensKit.ImplicitMFScorer                 | NDCG@10      = 0.182079
      LensKit.ItemKNNScorer                    | Precision@1  = 0.322375
      LensKit.ItemKNNScorer                    | Precision@5  = 0.258324
      LensKit.ItemKNNScorer                    | Precision@10 = 0.222906
      LensKit.ItemKNNScorer                    | NDCG@1       = 0.322375
      LensKit.ItemKNNScorer                    | NDCG@5       = 0.271894
      LensKit.ItemKNNScorer                    | NDCG@10      = 0.242744
      LensKit.PopScorer                        | Precision@1  = 0.248144
      LensKit.PopScorer                        | Precision@5  = 0.167762
      LensKit.PopScorer                        | Precision@10 = 0.143902
      LensKit.PopScorer                        | NDCG@1       = 0.248144
      LensKit.PopScorer                        | NDCG@5       = 0.182947
      LensKit.PopScorer                        | NDCG@10      = 0.161062
    ✓ Seed 1337 completed successfully

  Dataset MovieLens100K: completed 5/5 seeds
    [CHECKPOINT] Saved 270 result rows to /home/prv_tristan/AutoRecLab-group4/out/run_01/workspace/working/partial_results.csv

######################################################################
#  DATASET: Amazon2014VideoGames (Amazon Video Games (1.3M explicit ratings, converted to implicit))
######################################################################

  ────────────────────────────────────────────────────────────
  Seed 42 (iteration 1/5)
  ────────────────────────────────────────────────────────────
    Random state set to: 42
    Loading dataset...
                      INFO     Canonicalized data set already exists, skipping download and canonicalization.                                                 recsys_data_set.py:205
    Preprocessing (MakeImplicit=True, CorePruning=5, UserHoldout split)...
[2026/07/09 00:25:37] INFO     Making data set implicit with threshold 3.                                                                                  feedback_conversion.py:21
                      INFO     Minimum rating: 1.0                                                                                                         feedback_conversion.py:24
                      INFO     Maximum rating: 5.0                                                                                                         feedback_conversion.py:25
                      INFO     Number of interactions before: 1324753                                                                                      feedback_conversion.py:26
                      INFO     Number of interactions after: 1094400                                                                                       feedback_conversion.py:44
                      INFO     Pruning data set to 5-core.                                                                                                        core_pruning.py:19
                      INFO     Number of interactions before: 1094400                                                                                             core_pruning.py:20
[2026/07/09 00:25:39] INFO     Number of interactions after: 177572                                                                                               core_pruning.py:63
    Train interactions: 110783, Val interactions: 24560, Test interactions: 42229
    Running algorithms (ImplicitMFScorer, ItemKNNScorer, PopScorer)...
    This may take a while for large datasets...
[2026/07/09 00:25:59] INFO     Reusing existing env 'LensKit_env' at /home/prv_tristan/.omnirec/data/envs/LensKit_env                                                     envs.py:48
                      INFO     Starting runner...                                                                                                                 coordinator.py:272
[2026/07/09 00:26:03] INFO     Runner started with pid: 19577                                                                                                     coordinator.py:297
                      INFO     Connecting to runner...                                                                                                            coordinator.py:135
                      INFO     Running phase 'Fit' for Amazon2014VideoGames/ImplicitMFScorer                                                                      coordinator.py:402
[2026/07/09 00:26:33] INFO     Running phase 'Predict' for Amazon2014VideoGames/ImplicitMFScorer                                                                  coordinator.py:402
[2026/07/09 00:37:23] INFO     Running phase 'Evaluate' for Amazon2014VideoGames/ImplicitMFScorer                                                                 coordinator.py:402
[2026/07/09 00:48:59] INFO     Amazon2014VideoGames/ImplicitMFScorer done!                                                                                        coordinator.py:373
                      INFO     Stopping runner...                                                                                                                 coordinator.py:445
[2026/07/09 00:49:00] INFO     Reusing existing env 'LensKit_env' at /home/prv_tristan/.omnirec/data/envs/LensKit_env                                                     envs.py:48
                      INFO     Starting runner...                                                                                                                 coordinator.py:272
[2026/07/09 00:49:05] INFO     Runner started with pid: 20125                                                                                                     coordinator.py:297
                      INFO     Connecting to runner...                                                                                                            coordinator.py:135
                      INFO     Running phase 'Fit' for Amazon2014VideoGames/ItemKNNScorer                                                                         coordinator.py:402
[2026/07/09 00:49:15] INFO     Running phase 'Predict' for Amazon2014VideoGames/ItemKNNScorer                                                                     coordinator.py:402
[2026/07/09 00:50:55] INFO     Running phase 'Evaluate' for Amazon2014VideoGames/ItemKNNScorer                                                                    coordinator.py:402
[2026/07/09 00:53:14] INFO     Amazon2014VideoGames/ItemKNNScorer done!                                                                                           coordinator.py:373
                      INFO     Stopping runner...                                                                                                                 coordinator.py:445
                      INFO     Reusing existing env 'LensKit_env' at /home/prv_tristan/.omnirec/data/envs/LensKit_env                                                     envs.py:48
                      INFO     Starting runner...                                                                                                                 coordinator.py:272
[2026/07/09 00:53:17] INFO     Runner started with pid: 20341                                                                                                     coordinator.py:297
                      INFO     Connecting to runner...                                                                                                            coordinator.py:135
[2026/07/09 00:53:18] INFO     Running phase 'Fit' for Amazon2014VideoGames/PopScorer                                                                             coordinator.py:402
[2026/07/09 00:53:28] INFO     Running phase 'Predict' for Amazon2014VideoGames/PopScorer                                                                         coordinator.py:402
[2026/07/09 01:01:38] INFO     Running phase 'Evaluate' for Amazon2014VideoGames/PopScorer                                                                        coordinator.py:402
[2026/07/09 01:13:02] INFO     Amazon2014VideoGames/PopScorer done!                                                                                               coordinator.py:373
                      INFO     Stopping runner...                                                                                                                 coordinator.py:445
                                                                  MovieLens100K-c0b4b14e: Evaluation Results                                                                  
┏━━━━━━━━━━━━━━━━━━━━━━━━━━━━━━━━━━━━━━━━┳━━━━━━━━━━━━━━━━━━━━━┳━━━━━━━━━━━━━━━━━━━━━┳━━━━━━━━━━━━━━━━━━━━━┳━━━━━━━━━━━━━━━━━━━━━┳━━━━━━━━━━━━━━━━━━━━━┳━━━━━━━━━━━━━━━━━━━━━┓
┃ Algorithm                              ┃ NDCG@1              ┃ NDCG@10             ┃ NDCG@5              ┃ Precision@1         ┃ Precision@10        ┃ Precision@5         ┃
┡━━━━━━━━━━━━━━━━━━━━━━━━━━━━━━━━━━━━━━━━╇━━━━━━━━━━━━━━━━━━━━━╇━━━━━━━━━━━━━━━━━━━━━╇━━━━━━━━━━━━━━━━━━━━━╇━━━━━━━━━━━━━━━━━━━━━╇━━━━━━━━━━━━━━━━━━━━━╇━━━━━━━━━━━━━━━━━━━━━┩
│ LensKit.ImplicitMFScorer-db8d01ec-123  │ 0.20996818663838812 │ 0.17906659753819534 │ 0.18924683626494207 │ 0.20996818663838812 │ 0.17158006362672323 │ 0.18282078472958643 │
│ LensKit.ImplicitMFScorer-db8d01ec-1337 │ 0.2163308589607635  │ 0.1820794703472558  │ 0.19179197538622114 │ 0.2163308589607635  │ 0.1746553552492047  │ 0.18579003181336162 │
│ LensKit.ImplicitMFScorer-db8d01ec-256  │ 0.2163308589607635  │ 0.1825682144849698  │ 0.19463019187041036 │ 0.2163308589607635  │ 0.1740190880169671  │ 0.18833510074231177 │
│ LensKit.ImplicitMFScorer-db8d01ec-42   │ 0.19618239660657477 │ 0.17543239338299602 │ 0.1863139932346322  │ 0.19618239660657477 │ 0.16914103923647933 │ 0.18324496288441147 │
│ LensKit.ImplicitMFScorer-db8d01ec-789  │ 0.23329798515376457 │ 0.18626805863028642 │ 0.20027063843289988 │ 0.23329798515376457 │ 0.17529162248144223 │ 0.19045599151643688 │
│ LensKit.ItemKNNScorer-5f816cf5-123     │ 0.3361611876988335  │ 0.23545752252531646 │ 0.268431293078114   │ 0.3361611876988335  │ 0.21208907741251326 │ 0.2509013785790032  │
│ LensKit.ItemKNNScorer-5f816cf5-1337    │ 0.32237539766702017 │ 0.24274391635539863 │ 0.2718940656966953  │ 0.32237539766702017 │ 0.22290562036055145 │ 0.2583244962884411  │
│ LensKit.ItemKNNScorer-5f816cf5-256     │ 0.31919406150583246 │ 0.22893406835780636 │ 0.2631518176723163  │ 0.31919406150583246 │ 0.20625662778366913 │ 0.24687168610816543 │
│ LensKit.ItemKNNScorer-5f816cf5-42      │ 0.34146341463414637 │ 0.23868596825634059 │ 0.27230825313479706 │ 0.34146341463414637 │ 0.21431601272534465 │ 0.2528101802757158  │
│ LensKit.ItemKNNScorer-5f816cf5-789     │ 0.33828207847295866 │ 0.2363638730363254  │ 0.2686681016842812  │ 0.33828207847295866 │ 0.21208907741251326 │ 0.24856839872746553 │
│ LensKit.PopScorer-dc44ee64-123         │ 0.23647932131495228 │ 0.15734720767148072 │ 0.17157565734661812 │ 0.23647932131495228 │ 0.1440084835630965  │ 0.15715800636267235 │
│ LensKit.PopScorer-dc44ee64-1337        │ 0.24814422057264052 │ 0.16106232192753622 │ 0.18294692242806118 │ 0.24814422057264052 │ 0.14390243902439026 │ 0.167762460233298   │
│ LensKit.PopScorer-dc44ee64-256         │ 0.22163308589607636 │ 0.15769583464156525 │ 0.17003786566630977 │ 0.22163308589607636 │ 0.147932131495228   │ 0.15970307529162248 │
│ LensKit.PopScorer-dc44ee64-42          │ 0.2545068928950159  │ 0.15941596102520378 │ 0.17759637132212613 │ 0.2545068928950159  │ 0.14273594909862142 │ 0.15970307529162248 │
│ LensKit.PopScorer-dc44ee64-789         │ 0.23753976670201485 │ 0.16230364506983685 │ 0.17594237326355536 │ 0.23753976670201485 │ 0.14952279957582185 │ 0.16182396606574762 │
└────────────────────────────────────────┴─────────────────────┴─────────────────────┴─────────────────────┴─────────────────────┴─────────────────────┴─────────────────────┘
                                                                Amazon2014VideoGames-774b8a2c: Evaluation Results                                                                 
┏━━━━━━━━━━━━━━━━━━━━━━━━━━━━━━━━━━━━━━┳━━━━━━━━━━━━━━━━━━━━━━┳━━━━━━━━━━━━━━━━━━━━━━┳━━━━━━━━━━━━━━━━━━━━━━┳━━━━━━━━━━━━━━━━━━━━━━┳━━━━━━━━━━━━━━━━━━━━━━┳━━━━━━━━━━━━━━━━━━━━━━┓
┃ Algorithm                            ┃ NDCG@1               ┃ NDCG@10              ┃ NDCG@5               ┃ Precision@1          ┃ Precision@10         ┃ Precision@5          ┃
┡━━━━━━━━━━━━━━━━━━━━━━━━━━━━━━━━━━━━━━╇━━━━━━━━━━━━━━━━━━━━━━╇━━━━━━━━━━━━━━━━━━━━━━╇━━━━━━━━━━━━━━━━━━━━━━╇━━━━━━━━━━━━━━━━━━━━━━╇━━━━━━━━━━━━━━━━━━━━━━╇━━━━━━━━━━━━━━━━━━━━━━┩
│ LensKit.ImplicitMFScorer-db8d01ec-42 │ 0.040610216339765054 │ 0.025970308666875837 │ 0.031094384816688234 │ 0.040610216339765054 │ 0.0224206665603572   │ 0.028480306171264555 │
│ LensKit.ItemKNNScorer-5f816cf5-42    │ 0.023069154308191144 │ 0.015191124208597943 │ 0.01815242066638511  │ 0.023069154308191144 │ 0.013187689363737843 │ 0.016743741030138735 │
│ LensKit.PopScorer-dc44ee64-42        │ 0.00632541327805241  │ 0.005068836658624901 │ 0.005613574704280726 │ 0.00632541327805241  │ 0.004693562961781747 │ 0.005326104289586988 │
└──────────────────────────────────────┴──────────────────────┴──────────────────────┴──────────────────────┴──────────────────────┴──────────────────────┴──────────────────────┘
    Results (MovieLens100K-c0b4b14e):
      LensKit.ImplicitMFScorer                 | Precision@1  = 0.196182
      LensKit.ImplicitMFScorer                 | Precision@5  = 0.183245
      LensKit.ImplicitMFScorer                 | Precision@10 = 0.169141
      LensKit.ImplicitMFScorer                 | NDCG@1       = 0.196182
      LensKit.ImplicitMFScorer                 | NDCG@5       = 0.186314
      LensKit.ImplicitMFScorer                 | NDCG@10      = 0.175432
      LensKit.ItemKNNScorer                    | Precision@1  = 0.341463
      LensKit.ItemKNNScorer                    | Precision@5  = 0.252810
      LensKit.ItemKNNScorer                    | Precision@10 = 0.214316
      LensKit.ItemKNNScorer                    | NDCG@1       = 0.341463
      LensKit.ItemKNNScorer                    | NDCG@5       = 0.272308
      LensKit.ItemKNNScorer                    | NDCG@10      = 0.238686
      LensKit.PopScorer                        | Precision@1  = 0.254507
      LensKit.PopScorer                        | Precision@5  = 0.159703
      LensKit.PopScorer                        | Precision@10 = 0.142736
      LensKit.PopScorer                        | NDCG@1       = 0.254507
      LensKit.PopScorer                        | NDCG@5       = 0.177596
      LensKit.PopScorer                        | NDCG@10      = 0.159416
      LensKit.ImplicitMFScorer                 | Precision@1  = 0.209968
      LensKit.ImplicitMFScorer                 | Precision@5  = 0.182821
      LensKit.ImplicitMFScorer                 | Precision@10 = 0.171580
      LensKit.ImplicitMFScorer                 | NDCG@1       = 0.209968
      LensKit.ImplicitMFScorer                 | NDCG@5       = 0.189247
      LensKit.ImplicitMFScorer                 | NDCG@10      = 0.179067
      LensKit.ItemKNNScorer                    | Precision@1  = 0.336161
      LensKit.ItemKNNScorer                    | Precision@5  = 0.250901
      LensKit.ItemKNNScorer                    | Precision@10 = 0.212089
      LensKit.ItemKNNScorer                    | NDCG@1       = 0.336161
      LensKit.ItemKNNScorer                    | NDCG@5       = 0.268431
      LensKit.ItemKNNScorer                    | NDCG@10      = 0.235458
      LensKit.PopScorer                        | Precision@1  = 0.236479
      LensKit.PopScorer                        | Precision@5  = 0.157158
      LensKit.PopScorer                        | Precision@10 = 0.144008
      LensKit.PopScorer                        | NDCG@1       = 0.236479
      LensKit.PopScorer                        | NDCG@5       = 0.171576
      LensKit.PopScorer                        | NDCG@10      = 0.157347
      LensKit.ImplicitMFScorer                 | Precision@1  = 0.216331
      LensKit.ImplicitMFScorer                 | Precision@5  = 0.188335
      LensKit.ImplicitMFScorer                 | Precision@10 = 0.174019
      LensKit.ImplicitMFScorer                 | NDCG@1       = 0.216331
      LensKit.ImplicitMFScorer                 | NDCG@5       = 0.194630
      LensKit.ImplicitMFScorer                 | NDCG@10      = 0.182568
      LensKit.ItemKNNScorer                    | Precision@1  = 0.319194
      LensKit.ItemKNNScorer                    | Precision@5  = 0.246872
      LensKit.ItemKNNScorer                    | Precision@10 = 0.206257
      LensKit.ItemKNNScorer                    | NDCG@1       = 0.319194
      LensKit.ItemKNNScorer                    | NDCG@5       = 0.263152
      LensKit.ItemKNNScorer                    | NDCG@10      = 0.228934
      LensKit.PopScorer                        | Precision@1  = 0.221633
      LensKit.PopScorer                        | Precision@5  = 0.159703
      LensKit.PopScorer                        | Precision@10 = 0.147932
      LensKit.PopScorer                        | NDCG@1       = 0.221633
      LensKit.PopScorer                        | NDCG@5       = 0.170038
      LensKit.PopScorer                        | NDCG@10      = 0.157696
      LensKit.ImplicitMFScorer                 | Precision@1  = 0.233298
      LensKit.ImplicitMFScorer                 | Precision@5  = 0.190456
      LensKit.ImplicitMFScorer                 | Precision@10 = 0.175292
      LensKit.ImplicitMFScorer                 | NDCG@1       = 0.233298
      LensKit.ImplicitMFScorer                 | NDCG@5       = 0.200271
      LensKit.ImplicitMFScorer                 | NDCG@10      = 0.186268
      LensKit.ItemKNNScorer                    | Precision@1  = 0.338282
      LensKit.ItemKNNScorer                    | Precision@5  = 0.248568
      LensKit.ItemKNNScorer                    | Precision@10 = 0.212089
      LensKit.ItemKNNScorer                    | NDCG@1       = 0.338282
      LensKit.ItemKNNScorer                    | NDCG@5       = 0.268668
      LensKit.ItemKNNScorer                    | NDCG@10      = 0.236364
      LensKit.PopScorer                        | Precision@1  = 0.237540
      LensKit.PopScorer                        | Precision@5  = 0.161824
      LensKit.PopScorer                        | Precision@10 = 0.149523
      LensKit.PopScorer                        | NDCG@1       = 0.237540
      LensKit.PopScorer                        | NDCG@5       = 0.175942
      LensKit.PopScorer                        | NDCG@10      = 0.162304
      LensKit.ImplicitMFScorer                 | Precision@1  = 0.216331
      LensKit.ImplicitMFScorer                 | Precision@5  = 0.185790
      LensKit.ImplicitMFScorer                 | Precision@10 = 0.174655
      LensKit.ImplicitMFScorer                 | NDCG@1       = 0.216331
      LensKit.ImplicitMFScorer                 | NDCG@5       = 0.191792
      LensKit.ImplicitMFScorer                 | NDCG@10      = 0.182079
      LensKit.ItemKNNScorer                    | Precision@1  = 0.322375
      LensKit.ItemKNNScorer                    | Precision@5  = 0.258324
      LensKit.ItemKNNScorer                    | Precision@10 = 0.222906
      LensKit.ItemKNNScorer                    | NDCG@1       = 0.322375
      LensKit.ItemKNNScorer                    | NDCG@5       = 0.271894
      LensKit.ItemKNNScorer                    | NDCG@10      = 0.242744
      LensKit.PopScorer                        | Precision@1  = 0.248144
      LensKit.PopScorer                        | Precision@5  = 0.167762
      LensKit.PopScorer                        | Precision@10 = 0.143902
      LensKit.PopScorer                        | NDCG@1       = 0.248144
      LensKit.PopScorer                        | NDCG@5       = 0.182947
      LensKit.PopScorer                        | NDCG@10      = 0.161062
    Results (Amazon2014VideoGames-774b8a2c):
      LensKit.ImplicitMFScorer                 | Precision@1  = 0.040610
      LensKit.ImplicitMFScorer                 | Precision@5  = 0.028480
      LensKit.ImplicitMFScorer                 | Precision@10 = 0.022421
      LensKit.ImplicitMFScorer                 | NDCG@1       = 0.040610
      LensKit.ImplicitMFScorer                 | NDCG@5       = 0.031094
      LensKit.ImplicitMFScorer                 | NDCG@10      = 0.025970
      LensKit.ItemKNNScorer                    | Precision@1  = 0.023069
      LensKit.ItemKNNScorer                    | Precision@5  = 0.016744
      LensKit.ItemKNNScorer                    | Precision@10 = 0.013188
      LensKit.ItemKNNScorer                    | NDCG@1       = 0.023069
      LensKit.ItemKNNScorer                    | NDCG@5       = 0.018152
      LensKit.ItemKNNScorer                    | NDCG@10      = 0.015191
      LensKit.PopScorer                        | Precision@1  = 0.006325
      LensKit.PopScorer                        | Precision@5  = 0.005326
      LensKit.PopScorer                        | Precision@10 = 0.004694
      LensKit.PopScorer                        | NDCG@1       = 0.006325
      LensKit.PopScorer                        | NDCG@5       = 0.005614
      LensKit.PopScorer                        | NDCG@10      = 0.005069
    ✓ Seed 42 completed successfully

  ────────────────────────────────────────────────────────────
  Seed 123 (iteration 2/5)
  ────────────────────────────────────────────────────────────
    Random state set to: 123
    Loading dataset...
[2026/07/09 01:13:03] INFO     Canonicalized data set already exists, skipping download and canonicalization.                                                 recsys_data_set.py:205
    Preprocessing (MakeImplicit=True, CorePruning=5, UserHoldout split)...
[2026/07/09 01:13:04] INFO     Making data set implicit with threshold 3.                                                                                  feedback_conversion.py:21
                      INFO     Minimum rating: 1.0                                                                                                         feedback_conversion.py:24
                      INFO     Maximum rating: 5.0                                                                                                         feedback_conversion.py:25
                      INFO     Number of interactions before: 1324753                                                                                      feedback_conversion.py:26
                      INFO     Number of interactions after: 1094400                                                                                       feedback_conversion.py:44
                      INFO     Pruning data set to 5-core.                                                                                                        core_pruning.py:19
                      INFO     Number of interactions before: 1094400                                                                                             core_pruning.py:20
[2026/07/09 01:13:09] INFO     Number of interactions after: 177572                                                                                               core_pruning.py:63
    Train interactions: 110783, Val interactions: 24560, Test interactions: 42229
    Running algorithms (ImplicitMFScorer, ItemKNNScorer, PopScorer)...
    This may take a while for large datasets...
[2026/07/09 01:13:49] INFO     Reusing existing env 'LensKit_env' at /home/prv_tristan/.omnirec/data/envs/LensKit_env                                                     envs.py:48
                      INFO     Starting runner...                                                                                                                 coordinator.py:272
[2026/07/09 01:13:54] INFO     Runner started with pid: 20878                                                                                                     coordinator.py:297
                      INFO     Connecting to runner...                                                                                                            coordinator.py:135
                      INFO     Running phase 'Fit' for Amazon2014VideoGames/ImplicitMFScorer                                                                      coordinator.py:402
[2026/07/09 01:14:24] INFO     Running phase 'Predict' for Amazon2014VideoGames/ImplicitMFScorer                                                                  coordinator.py:402
[2026/07/09 01:23:04] INFO     Running phase 'Evaluate' for Amazon2014VideoGames/ImplicitMFScorer                                                                 coordinator.py:402
[2026/07/09 01:34:53] INFO     Amazon2014VideoGames/ImplicitMFScorer done!                                                                                        coordinator.py:373
[2026/07/09 01:34:54] INFO     Stopping runner...                                                                                                                 coordinator.py:445
                      INFO     Reusing existing env 'LensKit_env' at /home/prv_tristan/.omnirec/data/envs/LensKit_env                                                     envs.py:48
                      INFO     Starting runner...                                                                                                                 coordinator.py:272
[2026/07/09 01:34:58] INFO     Runner started with pid: 21483                                                                                                     coordinator.py:297
                      INFO     Connecting to runner...                                                                                                            coordinator.py:135
[2026/07/09 01:34:59] INFO     Running phase 'Fit' for Amazon2014VideoGames/ItemKNNScorer                                                                         coordinator.py:402
[2026/07/09 01:35:09] INFO     Running phase 'Predict' for Amazon2014VideoGames/ItemKNNScorer                                                                     coordinator.py:402
[2026/07/09 01:36:59] INFO     Running phase 'Evaluate' for Amazon2014VideoGames/ItemKNNScorer                                                                    coordinator.py:402
[2026/07/09 01:38:47] INFO     Amazon2014VideoGames/ItemKNNScorer done!                                                                                           coordinator.py:373
                      INFO     Stopping runner...                                                                                                                 coordinator.py:445
[2026/07/09 01:38:48] INFO     Reusing existing env 'LensKit_env' at /home/prv_tristan/.omnirec/data/envs/LensKit_env                                                     envs.py:48
                      INFO     Starting runner...                                                                                                                 coordinator.py:272
[2026/07/09 01:38:51] INFO     Runner started with pid: 21681                                                                                                     coordinator.py:297
                      INFO     Connecting to runner...                                                                                                            coordinator.py:135
                      INFO     Running phase 'Fit' for Amazon2014VideoGames/PopScorer                                                                             coordinator.py:402
[2026/07/09 01:39:01] INFO     Running phase 'Predict' for Amazon2014VideoGames/PopScorer                                                                         coordinator.py:402
TimeoutError: Execution exceeded the time limit of an hour