Using OmniRec UserHoldout(validation_size=0.01, test_size=0.2) to approximate a user-based 80/20 holdout while avoiding the documented API crash for validation_size=0.0.

[MovieLens100K] Preparing seed=11
[2026/07/08 23:58:41] INFO     Canonicalized data set already exists, skipping download and       recsys_data_set.py:205
                               canonicalization.                                                                        
                      INFO     Making data set implicit with threshold 3.                      feedback_conversion.py:21
                      INFO     Minimum rating: 1                                               feedback_conversion.py:24
                      INFO     Maximum rating: 5                                               feedback_conversion.py:25
                      INFO     Number of interactions before: 100000                           feedback_conversion.py:26
                      INFO     Number of interactions after: 82520                             feedback_conversion.py:44
                      INFO     Pruning data set to 5-core.                                            core_pruning.py:19
                      INFO     Number of interactions before: 82520                                   core_pruning.py:20
                      INFO     Number of interactions after: 81697                                    core_pruning.py:63
[MovieLens100K] Running OmniRec for seed=11
[2026/07/08 23:58:42] INFO     Reusing existing env 'LensKit_env' at                                          envs.py:48
                               /home/florian_dueck04/.omnirec/data/envs/LensKit_env                                     
                      INFO     Starting runner...                                                     coordinator.py:272
[2026/07/08 23:58:50] INFO     Runner started with pid: 287294                                        coordinator.py:297
                      INFO     Connecting to runner...                                                coordinator.py:135
                      INFO     Running phase 'Fit' for MovieLens100K/ImplicitMFScorer                 coordinator.py:402
[2026/07/08 23:59:00] INFO     Running phase 'Predict' for MovieLens100K/ImplicitMFScorer             coordinator.py:402
[2026/07/08 23:59:20] INFO     Running phase 'Evaluate' for MovieLens100K/ImplicitMFScorer            coordinator.py:402
[2026/07/08 23:59:22] INFO     MovieLens100K/ImplicitMFScorer done!                                   coordinator.py:373
                      INFO     Stopping runner...                                                     coordinator.py:445
                      INFO     Reusing existing env 'LensKit_env' at                                          envs.py:48
                               /home/florian_dueck04/.omnirec/data/envs/LensKit_env                                     
                      INFO     Starting runner...                                                     coordinator.py:272
[2026/07/08 23:59:25] INFO     Runner started with pid: 287391                                        coordinator.py:297
                      INFO     Connecting to runner...                                                coordinator.py:135
                      INFO     Running phase 'Fit' for MovieLens100K/ItemKNNScorer                    coordinator.py:402
[2026/07/08 23:59:35] INFO     Running phase 'Predict' for MovieLens100K/ItemKNNScorer                coordinator.py:402
[2026/07/08 23:59:45] INFO     Running phase 'Evaluate' for MovieLens100K/ItemKNNScorer               coordinator.py:402
[2026/07/08 23:59:47] INFO     MovieLens100K/ItemKNNScorer done!                                      coordinator.py:373
                      INFO     Stopping runner...                                                     coordinator.py:445
                      INFO     Reusing existing env 'LensKit_env' at                                          envs.py:48
                               /home/florian_dueck04/.omnirec/data/envs/LensKit_env                                     
                      INFO     Starting runner...                                                     coordinator.py:272
[2026/07/08 23:59:50] INFO     Runner started with pid: 287485                                        coordinator.py:297
                      INFO     Connecting to runner...                                                coordinator.py:135
                      INFO     Running phase 'Fit' for MovieLens100K/PopScorer                        coordinator.py:402
[2026/07/09 00:00:00] INFO     Running phase 'Predict' for MovieLens100K/PopScorer                    coordinator.py:402
[2026/07/09 00:00:10] INFO     Running phase 'Evaluate' for MovieLens100K/PopScorer                   coordinator.py:402
[2026/07/09 00:00:12] INFO     MovieLens100K/PopScorer done!                                          coordinator.py:373
                      INFO     Stopping runner...                                                     coordinator.py:445
                                       MovieLens100K-c437b6f6: Evaluation Results                                       
┏━━━━━━━━━━━━━━━━┳━━━━━━━━━━━━━━━━┳━━━━━━━━━━━━━━━━┳━━━━━━━━━━━━━━━━┳━━━━━━━━━━━━━━━━┳━━━━━━━━━━━━━━━━┳━━━━━━━━━━━━━━━━┓
┃ Algorithm      ┃ NDCG@1         ┃ NDCG@10        ┃ NDCG@5         ┃ Precision@1    ┃ Precision@10   ┃ Precision@5    ┃
┡━━━━━━━━━━━━━━━━╇━━━━━━━━━━━━━━━━╇━━━━━━━━━━━━━━━━╇━━━━━━━━━━━━━━━━╇━━━━━━━━━━━━━━━━╇━━━━━━━━━━━━━━━━╇━━━━━━━━━━━━━━━━┩
│ LensKit.Impli… │ 0.22799575821… │ 0.20078086516… │ 0.21580485661… │ 0.22799575821… │ 0.19225874867… │ 0.21208907741… │
│ LensKit.ItemK… │ 0.36055143160… │ 0.25700211117… │ 0.29959478550… │ 0.36055143160… │ 0.22958642629… │ 0.28186638388… │
│ LensKit.PopSc… │ 0.24284199363… │ 0.17085374805… │ 0.18419393959… │ 0.24284199363… │ 0.15715800636… │ 0.16818663838… │
└────────────────┴────────────────┴────────────────┴────────────────┴────────────────┴────────────────┴────────────────┘
[MovieLens100K] Completed seed=11
algorithm    metric  k    value
      ALS      NDCG  1 0.227996
      ALS      NDCG  5 0.215805
      ALS      NDCG 10 0.200781
      ALS Precision  1 0.227996
      ALS Precision  5 0.212089
      ALS Precision 10 0.192259
  ItemKNN      NDCG  1 0.360551
  ItemKNN      NDCG  5 0.299595
  ItemKNN      NDCG 10 0.257002
  ItemKNN Precision  1 0.360551
  ItemKNN Precision  5 0.281866
  ItemKNN Precision 10 0.229586
      Pop      NDCG  1 0.242842
      Pop      NDCG  5 0.184194
      Pop      NDCG 10 0.170854
      Pop Precision  1 0.242842
      Pop Precision  5 0.168187
      Pop Precision 10 0.157158

[MovieLens100K] Preparing seed=22
                      INFO     Canonicalized data set already exists, skipping download and       recsys_data_set.py:205
                               canonicalization.                                                                        
                      INFO     Making data set implicit with threshold 3.                      feedback_conversion.py:21
                      INFO     Minimum rating: 1                                               feedback_conversion.py:24
                      INFO     Maximum rating: 5                                               feedback_conversion.py:25
                      INFO     Number of interactions before: 100000                           feedback_conversion.py:26
                      INFO     Number of interactions after: 82520                             feedback_conversion.py:44
                      INFO     Pruning data set to 5-core.                                            core_pruning.py:19
                      INFO     Number of interactions before: 82520                                   core_pruning.py:20
                      INFO     Number of interactions after: 81697                                    core_pruning.py:63
[MovieLens100K] Running OmniRec for seed=22
[2026/07/09 00:00:13] INFO     Reusing existing env 'LensKit_env' at                                          envs.py:48
                               /home/florian_dueck04/.omnirec/data/envs/LensKit_env                                     
                      INFO     Starting runner...                                                     coordinator.py:272
[2026/07/09 00:00:16] INFO     Runner started with pid: 287651                                        coordinator.py:297
                      INFO     Connecting to runner...                                                coordinator.py:135
                      INFO     Running phase 'Fit' for MovieLens100K/ImplicitMFScorer                 coordinator.py:402
[2026/07/09 00:00:26] INFO     Running phase 'Predict' for MovieLens100K/ImplicitMFScorer             coordinator.py:402
[2026/07/09 00:00:47] INFO     Running phase 'Evaluate' for MovieLens100K/ImplicitMFScorer            coordinator.py:402
[2026/07/09 00:00:49] INFO     MovieLens100K/ImplicitMFScorer done!                                   coordinator.py:373
                      INFO     Stopping runner...                                                     coordinator.py:445
                      INFO     Reusing existing env 'LensKit_env' at                                          envs.py:48
                               /home/florian_dueck04/.omnirec/data/envs/LensKit_env                                     
                      INFO     Starting runner...                                                     coordinator.py:272
[2026/07/09 00:00:51] INFO     Runner started with pid: 287745                                        coordinator.py:297
                      INFO     Connecting to runner...                                                coordinator.py:135
                      INFO     Running phase 'Fit' for MovieLens100K/ItemKNNScorer                    coordinator.py:402
[2026/07/09 00:01:01] INFO     Running phase 'Predict' for MovieLens100K/ItemKNNScorer                coordinator.py:402
[2026/07/09 00:01:11] INFO     Running phase 'Evaluate' for MovieLens100K/ItemKNNScorer               coordinator.py:402
[2026/07/09 00:01:14] INFO     MovieLens100K/ItemKNNScorer done!                                      coordinator.py:373
                      INFO     Stopping runner...                                                     coordinator.py:445
                      INFO     Reusing existing env 'LensKit_env' at                                          envs.py:48
                               /home/florian_dueck04/.omnirec/data/envs/LensKit_env                                     
                      INFO     Starting runner...                                                     coordinator.py:272
[2026/07/09 00:01:16] INFO     Runner started with pid: 287842                                        coordinator.py:297
                      INFO     Connecting to runner...                                                coordinator.py:135
                      INFO     Running phase 'Fit' for MovieLens100K/PopScorer                        coordinator.py:402
[2026/07/09 00:01:26] INFO     Running phase 'Predict' for MovieLens100K/PopScorer                    coordinator.py:402
[2026/07/09 00:01:36] INFO     Running phase 'Evaluate' for MovieLens100K/PopScorer                   coordinator.py:402
[2026/07/09 00:01:38] INFO     MovieLens100K/PopScorer done!                                          coordinator.py:373
                      INFO     Stopping runner...                                                     coordinator.py:445
                                       MovieLens100K-c437b6f6: Evaluation Results                                       
┏━━━━━━━━━━━━━━━━┳━━━━━━━━━━━━━━━━┳━━━━━━━━━━━━━━━━┳━━━━━━━━━━━━━━━━┳━━━━━━━━━━━━━━━━┳━━━━━━━━━━━━━━━━┳━━━━━━━━━━━━━━━━┓
┃ Algorithm      ┃ NDCG@1         ┃ NDCG@10        ┃ NDCG@5         ┃ Precision@1    ┃ Precision@10   ┃ Precision@5    ┃
┡━━━━━━━━━━━━━━━━╇━━━━━━━━━━━━━━━━╇━━━━━━━━━━━━━━━━╇━━━━━━━━━━━━━━━━╇━━━━━━━━━━━━━━━━╇━━━━━━━━━━━━━━━━╇━━━━━━━━━━━━━━━━┩
│ LensKit.Impli… │ 0.22799575821… │ 0.20078086516… │ 0.21580485661… │ 0.22799575821… │ 0.19225874867… │ 0.21208907741… │
│ LensKit.Impli… │ 0.24284199363… │ 0.19320205330… │ 0.20697266927… │ 0.24284199363… │ 0.18250265111… │ 0.19851537645… │
│ LensKit.ItemK… │ 0.36055143160… │ 0.25700211117… │ 0.29959478550… │ 0.36055143160… │ 0.22958642629… │ 0.28186638388… │
│ LensKit.ItemK… │ 0.38918345705… │ 0.26551380086… │ 0.30981631620… │ 0.38918345705… │ 0.23573700954… │ 0.28844114528… │
│ LensKit.PopSc… │ 0.24284199363… │ 0.17085374805… │ 0.18419393959… │ 0.24284199363… │ 0.15715800636… │ 0.16818663838… │
│ LensKit.PopSc… │ 0.24602332979… │ 0.17605623003… │ 0.19082843121… │ 0.24602332979… │ 0.16235418875… │ 0.17624602332… │
└────────────────┴────────────────┴────────────────┴────────────────┴────────────────┴────────────────┴────────────────┘
[MovieLens100K] Completed seed=22
algorithm    metric  k    value
      ALS      NDCG  1 0.227996
      ALS      NDCG  1 0.242842
      ALS      NDCG  5 0.215805
      ALS      NDCG  5 0.206973
      ALS      NDCG 10 0.200781
      ALS      NDCG 10 0.193202
      ALS Precision  1 0.227996
      ALS Precision  1 0.242842
      ALS Precision  5 0.212089
      ALS Precision  5 0.198515
      ALS Precision 10 0.192259
      ALS Precision 10 0.182503
  ItemKNN      NDCG  1 0.360551
  ItemKNN      NDCG  1 0.389183
  ItemKNN      NDCG  5 0.299595
  ItemKNN      NDCG  5 0.309816
  ItemKNN      NDCG 10 0.257002
  ItemKNN      NDCG 10 0.265514
  ItemKNN Precision  1 0.360551
  ItemKNN Precision  1 0.389183
  ItemKNN Precision  5 0.281866
  ItemKNN Precision  5 0.288441
  ItemKNN Precision 10 0.229586
  ItemKNN Precision 10 0.235737
      Pop      NDCG  1 0.242842
      Pop      NDCG  1 0.246023
      Pop      NDCG  5 0.184194
      Pop      NDCG  5 0.190828
      Pop      NDCG 10 0.170854
      Pop      NDCG 10 0.176056
      Pop Precision  1 0.242842
      Pop Precision  1 0.246023
      Pop Precision  5 0.168187
      Pop Precision  5 0.176246
      Pop Precision 10 0.157158
      Pop Precision 10 0.162354

[MovieLens100K] Preparing seed=33
[2026/07/09 00:01:39] INFO     Canonicalized data set already exists, skipping download and       recsys_data_set.py:205
                               canonicalization.                                                                        
                      INFO     Making data set implicit with threshold 3.                      feedback_conversion.py:21
                      INFO     Minimum rating: 1                                               feedback_conversion.py:24
                      INFO     Maximum rating: 5                                               feedback_conversion.py:25
                      INFO     Number of interactions before: 100000                           feedback_conversion.py:26
                      INFO     Number of interactions after: 82520                             feedback_conversion.py:44
                      INFO     Pruning data set to 5-core.                                            core_pruning.py:19
                      INFO     Number of interactions before: 82520                                   core_pruning.py:20
                      INFO     Number of interactions after: 81697                                    core_pruning.py:63
[MovieLens100K] Running OmniRec for seed=33
                      INFO     Reusing existing env 'LensKit_env' at                                          envs.py:48
                               /home/florian_dueck04/.omnirec/data/envs/LensKit_env                                     
                      INFO     Starting runner...                                                     coordinator.py:272
[2026/07/09 00:01:42] INFO     Runner started with pid: 287928                                        coordinator.py:297
                      INFO     Connecting to runner...                                                coordinator.py:135
                      INFO     Running phase 'Fit' for MovieLens100K/ImplicitMFScorer                 coordinator.py:402
[2026/07/09 00:01:52] INFO     Running phase 'Predict' for MovieLens100K/ImplicitMFScorer             coordinator.py:402
[2026/07/09 00:02:12] INFO     Running phase 'Evaluate' for MovieLens100K/ImplicitMFScorer            coordinator.py:402
[2026/07/09 00:02:14] INFO     MovieLens100K/ImplicitMFScorer done!                                   coordinator.py:373
                      INFO     Stopping runner...                                                     coordinator.py:445
                      INFO     Reusing existing env 'LensKit_env' at                                          envs.py:48
                               /home/florian_dueck04/.omnirec/data/envs/LensKit_env                                     
                      INFO     Starting runner...                                                     coordinator.py:272
[2026/07/09 00:02:16] INFO     Runner started with pid: 288024                                        coordinator.py:297
                      INFO     Connecting to runner...                                                coordinator.py:135
[2026/07/09 00:02:17] INFO     Running phase 'Fit' for MovieLens100K/ItemKNNScorer                    coordinator.py:402
[2026/07/09 00:02:27] INFO     Running phase 'Predict' for MovieLens100K/ItemKNNScorer                coordinator.py:402
[2026/07/09 00:02:37] INFO     Running phase 'Evaluate' for MovieLens100K/ItemKNNScorer               coordinator.py:402
[2026/07/09 00:02:39] INFO     MovieLens100K/ItemKNNScorer done!                                      coordinator.py:373
                      INFO     Stopping runner...                                                     coordinator.py:445
                      INFO     Reusing existing env 'LensKit_env' at                                          envs.py:48
                               /home/florian_dueck04/.omnirec/data/envs/LensKit_env                                     
                      INFO     Starting runner...                                                     coordinator.py:272
[2026/07/09 00:02:41] INFO     Runner started with pid: 288123                                        coordinator.py:297
                      INFO     Connecting to runner...                                                coordinator.py:135
                      INFO     Running phase 'Fit' for MovieLens100K/PopScorer                        coordinator.py:402
[2026/07/09 00:02:51] INFO     Running phase 'Predict' for MovieLens100K/PopScorer                    coordinator.py:402
[2026/07/09 00:03:01] INFO     Running phase 'Evaluate' for MovieLens100K/PopScorer                   coordinator.py:402
[2026/07/09 00:03:03] INFO     MovieLens100K/PopScorer done!                                          coordinator.py:373
                      INFO     Stopping runner...                                                     coordinator.py:445
                                       MovieLens100K-c437b6f6: Evaluation Results                                       
┏━━━━━━━━━━━━━━━━┳━━━━━━━━━━━━━━━━┳━━━━━━━━━━━━━━━━┳━━━━━━━━━━━━━━━━┳━━━━━━━━━━━━━━━━┳━━━━━━━━━━━━━━━━┳━━━━━━━━━━━━━━━━┓
┃ Algorithm      ┃ NDCG@1         ┃ NDCG@10        ┃ NDCG@5         ┃ Precision@1    ┃ Precision@10   ┃ Precision@5    ┃
┡━━━━━━━━━━━━━━━━╇━━━━━━━━━━━━━━━━╇━━━━━━━━━━━━━━━━╇━━━━━━━━━━━━━━━━╇━━━━━━━━━━━━━━━━╇━━━━━━━━━━━━━━━━╇━━━━━━━━━━━━━━━━┩
│ LensKit.Impli… │ 0.22799575821… │ 0.20078086516… │ 0.21580485661… │ 0.22799575821… │ 0.19225874867… │ 0.21208907741… │
│ LensKit.Impli… │ 0.24284199363… │ 0.19320205330… │ 0.20697266927… │ 0.24284199363… │ 0.18250265111… │ 0.19851537645… │
│ LensKit.Impli… │ 0.22693531283… │ 0.19770158253… │ 0.20820038629… │ 0.22693531283… │ 0.18992576882… │ 0.20190880169… │
│ LensKit.ItemK… │ 0.36055143160… │ 0.25700211117… │ 0.29959478550… │ 0.36055143160… │ 0.22958642629… │ 0.28186638388… │
│ LensKit.ItemK… │ 0.38918345705… │ 0.26551380086… │ 0.30981631620… │ 0.38918345705… │ 0.23573700954… │ 0.28844114528… │
│ LensKit.ItemK… │ 0.39024390243… │ 0.26432388434… │ 0.31320201658… │ 0.39024390243… │ 0.23276776246… │ 0.29289501590… │
│ LensKit.PopSc… │ 0.24284199363… │ 0.17085374805… │ 0.18419393959… │ 0.24284199363… │ 0.15715800636… │ 0.16818663838… │
│ LensKit.PopSc… │ 0.24602332979… │ 0.17605623003… │ 0.19082843121… │ 0.24602332979… │ 0.16235418875… │ 0.17624602332… │
│ LensKit.PopSc… │ 0.25980911983… │ 0.16926872420… │ 0.18527942782… │ 0.25980911983… │ 0.15334040296… │ 0.16733828207… │
└────────────────┴────────────────┴────────────────┴────────────────┴────────────────┴────────────────┴────────────────┘
[MovieLens100K] Completed seed=33
algorithm    metric  k    value
      ALS      NDCG  1 0.227996
      ALS      NDCG  1 0.242842
      ALS      NDCG  1 0.226935
      ALS      NDCG  5 0.215805
      ALS      NDCG  5 0.206973
      ALS      NDCG  5 0.208200
      ALS      NDCG 10 0.200781
      ALS      NDCG 10 0.193202
      ALS      NDCG 10 0.197702
      ALS Precision  1 0.227996
      ALS Precision  1 0.242842
      ALS Precision  1 0.226935
      ALS Precision  5 0.212089
      ALS Precision  5 0.198515
      ALS Precision  5 0.201909
      ALS Precision 10 0.192259
      ALS Precision 10 0.182503
      ALS Precision 10 0.189926
  ItemKNN      NDCG  1 0.360551
  ItemKNN      NDCG  1 0.389183
  ItemKNN      NDCG  1 0.390244
  ItemKNN      NDCG  5 0.299595
  ItemKNN      NDCG  5 0.309816
  ItemKNN      NDCG  5 0.313202
  ItemKNN      NDCG 10 0.257002
  ItemKNN      NDCG 10 0.265514
  ItemKNN      NDCG 10 0.264324
  ItemKNN Precision  1 0.360551
  ItemKNN Precision  1 0.389183
  ItemKNN Precision  1 0.390244
  ItemKNN Precision  5 0.281866
  ItemKNN Precision  5 0.288441
  ItemKNN Precision  5 0.292895
  ItemKNN Precision 10 0.229586
  ItemKNN Precision 10 0.235737
  ItemKNN Precision 10 0.232768
      Pop      NDCG  1 0.242842
      Pop      NDCG  1 0.246023
      Pop      NDCG  1 0.259809
      Pop      NDCG  5 0.184194
      Pop      NDCG  5 0.190828
      Pop      NDCG  5 0.185279
      Pop      NDCG 10 0.170854
      Pop      NDCG 10 0.176056
      Pop      NDCG 10 0.169269
      Pop Precision  1 0.242842
      Pop Precision  1 0.246023
      Pop Precision  1 0.259809
      Pop Precision  5 0.168187
      Pop Precision  5 0.176246
      Pop Precision  5 0.167338
      Pop Precision 10 0.157158
      Pop Precision 10 0.162354
      Pop Precision 10 0.153340

[MovieLens100K] Preparing seed=44
[2026/07/09 00:03:04] INFO     Canonicalized data set already exists, skipping download and       recsys_data_set.py:205
                               canonicalization.                                                                        
                      INFO     Making data set implicit with threshold 3.                      feedback_conversion.py:21
                      INFO     Minimum rating: 1                                               feedback_conversion.py:24
                      INFO     Maximum rating: 5                                               feedback_conversion.py:25
                      INFO     Number of interactions before: 100000                           feedback_conversion.py:26
                      INFO     Number of interactions after: 82520                             feedback_conversion.py:44
                      INFO     Pruning data set to 5-core.                                            core_pruning.py:19
                      INFO     Number of interactions before: 82520                                   core_pruning.py:20
                      INFO     Number of interactions after: 81697                                    core_pruning.py:63
[MovieLens100K] Running OmniRec for seed=44
                      INFO     Reusing existing env 'LensKit_env' at                                          envs.py:48
                               /home/florian_dueck04/.omnirec/data/envs/LensKit_env                                     
                      INFO     Starting runner...                                                     coordinator.py:272
[2026/07/09 00:03:07] INFO     Runner started with pid: 288209                                        coordinator.py:297
                      INFO     Connecting to runner...                                                coordinator.py:135
                      INFO     Running phase 'Fit' for MovieLens100K/ImplicitMFScorer                 coordinator.py:402
[2026/07/09 00:03:17] INFO     Running phase 'Predict' for MovieLens100K/ImplicitMFScorer             coordinator.py:402
[2026/07/09 00:03:37] INFO     Running phase 'Evaluate' for MovieLens100K/ImplicitMFScorer            coordinator.py:402
[2026/07/09 00:03:39] INFO     MovieLens100K/ImplicitMFScorer done!                                   coordinator.py:373
                      INFO     Stopping runner...                                                     coordinator.py:445
                      INFO     Reusing existing env 'LensKit_env' at                                          envs.py:48
                               /home/florian_dueck04/.omnirec/data/envs/LensKit_env                                     
                      INFO     Starting runner...                                                     coordinator.py:272
[2026/07/09 00:03:41] INFO     Runner started with pid: 288306                                        coordinator.py:297
                      INFO     Connecting to runner...                                                coordinator.py:135
[2026/07/09 00:03:42] INFO     Running phase 'Fit' for MovieLens100K/ItemKNNScorer                    coordinator.py:402
[2026/07/09 00:03:52] INFO     Running phase 'Predict' for MovieLens100K/ItemKNNScorer                coordinator.py:402
[2026/07/09 00:04:02] INFO     Running phase 'Evaluate' for MovieLens100K/ItemKNNScorer               coordinator.py:402
[2026/07/09 00:04:04] INFO     MovieLens100K/ItemKNNScorer done!                                      coordinator.py:373
                      INFO     Stopping runner...                                                     coordinator.py:445
                      INFO     Reusing existing env 'LensKit_env' at                                          envs.py:48
                               /home/florian_dueck04/.omnirec/data/envs/LensKit_env                                     
                      INFO     Starting runner...                                                     coordinator.py:272
[2026/07/09 00:04:06] INFO     Runner started with pid: 288400                                        coordinator.py:297
                      INFO     Connecting to runner...                                                coordinator.py:135
                      INFO     Running phase 'Fit' for MovieLens100K/PopScorer                        coordinator.py:402
[2026/07/09 00:04:16] INFO     Running phase 'Predict' for MovieLens100K/PopScorer                    coordinator.py:402
[2026/07/09 00:04:26] INFO     Running phase 'Evaluate' for MovieLens100K/PopScorer                   coordinator.py:402
[2026/07/09 00:04:28] INFO     MovieLens100K/PopScorer done!                                          coordinator.py:373
                      INFO     Stopping runner...                                                     coordinator.py:445
                                       MovieLens100K-c437b6f6: Evaluation Results                                       
┏━━━━━━━━━━━━━━━━┳━━━━━━━━━━━━━━━━┳━━━━━━━━━━━━━━━━┳━━━━━━━━━━━━━━━━┳━━━━━━━━━━━━━━━━┳━━━━━━━━━━━━━━━━┳━━━━━━━━━━━━━━━━┓
┃ Algorithm      ┃ NDCG@1         ┃ NDCG@10        ┃ NDCG@5         ┃ Precision@1    ┃ Precision@10   ┃ Precision@5    ┃
┡━━━━━━━━━━━━━━━━╇━━━━━━━━━━━━━━━━╇━━━━━━━━━━━━━━━━╇━━━━━━━━━━━━━━━━╇━━━━━━━━━━━━━━━━╇━━━━━━━━━━━━━━━━╇━━━━━━━━━━━━━━━━┩
│ LensKit.Impli… │ 0.22799575821… │ 0.20078086516… │ 0.21580485661… │ 0.22799575821… │ 0.19225874867… │ 0.21208907741… │
│ LensKit.Impli… │ 0.24284199363… │ 0.19320205330… │ 0.20697266927… │ 0.24284199363… │ 0.18250265111… │ 0.19851537645… │
│ LensKit.Impli… │ 0.22693531283… │ 0.19770158253… │ 0.20820038629… │ 0.22693531283… │ 0.18992576882… │ 0.20190880169… │
│ LensKit.Impli… │ 0.24072110286… │ 0.20000737526… │ 0.21518373453… │ 0.24072110286… │ 0.18981972428… │ 0.20848356309… │
│ LensKit.ItemK… │ 0.36055143160… │ 0.25700211117… │ 0.29959478550… │ 0.36055143160… │ 0.22958642629… │ 0.28186638388… │
│ LensKit.ItemK… │ 0.38918345705… │ 0.26551380086… │ 0.30981631620… │ 0.38918345705… │ 0.23573700954… │ 0.28844114528… │
│ LensKit.ItemK… │ 0.39024390243… │ 0.26432388434… │ 0.31320201658… │ 0.39024390243… │ 0.23276776246… │ 0.29289501590… │
│ LensKit.ItemK… │ 0.40721102863… │ 0.26828327862… │ 0.31851377774… │ 0.40721102863… │ 0.23319194061… │ 0.29247083775… │
│ LensKit.PopSc… │ 0.24284199363… │ 0.17085374805… │ 0.18419393959… │ 0.24284199363… │ 0.15715800636… │ 0.16818663838… │
│ LensKit.PopSc… │ 0.24602332979… │ 0.17605623003… │ 0.19082843121… │ 0.24602332979… │ 0.16235418875… │ 0.17624602332… │
│ LensKit.PopSc… │ 0.25980911983… │ 0.16926872420… │ 0.18527942782… │ 0.25980911983… │ 0.15334040296… │ 0.16733828207… │
│ LensKit.PopSc… │ 0.21633085896… │ 0.17022517752… │ 0.18166637260… │ 0.21633085896… │ 0.15970307529… │ 0.17030752916… │
└────────────────┴────────────────┴────────────────┴────────────────┴────────────────┴────────────────┴────────────────┘
[MovieLens100K] Completed seed=44
algorithm    metric  k    value
      ALS      NDCG  1 0.227996
      ALS      NDCG  1 0.242842
      ALS      NDCG  1 0.226935
      ALS      NDCG  1 0.240721
      ALS      NDCG  5 0.215805
      ALS      NDCG  5 0.206973
      ALS      NDCG  5 0.208200
      ALS      NDCG  5 0.215184
      ALS      NDCG 10 0.200781
      ALS      NDCG 10 0.193202
      ALS      NDCG 10 0.197702
      ALS      NDCG 10 0.200007
      ALS Precision  1 0.227996
      ALS Precision  1 0.242842
      ALS Precision  1 0.226935
      ALS Precision  1 0.240721
      ALS Precision  5 0.212089
      ALS Precision  5 0.198515
      ALS Precision  5 0.201909
      ALS Precision  5 0.208484
      ALS Precision 10 0.192259
      ALS Precision 10 0.182503
      ALS Precision 10 0.189926
      ALS Precision 10 0.189820
  ItemKNN      NDCG  1 0.360551
  ItemKNN      NDCG  1 0.389183
  ItemKNN      NDCG  1 0.390244
  ItemKNN      NDCG  1 0.407211
  ItemKNN      NDCG  5 0.299595
  ItemKNN      NDCG  5 0.309816
  ItemKNN      NDCG  5 0.313202
  ItemKNN      NDCG  5 0.318514
  ItemKNN      NDCG 10 0.257002
  ItemKNN      NDCG 10 0.265514
  ItemKNN      NDCG 10 0.264324
  ItemKNN      NDCG 10 0.268283
  ItemKNN Precision  1 0.360551
  ItemKNN Precision  1 0.389183
  ItemKNN Precision  1 0.390244
  ItemKNN Precision  1 0.407211
  ItemKNN Precision  5 0.281866
  ItemKNN Precision  5 0.288441
  ItemKNN Precision  5 0.292895
  ItemKNN Precision  5 0.292471
  ItemKNN Precision 10 0.229586
  ItemKNN Precision 10 0.235737
  ItemKNN Precision 10 0.232768
  ItemKNN Precision 10 0.233192
      Pop      NDCG  1 0.242842
      Pop      NDCG  1 0.246023
      Pop      NDCG  1 0.259809
      Pop      NDCG  1 0.216331
      Pop      NDCG  5 0.184194
      Pop      NDCG  5 0.190828
      Pop      NDCG  5 0.185279
      Pop      NDCG  5 0.181666
      Pop      NDCG 10 0.170854
      Pop      NDCG 10 0.176056
      Pop      NDCG 10 0.169269
      Pop      NDCG 10 0.170225
      Pop Precision  1 0.242842
      Pop Precision  1 0.246023
      Pop Precision  1 0.259809
      Pop Precision  1 0.216331
      Pop Precision  5 0.168187
      Pop Precision  5 0.176246
      Pop Precision  5 0.167338
      Pop Precision  5 0.170308
      Pop Precision 10 0.157158
      Pop Precision 10 0.162354
      Pop Precision 10 0.153340
      Pop Precision 10 0.159703

[MovieLens100K] Preparing seed=55
                      INFO     Canonicalized data set already exists, skipping download and       recsys_data_set.py:205
                               canonicalization.                                                                        
                      INFO     Making data set implicit with threshold 3.                      feedback_conversion.py:21
                      INFO     Minimum rating: 1                                               feedback_conversion.py:24
                      INFO     Maximum rating: 5                                               feedback_conversion.py:25
                      INFO     Number of interactions before: 100000                           feedback_conversion.py:26
                      INFO     Number of interactions after: 82520                             feedback_conversion.py:44
                      INFO     Pruning data set to 5-core.                                            core_pruning.py:19
                      INFO     Number of interactions before: 82520                                   core_pruning.py:20
[2026/07/09 00:04:29] INFO     Number of interactions after: 81697                                    core_pruning.py:63
[MovieLens100K] Running OmniRec for seed=55
                      INFO     Reusing existing env 'LensKit_env' at                                          envs.py:48
                               /home/florian_dueck04/.omnirec/data/envs/LensKit_env                                     
                      INFO     Starting runner...                                                     coordinator.py:272
[2026/07/09 00:04:32] INFO     Runner started with pid: 288493                                        coordinator.py:297
                      INFO     Connecting to runner...                                                coordinator.py:135
                      INFO     Running phase 'Fit' for MovieLens100K/ImplicitMFScorer                 coordinator.py:402
[2026/07/09 00:04:42] INFO     Running phase 'Predict' for MovieLens100K/ImplicitMFScorer             coordinator.py:402
[2026/07/09 00:05:02] INFO     Running phase 'Evaluate' for MovieLens100K/ImplicitMFScorer            coordinator.py:402
[2026/07/09 00:05:04] INFO     MovieLens100K/ImplicitMFScorer done!                                   coordinator.py:373
                      INFO     Stopping runner...                                                     coordinator.py:445
                      INFO     Reusing existing env 'LensKit_env' at                                          envs.py:48
                               /home/florian_dueck04/.omnirec/data/envs/LensKit_env                                     
                      INFO     Starting runner...                                                     coordinator.py:272
[2026/07/09 00:05:06] INFO     Runner started with pid: 288589                                        coordinator.py:297
                      INFO     Connecting to runner...                                                coordinator.py:135
[2026/07/09 00:05:07] INFO     Running phase 'Fit' for MovieLens100K/ItemKNNScorer                    coordinator.py:402
[2026/07/09 00:05:17] INFO     Running phase 'Predict' for MovieLens100K/ItemKNNScorer                coordinator.py:402
[2026/07/09 00:05:27] INFO     Running phase 'Evaluate' for MovieLens100K/ItemKNNScorer               coordinator.py:402
[2026/07/09 00:05:29] INFO     MovieLens100K/ItemKNNScorer done!                                      coordinator.py:373
                      INFO     Stopping runner...                                                     coordinator.py:445
                      INFO     Reusing existing env 'LensKit_env' at                                          envs.py:48
                               /home/florian_dueck04/.omnirec/data/envs/LensKit_env                                     
                      INFO     Starting runner...                                                     coordinator.py:272
[2026/07/09 00:05:31] INFO     Runner started with pid: 288690                                        coordinator.py:297
                      INFO     Connecting to runner...                                                coordinator.py:135
                      INFO     Running phase 'Fit' for MovieLens100K/PopScorer                        coordinator.py:402
[2026/07/09 00:05:41] INFO     Running phase 'Predict' for MovieLens100K/PopScorer                    coordinator.py:402
[2026/07/09 00:05:51] INFO     Running phase 'Evaluate' for MovieLens100K/PopScorer                   coordinator.py:402
[2026/07/09 00:05:53] INFO     MovieLens100K/PopScorer done!                                          coordinator.py:373
                      INFO     Stopping runner...                                                     coordinator.py:445
                                       MovieLens100K-c437b6f6: Evaluation Results                                       
┏━━━━━━━━━━━━━━━━┳━━━━━━━━━━━━━━━━┳━━━━━━━━━━━━━━━━┳━━━━━━━━━━━━━━━━┳━━━━━━━━━━━━━━━━┳━━━━━━━━━━━━━━━━┳━━━━━━━━━━━━━━━━┓
┃ Algorithm      ┃ NDCG@1         ┃ NDCG@10        ┃ NDCG@5         ┃ Precision@1    ┃ Precision@10   ┃ Precision@5    ┃
┡━━━━━━━━━━━━━━━━╇━━━━━━━━━━━━━━━━╇━━━━━━━━━━━━━━━━╇━━━━━━━━━━━━━━━━╇━━━━━━━━━━━━━━━━╇━━━━━━━━━━━━━━━━╇━━━━━━━━━━━━━━━━┩
│ LensKit.Impli… │ 0.22799575821… │ 0.20078086516… │ 0.21580485661… │ 0.22799575821… │ 0.19225874867… │ 0.21208907741… │
│ LensKit.Impli… │ 0.24284199363… │ 0.19320205330… │ 0.20697266927… │ 0.24284199363… │ 0.18250265111… │ 0.19851537645… │
│ LensKit.Impli… │ 0.22693531283… │ 0.19770158253… │ 0.20820038629… │ 0.22693531283… │ 0.18992576882… │ 0.20190880169… │
│ LensKit.Impli… │ 0.24072110286… │ 0.20000737526… │ 0.21518373453… │ 0.24072110286… │ 0.18981972428… │ 0.20848356309… │
│ LensKit.Impli… │ 0.21951219512… │ 0.19835405143… │ 0.20857921448… │ 0.21951219512… │ 0.19257688229… │ 0.20593849416… │
│ LensKit.ItemK… │ 0.36055143160… │ 0.25700211117… │ 0.29959478550… │ 0.36055143160… │ 0.22958642629… │ 0.28186638388… │
│ LensKit.ItemK… │ 0.38918345705… │ 0.26551380086… │ 0.30981631620… │ 0.38918345705… │ 0.23573700954… │ 0.28844114528… │
│ LensKit.ItemK… │ 0.39024390243… │ 0.26432388434… │ 0.31320201658… │ 0.39024390243… │ 0.23276776246… │ 0.29289501590… │
│ LensKit.ItemK… │ 0.40721102863… │ 0.26828327862… │ 0.31851377774… │ 0.40721102863… │ 0.23319194061… │ 0.29247083775… │
│ LensKit.ItemK… │ 0.40190880169… │ 0.26047294673… │ 0.30651940519… │ 0.40190880169… │ 0.22746553552… │ 0.28080593849… │
│ LensKit.PopSc… │ 0.24284199363… │ 0.17085374805… │ 0.18419393959… │ 0.24284199363… │ 0.15715800636… │ 0.16818663838… │
│ LensKit.PopSc… │ 0.24602332979… │ 0.17605623003… │ 0.19082843121… │ 0.24602332979… │ 0.16235418875… │ 0.17624602332… │
│ LensKit.PopSc… │ 0.25980911983… │ 0.16926872420… │ 0.18527942782… │ 0.25980911983… │ 0.15334040296… │ 0.16733828207… │
│ LensKit.PopSc… │ 0.21633085896… │ 0.17022517752… │ 0.18166637260… │ 0.21633085896… │ 0.15970307529… │ 0.17030752916… │
│ LensKit.PopSc… │ 0.25238600212… │ 0.17234356370… │ 0.18665000375… │ 0.25238600212… │ 0.15790031813… │ 0.16988335100… │
└────────────────┴────────────────┴────────────────┴────────────────┴────────────────┴────────────────┴────────────────┘
[MovieLens100K] Completed seed=55
algorithm    metric  k    value
      ALS      NDCG  1 0.227996
      ALS      NDCG  1 0.242842
      ALS      NDCG  1 0.226935
      ALS      NDCG  1 0.240721
      ALS      NDCG  1 0.219512
      ALS      NDCG  5 0.215805
      ALS      NDCG  5 0.206973
      ALS      NDCG  5 0.208200
      ALS      NDCG  5 0.215184
      ALS      NDCG  5 0.208579
      ALS      NDCG 10 0.200781
      ALS      NDCG 10 0.193202
      ALS      NDCG 10 0.197702
      ALS      NDCG 10 0.200007
      ALS      NDCG 10 0.198354
      ALS Precision  1 0.227996
      ALS Precision  1 0.242842
      ALS Precision  1 0.226935
      ALS Precision  1 0.240721
      ALS Precision  1 0.219512
      ALS Precision  5 0.212089
      ALS Precision  5 0.198515
      ALS Precision  5 0.201909
      ALS Precision  5 0.208484
      ALS Precision  5 0.205938
      ALS Precision 10 0.192259
      ALS Precision 10 0.182503
      ALS Precision 10 0.189926
      ALS Precision 10 0.189820
      ALS Precision 10 0.192577
  ItemKNN      NDCG  1 0.360551
  ItemKNN      NDCG  1 0.389183
  ItemKNN      NDCG  1 0.390244
  ItemKNN      NDCG  1 0.407211
  ItemKNN      NDCG  1 0.401909
  ItemKNN      NDCG  5 0.299595
  ItemKNN      NDCG  5 0.309816
  ItemKNN      NDCG  5 0.313202
  ItemKNN      NDCG  5 0.318514
  ItemKNN      NDCG  5 0.306519
  ItemKNN      NDCG 10 0.257002
  ItemKNN      NDCG 10 0.265514
  ItemKNN      NDCG 10 0.264324
  ItemKNN      NDCG 10 0.268283
  ItemKNN      NDCG 10 0.260473
  ItemKNN Precision  1 0.360551
  ItemKNN Precision  1 0.389183
  ItemKNN Precision  1 0.390244
  ItemKNN Precision  1 0.407211
  ItemKNN Precision  1 0.401909
  ItemKNN Precision  5 0.281866
  ItemKNN Precision  5 0.288441
  ItemKNN Precision  5 0.292895
  ItemKNN Precision  5 0.292471
  ItemKNN Precision  5 0.280806
  ItemKNN Precision 10 0.229586
  ItemKNN Precision 10 0.235737
  ItemKNN Precision 10 0.232768
  ItemKNN Precision 10 0.233192
  ItemKNN Precision 10 0.227466
      Pop      NDCG  1 0.242842
      Pop      NDCG  1 0.246023
      Pop      NDCG  1 0.259809
      Pop      NDCG  1 0.216331
      Pop      NDCG  1 0.252386
      Pop      NDCG  5 0.184194
      Pop      NDCG  5 0.190828
      Pop      NDCG  5 0.185279
      Pop      NDCG  5 0.181666
      Pop      NDCG  5 0.186650
      Pop      NDCG 10 0.170854
      Pop      NDCG 10 0.176056
      Pop      NDCG 10 0.169269
      Pop      NDCG 10 0.170225
      Pop      NDCG 10 0.172344
      Pop Precision  1 0.242842
      Pop Precision  1 0.246023
      Pop Precision  1 0.259809
      Pop Precision  1 0.216331
      Pop Precision  1 0.252386
      Pop Precision  5 0.168187
      Pop Precision  5 0.176246
      Pop Precision  5 0.167338
      Pop Precision  5 0.170308
      Pop Precision  5 0.169883
      Pop Precision 10 0.157158
      Pop Precision 10 0.162354
      Pop Precision 10 0.153340
      Pop Precision 10 0.159703
      Pop Precision 10 0.157900

[Amazon2014VideoGames] Preparing seed=11
[2026/07/09 00:05:54] INFO     Canonicalized data set already exists, skipping download and       recsys_data_set.py:205
                               canonicalization.                                                                        
                      INFO     Making data set implicit with threshold 3.                      feedback_conversion.py:21
                      INFO     Minimum rating: 1.0                                             feedback_conversion.py:24
                      INFO     Maximum rating: 5.0                                             feedback_conversion.py:25
                      INFO     Number of interactions before: 1324753                          feedback_conversion.py:26
                      INFO     Number of interactions after: 1094400                           feedback_conversion.py:44
                      INFO     Pruning data set to 5-core.                                            core_pruning.py:19
                      INFO     Number of interactions before: 1094400                                 core_pruning.py:20
[2026/07/09 00:05:55] INFO     Number of interactions after: 177572                                   core_pruning.py:63
[Amazon2014VideoGames] Running OmniRec for seed=11
[2026/07/09 00:06:07] INFO     Reusing existing env 'LensKit_env' at                                          envs.py:48
                               /home/florian_dueck04/.omnirec/data/envs/LensKit_env                                     
                      INFO     Starting runner...                                                     coordinator.py:272
[2026/07/09 00:06:09] INFO     Runner started with pid: 288781                                        coordinator.py:297
                      INFO     Connecting to runner...                                                coordinator.py:135
[2026/07/09 00:06:10] INFO     Running phase 'Fit' for Amazon2014VideoGames/ImplicitMFScorer          coordinator.py:402
[2026/07/09 00:06:40] INFO     Running phase 'Predict' for Amazon2014VideoGames/ImplicitMFScorer      coordinator.py:402
Traceback (most recent call last):
  File "/home/florian_dueck04/AutoRecLab-group4/.venv/lib/python3.12/site-packages/omnirec/runner/coordinator.py", line 212, in run
    self.run_split(
  File "/home/florian_dueck04/AutoRecLab-group4/.venv/lib/python3.12/site-packages/omnirec/runner/coordinator.py", line 354, in run_split
    self.wait_for_job(root._predict, root)
  File "/home/florian_dueck04/AutoRecLab-group4/.venv/lib/python3.12/site-packages/omnirec/runner/coordinator.py", line 385, in wait_for_job
    state = root._status(job_id)
            ^^^^^^^^^^^^^^^^^^^^
  File "/home/florian_dueck04/AutoRecLab-group4/.venv/lib/python3.12/site-packages/rpyc/core/netref.py", line 239, in __call__
    return syncreq(_self, consts.HANDLE_CALL, args, kwargs)
           ^^^^^^^^^^^^^^^^^^^^^^^^^^^^^^^^^^^^^^^^^^^^^^^^
  File "/home/florian_dueck04/AutoRecLab-group4/.venv/lib/python3.12/site-packages/rpyc/core/netref.py", line 63, in syncreq
    return conn.sync_request(handler, proxy, *args)
           ^^^^^^^^^^^^^^^^^^^^^^^^^^^^^^^^^^^^^^^^
  File "/home/florian_dueck04/AutoRecLab-group4/.venv/lib/python3.12/site-packages/rpyc/core/protocol.py", line 744, in sync_request
    return _async_res.value
           ^^^^^^^^^^^^^^^^
  File "/home/florian_dueck04/AutoRecLab-group4/.venv/lib/python3.12/site-packages/rpyc/core/async_.py", line 111, in value
    raise self._obj
rpyc.core.vinegar/concurrent.futures.process._get_exception_class.<locals>.Derived: A process in the process pool was terminated abruptly while the future was running or pending.

========= Remote Traceback (1) =========
Traceback (most recent call last):
  File "/home/florian_dueck04/.omnirec/data/envs/LensKit_env/lib/python3.11/site-packages/rpyc/core/protocol.py", line 369, in _dispatch_request
    res = self._HANDLERS[handler](self, *args)
          ^^^^^^^^^^^^^^^^^^^^^^^^^^^^^^^^^^^^
  File "/home/florian_dueck04/.omnirec/data/envs/LensKit_env/lib/python3.11/site-packages/rpyc/core/protocol.py", line 863, in _handle_call
    return obj(*args, **dict(kwargs))
           ^^^^^^^^^^^^^^^^^^^^^^^^^^
  File "/home/florian_dueck04/.omnirec/data/envs/LensKit_env/lib/python3.11/site-packages/omnirec_runner/runner.py", line 143, in _status
    raise exc
concurrent.futures.process.BrokenProcessPool: A process in the process pool was terminated abruptly while the future was running or pending.

[2026/07/09 00:12:01] CRITICAL Stopping runner...                                                     coordinator.py:445
[2026/07/09 00:12:02] INFO     Reusing existing env 'LensKit_env' at                                          envs.py:48
                               /home/florian_dueck04/.omnirec/data/envs/LensKit_env                                     
                      INFO     Starting runner...                                                     coordinator.py:272
[2026/07/09 00:12:10] INFO     Runner started with pid: 289008                                        coordinator.py:297
                      INFO     Connecting to runner...                                                coordinator.py:135
                      INFO     Running phase 'Fit' for Amazon2014VideoGames/ItemKNNScorer             coordinator.py:402
[2026/07/09 00:12:20] INFO     Running phase 'Predict' for Amazon2014VideoGames/ItemKNNScorer         coordinator.py:402
[2026/07/09 00:13:40] INFO     Running phase 'Evaluate' for Amazon2014VideoGames/ItemKNNScorer        coordinator.py:402
[2026/07/09 00:14:51] INFO     Amazon2014VideoGames/ItemKNNScorer done!                               coordinator.py:373
                      CRITICAL Stopping runner...                                                     coordinator.py:445
[2026/07/09 00:14:52] INFO     Reusing existing env 'LensKit_env' at                                          envs.py:48
                               /home/florian_dueck04/.omnirec/data/envs/LensKit_env                                     
                      INFO     Starting runner...                                                     coordinator.py:272
[2026/07/09 00:14:54] INFO     Runner started with pid: 289151                                        coordinator.py:297
                      INFO     Connecting to runner...                                                coordinator.py:135
                      INFO     Running phase 'Fit' for Amazon2014VideoGames/PopScorer                 coordinator.py:402
[2026/07/09 00:15:04] INFO     Running phase 'Predict' for Amazon2014VideoGames/PopScorer             coordinator.py:402
Traceback (most recent call last):
  File "/home/florian_dueck04/AutoRecLab-group4/.venv/lib/python3.12/site-packages/omnirec/runner/coordinator.py", line 212, in run
    self.run_split(
  File "/home/florian_dueck04/AutoRecLab-group4/.venv/lib/python3.12/site-packages/omnirec/runner/coordinator.py", line 354, in run_split
    self.wait_for_job(root._predict, root)
  File "/home/florian_dueck04/AutoRecLab-group4/.venv/lib/python3.12/site-packages/omnirec/runner/coordinator.py", line 385, in wait_for_job
    state = root._status(job_id)
            ^^^^^^^^^^^^^^^^^^^^
  File "/home/florian_dueck04/AutoRecLab-group4/.venv/lib/python3.12/site-packages/rpyc/core/netref.py", line 239, in __call__
    return syncreq(_self, consts.HANDLE_CALL, args, kwargs)
           ^^^^^^^^^^^^^^^^^^^^^^^^^^^^^^^^^^^^^^^^^^^^^^^^
  File "/home/florian_dueck04/AutoRecLab-group4/.venv/lib/python3.12/site-packages/rpyc/core/netref.py", line 63, in syncreq
    return conn.sync_request(handler, proxy, *args)
           ^^^^^^^^^^^^^^^^^^^^^^^^^^^^^^^^^^^^^^^^
  File "/home/florian_dueck04/AutoRecLab-group4/.venv/lib/python3.12/site-packages/rpyc/core/protocol.py", line 744, in sync_request
    return _async_res.value
           ^^^^^^^^^^^^^^^^
  File "/home/florian_dueck04/AutoRecLab-group4/.venv/lib/python3.12/site-packages/rpyc/core/async_.py", line 111, in value
    raise self._obj
rpyc.core.vinegar/concurrent.futures.process._get_exception_class.<locals>.Derived: A process in the process pool was terminated abruptly while the future was running or pending.

========= Remote Traceback (1) =========
Traceback (most recent call last):
  File "/home/florian_dueck04/.omnirec/data/envs/LensKit_env/lib/python3.11/site-packages/rpyc/core/protocol.py", line 369, in _dispatch_request
    res = self._HANDLERS[handler](self, *args)
          ^^^^^^^^^^^^^^^^^^^^^^^^^^^^^^^^^^^^
  File "/home/florian_dueck04/.omnirec/data/envs/LensKit_env/lib/python3.11/site-packages/rpyc/core/protocol.py", line 863, in _handle_call
    return obj(*args, **dict(kwargs))
           ^^^^^^^^^^^^^^^^^^^^^^^^^^
  File "/home/florian_dueck04/.omnirec/data/envs/LensKit_env/lib/python3.11/site-packages/omnirec_runner/runner.py", line 143, in _status
    raise exc
concurrent.futures.process.BrokenProcessPool: A process in the process pool was terminated abruptly while the future was running or pending.

[2026/07/09 00:19:34] CRITICAL Stopping runner...                                                     coordinator.py:445
                                       MovieLens100K-c437b6f6: Evaluation Results                                       
┏━━━━━━━━━━━━━━━━┳━━━━━━━━━━━━━━━━┳━━━━━━━━━━━━━━━━┳━━━━━━━━━━━━━━━━┳━━━━━━━━━━━━━━━━┳━━━━━━━━━━━━━━━━┳━━━━━━━━━━━━━━━━┓
┃ Algorithm      ┃ NDCG@1         ┃ NDCG@10        ┃ NDCG@5         ┃ Precision@1    ┃ Precision@10   ┃ Precision@5    ┃
┡━━━━━━━━━━━━━━━━╇━━━━━━━━━━━━━━━━╇━━━━━━━━━━━━━━━━╇━━━━━━━━━━━━━━━━╇━━━━━━━━━━━━━━━━╇━━━━━━━━━━━━━━━━╇━━━━━━━━━━━━━━━━┩
│ LensKit.Impli… │ 0.22799575821… │ 0.20078086516… │ 0.21580485661… │ 0.22799575821… │ 0.19225874867… │ 0.21208907741… │
│ LensKit.Impli… │ 0.24284199363… │ 0.19320205330… │ 0.20697266927… │ 0.24284199363… │ 0.18250265111… │ 0.19851537645… │
│ LensKit.Impli… │ 0.22693531283… │ 0.19770158253… │ 0.20820038629… │ 0.22693531283… │ 0.18992576882… │ 0.20190880169… │
│ LensKit.Impli… │ 0.24072110286… │ 0.20000737526… │ 0.21518373453… │ 0.24072110286… │ 0.18981972428… │ 0.20848356309… │
│ LensKit.Impli… │ 0.21951219512… │ 0.19835405143… │ 0.20857921448… │ 0.21951219512… │ 0.19257688229… │ 0.20593849416… │
│ LensKit.ItemK… │ 0.36055143160… │ 0.25700211117… │ 0.29959478550… │ 0.36055143160… │ 0.22958642629… │ 0.28186638388… │
│ LensKit.ItemK… │ 0.38918345705… │ 0.26551380086… │ 0.30981631620… │ 0.38918345705… │ 0.23573700954… │ 0.28844114528… │
│ LensKit.ItemK… │ 0.39024390243… │ 0.26432388434… │ 0.31320201658… │ 0.39024390243… │ 0.23276776246… │ 0.29289501590… │
│ LensKit.ItemK… │ 0.40721102863… │ 0.26828327862… │ 0.31851377774… │ 0.40721102863… │ 0.23319194061… │ 0.29247083775… │
│ LensKit.ItemK… │ 0.40190880169… │ 0.26047294673… │ 0.30651940519… │ 0.40190880169… │ 0.22746553552… │ 0.28080593849… │
│ LensKit.PopSc… │ 0.24284199363… │ 0.17085374805… │ 0.18419393959… │ 0.24284199363… │ 0.15715800636… │ 0.16818663838… │
│ LensKit.PopSc… │ 0.24602332979… │ 0.17605623003… │ 0.19082843121… │ 0.24602332979… │ 0.16235418875… │ 0.17624602332… │
│ LensKit.PopSc… │ 0.25980911983… │ 0.16926872420… │ 0.18527942782… │ 0.25980911983… │ 0.15334040296… │ 0.16733828207… │
│ LensKit.PopSc… │ 0.21633085896… │ 0.17022517752… │ 0.18166637260… │ 0.21633085896… │ 0.15970307529… │ 0.17030752916… │
│ LensKit.PopSc… │ 0.25238600212… │ 0.17234356370… │ 0.18665000375… │ 0.25238600212… │ 0.15790031813… │ 0.16988335100… │
└────────────────┴────────────────┴────────────────┴────────────────┴────────────────┴────────────────┴────────────────┘
                                   Amazon2014VideoGames-7d7641f6: Evaluation Results                                    
┏━━━━━━━━━━━━━━━━┳━━━━━━━━━━━━━━━━┳━━━━━━━━━━━━━━━━┳━━━━━━━━━━━━━━━━┳━━━━━━━━━━━━━━━━┳━━━━━━━━━━━━━━━━┳━━━━━━━━━━━━━━━━┓
┃ Algorithm      ┃ NDCG@1         ┃ NDCG@10        ┃ NDCG@5         ┃ Precision@1    ┃ Precision@10   ┃ Precision@5    ┃
┡━━━━━━━━━━━━━━━━╇━━━━━━━━━━━━━━━━╇━━━━━━━━━━━━━━━━╇━━━━━━━━━━━━━━━━╇━━━━━━━━━━━━━━━━╇━━━━━━━━━━━━━━━━╇━━━━━━━━━━━━━━━━┩
│ LensKit.ItemK… │ 0.02769361611… │ 0.01833104417… │ 0.02190179830… │ 0.02769361611… │ 0.01590921171… │ 0.02013501302… │
└────────────────┴────────────────┴────────────────┴────────────────┴────────────────┴────────────────┴────────────────┘
[Amazon2014VideoGames] Completed seed=11
algorithm    metric  k    value
      ALS      NDCG  1 0.227996
      ALS      NDCG  1 0.242842
      ALS      NDCG  1 0.226935
      ALS      NDCG  1 0.240721
      ALS      NDCG  1 0.219512
      ALS      NDCG  5 0.215805
      ALS      NDCG  5 0.206973
      ALS      NDCG  5 0.208200
      ALS      NDCG  5 0.215184
      ALS      NDCG  5 0.208579
      ALS      NDCG 10 0.200781
      ALS      NDCG 10 0.193202
      ALS      NDCG 10 0.197702
      ALS      NDCG 10 0.200007
      ALS      NDCG 10 0.198354
      ALS Precision  1 0.227996
      ALS Precision  1 0.242842
      ALS Precision  1 0.226935
      ALS Precision  1 0.240721
      ALS Precision  1 0.219512
      ALS Precision  5 0.212089
      ALS Precision  5 0.198515
      ALS Precision  5 0.201909
      ALS Precision  5 0.208484
      ALS Precision  5 0.205938
      ALS Precision 10 0.192259
      ALS Precision 10 0.182503
      ALS Precision 10 0.189926
      ALS Precision 10 0.189820
      ALS Precision 10 0.192577
  ItemKNN      NDCG  1 0.360551
  ItemKNN      NDCG  1 0.389183
  ItemKNN      NDCG  1 0.390244
  ItemKNN      NDCG  1 0.407211
  ItemKNN      NDCG  1 0.401909
  ItemKNN      NDCG  1 0.027694
  ItemKNN      NDCG  5 0.299595
  ItemKNN      NDCG  5 0.309816
  ItemKNN      NDCG  5 0.313202
  ItemKNN      NDCG  5 0.318514
  ItemKNN      NDCG  5 0.306519
  ItemKNN      NDCG  5 0.021902
  ItemKNN      NDCG 10 0.257002
  ItemKNN      NDCG 10 0.265514
  ItemKNN      NDCG 10 0.264324
  ItemKNN      NDCG 10 0.268283
  ItemKNN      NDCG 10 0.260473
  ItemKNN      NDCG 10 0.018331
  ItemKNN Precision  1 0.360551
  ItemKNN Precision  1 0.389183
  ItemKNN Precision  1 0.390244
  ItemKNN Precision  1 0.407211
  ItemKNN Precision  1 0.401909
  ItemKNN Precision  1 0.027694
  ItemKNN Precision  5 0.281866
  ItemKNN Precision  5 0.288441
  ItemKNN Precision  5 0.292895
  ItemKNN Precision  5 0.292471
  ItemKNN Precision  5 0.280806
  ItemKNN Precision  5 0.020135
  ItemKNN Precision 10 0.229586
  ItemKNN Precision 10 0.235737
  ItemKNN Precision 10 0.232768
  ItemKNN Precision 10 0.233192
  ItemKNN Precision 10 0.227466
  ItemKNN Precision 10 0.015909
      Pop      NDCG  1 0.242842
      Pop      NDCG  1 0.246023
      Pop      NDCG  1 0.259809
      Pop      NDCG  1 0.216331
      Pop      NDCG  1 0.252386
      Pop      NDCG  5 0.184194
      Pop      NDCG  5 0.190828
      Pop      NDCG  5 0.185279
      Pop      NDCG  5 0.181666
      Pop      NDCG  5 0.186650
      Pop      NDCG 10 0.170854
      Pop      NDCG 10 0.176056
      Pop      NDCG 10 0.169269
      Pop      NDCG 10 0.170225
      Pop      NDCG 10 0.172344
      Pop Precision  1 0.242842
      Pop Precision  1 0.246023
      Pop Precision  1 0.259809
      Pop Precision  1 0.216331
      Pop Precision  1 0.252386
      Pop Precision  5 0.168187
      Pop Precision  5 0.176246
      Pop Precision  5 0.167338
      Pop Precision  5 0.170308
      Pop Precision  5 0.169883
      Pop Precision 10 0.157158
      Pop Precision 10 0.162354
      Pop Precision 10 0.153340
      Pop Precision 10 0.159703
      Pop Precision 10 0.157900

[Amazon2014VideoGames] Preparing seed=22
[2026/07/09 00:19:35] INFO     Canonicalized data set already exists, skipping download and       recsys_data_set.py:205
                               canonicalization.                                                                        
                      INFO     Making data set implicit with threshold 3.                      feedback_conversion.py:21
                      INFO     Minimum rating: 1.0                                             feedback_conversion.py:24
                      INFO     Maximum rating: 5.0                                             feedback_conversion.py:25
                      INFO     Number of interactions before: 1324753                          feedback_conversion.py:26
                      INFO     Number of interactions after: 1094400                           feedback_conversion.py:44
                      INFO     Pruning data set to 5-core.                                            core_pruning.py:19
                      INFO     Number of interactions before: 1094400                                 core_pruning.py:20
[2026/07/09 00:19:36] INFO     Number of interactions after: 177572                                   core_pruning.py:63
[Amazon2014VideoGames] Running OmniRec for seed=22
[2026/07/09 00:19:49] INFO     Reusing existing env 'LensKit_env' at                                          envs.py:48
                               /home/florian_dueck04/.omnirec/data/envs/LensKit_env                                     
                      INFO     Starting runner...                                                     coordinator.py:272
[2026/07/09 00:19:57] INFO     Runner started with pid: 289356                                        coordinator.py:297
                      INFO     Connecting to runner...                                                coordinator.py:135
[2026/07/09 00:19:58] INFO     Running phase 'Fit' for Amazon2014VideoGames/ImplicitMFScorer          coordinator.py:402
[2026/07/09 00:20:28] INFO     Running phase 'Predict' for Amazon2014VideoGames/ImplicitMFScorer      coordinator.py:402
Traceback (most recent call last):
  File "/home/florian_dueck04/AutoRecLab-group4/.venv/lib/python3.12/site-packages/omnirec/runner/coordinator.py", line 212, in run
    self.run_split(
  File "/home/florian_dueck04/AutoRecLab-group4/.venv/lib/python3.12/site-packages/omnirec/runner/coordinator.py", line 354, in run_split
    self.wait_for_job(root._predict, root)
  File "/home/florian_dueck04/AutoRecLab-group4/.venv/lib/python3.12/site-packages/omnirec/runner/coordinator.py", line 385, in wait_for_job
    state = root._status(job_id)
            ^^^^^^^^^^^^^^^^^^^^
  File "/home/florian_dueck04/AutoRecLab-group4/.venv/lib/python3.12/site-packages/rpyc/core/netref.py", line 239, in __call__
    return syncreq(_self, consts.HANDLE_CALL, args, kwargs)
           ^^^^^^^^^^^^^^^^^^^^^^^^^^^^^^^^^^^^^^^^^^^^^^^^
  File "/home/florian_dueck04/AutoRecLab-group4/.venv/lib/python3.12/site-packages/rpyc/core/netref.py", line 63, in syncreq
    return conn.sync_request(handler, proxy, *args)
           ^^^^^^^^^^^^^^^^^^^^^^^^^^^^^^^^^^^^^^^^
  File "/home/florian_dueck04/AutoRecLab-group4/.venv/lib/python3.12/site-packages/rpyc/core/protocol.py", line 744, in sync_request
    return _async_res.value
           ^^^^^^^^^^^^^^^^
  File "/home/florian_dueck04/AutoRecLab-group4/.venv/lib/python3.12/site-packages/rpyc/core/async_.py", line 111, in value
    raise self._obj
rpyc.core.vinegar/concurrent.futures.process._get_exception_class.<locals>.Derived: A process in the process pool was terminated abruptly while the future was running or pending.

========= Remote Traceback (1) =========
Traceback (most recent call last):
  File "/home/florian_dueck04/.omnirec/data/envs/LensKit_env/lib/python3.11/site-packages/rpyc/core/protocol.py", line 369, in _dispatch_request
    res = self._HANDLERS[handler](self, *args)
          ^^^^^^^^^^^^^^^^^^^^^^^^^^^^^^^^^^^^
  File "/home/florian_dueck04/.omnirec/data/envs/LensKit_env/lib/python3.11/site-packages/rpyc/core/protocol.py", line 863, in _handle_call
    return obj(*args, **dict(kwargs))
           ^^^^^^^^^^^^^^^^^^^^^^^^^^
  File "/home/florian_dueck04/.omnirec/data/envs/LensKit_env/lib/python3.11/site-packages/omnirec_runner/runner.py", line 143, in _status
    raise exc
concurrent.futures.process.BrokenProcessPool: A process in the process pool was terminated abruptly while the future was running or pending.

[2026/07/09 00:25:09] CRITICAL Stopping runner...                                                     coordinator.py:445
                      INFO     Reusing existing env 'LensKit_env' at                                          envs.py:48
                               /home/florian_dueck04/.omnirec/data/envs/LensKit_env                                     
                      INFO     Starting runner...                                                     coordinator.py:272
[2026/07/09 00:25:17] INFO     Runner started with pid: 289539                                        coordinator.py:297
                      INFO     Connecting to runner...                                                coordinator.py:135
[2026/07/09 00:25:18] INFO     Running phase 'Fit' for Amazon2014VideoGames/ItemKNNScorer             coordinator.py:402
[2026/07/09 00:25:28] INFO     Running phase 'Predict' for Amazon2014VideoGames/ItemKNNScorer         coordinator.py:402
[2026/07/09 00:26:48] INFO     Running phase 'Evaluate' for Amazon2014VideoGames/ItemKNNScorer        coordinator.py:402
[2026/07/09 00:28:00] INFO     Amazon2014VideoGames/ItemKNNScorer done!                               coordinator.py:373
                      CRITICAL Stopping runner...                                                     coordinator.py:445
                      INFO     Reusing existing env 'LensKit_env' at                                          envs.py:48
                               /home/florian_dueck04/.omnirec/data/envs/LensKit_env                                     
                      INFO     Starting runner...                                                     coordinator.py:272
[2026/07/09 00:28:03] INFO     Runner started with pid: 289680                                        coordinator.py:297
                      INFO     Connecting to runner...                                                coordinator.py:135
                      INFO     Running phase 'Fit' for Amazon2014VideoGames/PopScorer                 coordinator.py:402
[2026/07/09 00:28:13] INFO     Running phase 'Predict' for Amazon2014VideoGames/PopScorer             coordinator.py:402
Traceback (most recent call last):
  File "/home/florian_dueck04/AutoRecLab-group4/.venv/lib/python3.12/site-packages/omnirec/runner/coordinator.py", line 212, in run
    self.run_split(
  File "/home/florian_dueck04/AutoRecLab-group4/.venv/lib/python3.12/site-packages/omnirec/runner/coordinator.py", line 354, in run_split
    self.wait_for_job(root._predict, root)
  File "/home/florian_dueck04/AutoRecLab-group4/.venv/lib/python3.12/site-packages/omnirec/runner/coordinator.py", line 385, in wait_for_job
    state = root._status(job_id)
            ^^^^^^^^^^^^^^^^^^^^
  File "/home/florian_dueck04/AutoRecLab-group4/.venv/lib/python3.12/site-packages/rpyc/core/netref.py", line 239, in __call__
    return syncreq(_self, consts.HANDLE_CALL, args, kwargs)
           ^^^^^^^^^^^^^^^^^^^^^^^^^^^^^^^^^^^^^^^^^^^^^^^^
  File "/home/florian_dueck04/AutoRecLab-group4/.venv/lib/python3.12/site-packages/rpyc/core/netref.py", line 63, in syncreq
    return conn.sync_request(handler, proxy, *args)
           ^^^^^^^^^^^^^^^^^^^^^^^^^^^^^^^^^^^^^^^^
  File "/home/florian_dueck04/AutoRecLab-group4/.venv/lib/python3.12/site-packages/rpyc/core/protocol.py", line 744, in sync_request
    return _async_res.value
           ^^^^^^^^^^^^^^^^
  File "/home/florian_dueck04/AutoRecLab-group4/.venv/lib/python3.12/site-packages/rpyc/core/async_.py", line 111, in value
    raise self._obj
rpyc.core.vinegar/concurrent.futures.process._get_exception_class.<locals>.Derived: A process in the process pool was terminated abruptly while the future was running or pending.

========= Remote Traceback (1) =========
Traceback (most recent call last):
  File "/home/florian_dueck04/.omnirec/data/envs/LensKit_env/lib/python3.11/site-packages/rpyc/core/protocol.py", line 369, in _dispatch_request
    res = self._HANDLERS[handler](self, *args)
          ^^^^^^^^^^^^^^^^^^^^^^^^^^^^^^^^^^^^
  File "/home/florian_dueck04/.omnirec/data/envs/LensKit_env/lib/python3.11/site-packages/rpyc/core/protocol.py", line 863, in _handle_call
    return obj(*args, **dict(kwargs))
           ^^^^^^^^^^^^^^^^^^^^^^^^^^
  File "/home/florian_dueck04/.omnirec/data/envs/LensKit_env/lib/python3.11/site-packages/omnirec_runner/runner.py", line 143, in _status
    raise exc
concurrent.futures.process.BrokenProcessPool: A process in the process pool was terminated abruptly while the future was running or pending.

[2026/07/09 00:32:43] CRITICAL Stopping runner...                                                     coordinator.py:445
                                       MovieLens100K-c437b6f6: Evaluation Results                                       
┏━━━━━━━━━━━━━━━━┳━━━━━━━━━━━━━━━━┳━━━━━━━━━━━━━━━━┳━━━━━━━━━━━━━━━━┳━━━━━━━━━━━━━━━━┳━━━━━━━━━━━━━━━━┳━━━━━━━━━━━━━━━━┓
┃ Algorithm      ┃ NDCG@1         ┃ NDCG@10        ┃ NDCG@5         ┃ Precision@1    ┃ Precision@10   ┃ Precision@5    ┃
┡━━━━━━━━━━━━━━━━╇━━━━━━━━━━━━━━━━╇━━━━━━━━━━━━━━━━╇━━━━━━━━━━━━━━━━╇━━━━━━━━━━━━━━━━╇━━━━━━━━━━━━━━━━╇━━━━━━━━━━━━━━━━┩
│ LensKit.Impli… │ 0.22799575821… │ 0.20078086516… │ 0.21580485661… │ 0.22799575821… │ 0.19225874867… │ 0.21208907741… │
│ LensKit.Impli… │ 0.24284199363… │ 0.19320205330… │ 0.20697266927… │ 0.24284199363… │ 0.18250265111… │ 0.19851537645… │
│ LensKit.Impli… │ 0.22693531283… │ 0.19770158253… │ 0.20820038629… │ 0.22693531283… │ 0.18992576882… │ 0.20190880169… │
│ LensKit.Impli… │ 0.24072110286… │ 0.20000737526… │ 0.21518373453… │ 0.24072110286… │ 0.18981972428… │ 0.20848356309… │
│ LensKit.Impli… │ 0.21951219512… │ 0.19835405143… │ 0.20857921448… │ 0.21951219512… │ 0.19257688229… │ 0.20593849416… │
│ LensKit.ItemK… │ 0.36055143160… │ 0.25700211117… │ 0.29959478550… │ 0.36055143160… │ 0.22958642629… │ 0.28186638388… │
│ LensKit.ItemK… │ 0.38918345705… │ 0.26551380086… │ 0.30981631620… │ 0.38918345705… │ 0.23573700954… │ 0.28844114528… │
│ LensKit.ItemK… │ 0.39024390243… │ 0.26432388434… │ 0.31320201658… │ 0.39024390243… │ 0.23276776246… │ 0.29289501590… │
│ LensKit.ItemK… │ 0.40721102863… │ 0.26828327862… │ 0.31851377774… │ 0.40721102863… │ 0.23319194061… │ 0.29247083775… │
│ LensKit.ItemK… │ 0.40190880169… │ 0.26047294673… │ 0.30651940519… │ 0.40190880169… │ 0.22746553552… │ 0.28080593849… │
│ LensKit.PopSc… │ 0.24284199363… │ 0.17085374805… │ 0.18419393959… │ 0.24284199363… │ 0.15715800636… │ 0.16818663838… │
│ LensKit.PopSc… │ 0.24602332979… │ 0.17605623003… │ 0.19082843121… │ 0.24602332979… │ 0.16235418875… │ 0.17624602332… │
│ LensKit.PopSc… │ 0.25980911983… │ 0.16926872420… │ 0.18527942782… │ 0.25980911983… │ 0.15334040296… │ 0.16733828207… │
│ LensKit.PopSc… │ 0.21633085896… │ 0.17022517752… │ 0.18166637260… │ 0.21633085896… │ 0.15970307529… │ 0.17030752916… │
│ LensKit.PopSc… │ 0.25238600212… │ 0.17234356370… │ 0.18665000375… │ 0.25238600212… │ 0.15790031813… │ 0.16988335100… │
└────────────────┴────────────────┴────────────────┴────────────────┴────────────────┴────────────────┴────────────────┘
                                   Amazon2014VideoGames-7d7641f6: Evaluation Results                                    
┏━━━━━━━━━━━━━━━━┳━━━━━━━━━━━━━━━━┳━━━━━━━━━━━━━━━━┳━━━━━━━━━━━━━━━━┳━━━━━━━━━━━━━━━━┳━━━━━━━━━━━━━━━━┳━━━━━━━━━━━━━━━━┓
┃ Algorithm      ┃ NDCG@1         ┃ NDCG@10        ┃ NDCG@5         ┃ Precision@1    ┃ Precision@10   ┃ Precision@5    ┃
┡━━━━━━━━━━━━━━━━╇━━━━━━━━━━━━━━━━╇━━━━━━━━━━━━━━━━╇━━━━━━━━━━━━━━━━╇━━━━━━━━━━━━━━━━╇━━━━━━━━━━━━━━━━╇━━━━━━━━━━━━━━━━┩
│ LensKit.ItemK… │ 0.02769361611… │ 0.01833104417… │ 0.02190179830… │ 0.02769361611… │ 0.01590921171… │ 0.02013501302… │
│ LensKit.ItemK… │ 0.02981980545… │ 0.01889754410… │ 0.02262134068… │ 0.02981980545… │ 0.01634508052… │ 0.02075160793… │
└────────────────┴────────────────┴────────────────┴────────────────┴────────────────┴────────────────┴────────────────┘
[Amazon2014VideoGames] Completed seed=22
algorithm    metric  k    value
      ALS      NDCG  1 0.227996
      ALS      NDCG  1 0.242842
      ALS      NDCG  1 0.226935
      ALS      NDCG  1 0.240721
      ALS      NDCG  1 0.219512
      ALS      NDCG  5 0.215805
      ALS      NDCG  5 0.206973
      ALS      NDCG  5 0.208200
      ALS      NDCG  5 0.215184
      ALS      NDCG  5 0.208579
      ALS      NDCG 10 0.200781
      ALS      NDCG 10 0.193202
      ALS      NDCG 10 0.197702
      ALS      NDCG 10 0.200007
      ALS      NDCG 10 0.198354
      ALS Precision  1 0.227996
      ALS Precision  1 0.242842
      ALS Precision  1 0.226935
      ALS Precision  1 0.240721
      ALS Precision  1 0.219512
      ALS Precision  5 0.212089
      ALS Precision  5 0.198515
      ALS Precision  5 0.201909
      ALS Precision  5 0.208484
      ALS Precision  5 0.205938
      ALS Precision 10 0.192259
      ALS Precision 10 0.182503
      ALS Precision 10 0.189926
      ALS Precision 10 0.189820
      ALS Precision 10 0.192577
  ItemKNN      NDCG  1 0.360551
  ItemKNN      NDCG  1 0.389183
  ItemKNN      NDCG  1 0.390244
  ItemKNN      NDCG  1 0.407211
  ItemKNN      NDCG  1 0.401909
  ItemKNN      NDCG  1 0.027694
  ItemKNN      NDCG  1 0.029820
  ItemKNN      NDCG  5 0.299595
  ItemKNN      NDCG  5 0.309816
  ItemKNN      NDCG  5 0.313202
  ItemKNN      NDCG  5 0.318514
  ItemKNN      NDCG  5 0.306519
  ItemKNN      NDCG  5 0.021902
  ItemKNN      NDCG  5 0.022621
  ItemKNN      NDCG 10 0.257002
  ItemKNN      NDCG 10 0.265514
  ItemKNN      NDCG 10 0.264324
  ItemKNN      NDCG 10 0.268283
  ItemKNN      NDCG 10 0.260473
  ItemKNN      NDCG 10 0.018331
  ItemKNN      NDCG 10 0.018898
  ItemKNN Precision  1 0.360551
  ItemKNN Precision  1 0.389183
  ItemKNN Precision  1 0.390244
  ItemKNN Precision  1 0.407211
  ItemKNN Precision  1 0.401909
  ItemKNN Precision  1 0.027694
  ItemKNN Precision  1 0.029820
  ItemKNN Precision  5 0.281866
  ItemKNN Precision  5 0.288441
  ItemKNN Precision  5 0.292895
  ItemKNN Precision  5 0.292471
  ItemKNN Precision  5 0.280806
  ItemKNN Precision  5 0.020135
  ItemKNN Precision  5 0.020752
  ItemKNN Precision 10 0.229586
  ItemKNN Precision 10 0.235737
  ItemKNN Precision 10 0.232768
  ItemKNN Precision 10 0.233192
  ItemKNN Precision 10 0.227466
  ItemKNN Precision 10 0.015909
  ItemKNN Precision 10 0.016345
      Pop      NDCG  1 0.242842
      Pop      NDCG  1 0.246023
      Pop      NDCG  1 0.259809
      Pop      NDCG  1 0.216331
      Pop      NDCG  1 0.252386
      Pop      NDCG  5 0.184194
      Pop      NDCG  5 0.190828
      Pop      NDCG  5 0.185279
      Pop      NDCG  5 0.181666
      Pop      NDCG  5 0.186650
      Pop      NDCG 10 0.170854
      Pop      NDCG 10 0.176056
      Pop      NDCG 10 0.169269
      Pop      NDCG 10 0.170225
      Pop      NDCG 10 0.172344
      Pop Precision  1 0.242842
      Pop Precision  1 0.246023
      Pop Precision  1 0.259809
      Pop Precision  1 0.216331
      Pop Precision  1 0.252386
      Pop Precision  5 0.168187
      Pop Precision  5 0.176246
      Pop Precision  5 0.167338
      Pop Precision  5 0.170308
      Pop Precision  5 0.169883
      Pop Precision 10 0.157158
      Pop Precision 10 0.162354
      Pop Precision 10 0.153340
      Pop Precision 10 0.159703
      Pop Precision 10 0.157900

[Amazon2014VideoGames] Preparing seed=33
                      INFO     Canonicalized data set already exists, skipping download and       recsys_data_set.py:205
                               canonicalization.                                                                        
[2026/07/09 00:32:44] INFO     Making data set implicit with threshold 3.                      feedback_conversion.py:21
                      INFO     Minimum rating: 1.0                                             feedback_conversion.py:24
                      INFO     Maximum rating: 5.0                                             feedback_conversion.py:25
                      INFO     Number of interactions before: 1324753                          feedback_conversion.py:26
                      INFO     Number of interactions after: 1094400                           feedback_conversion.py:44
                      INFO     Pruning data set to 5-core.                                            core_pruning.py:19
                      INFO     Number of interactions before: 1094400                                 core_pruning.py:20
[2026/07/09 00:32:45] INFO     Number of interactions after: 177572                                   core_pruning.py:63
[Amazon2014VideoGames] Running OmniRec for seed=33
[2026/07/09 00:32:57] INFO     Reusing existing env 'LensKit_env' at                                          envs.py:48
                               /home/florian_dueck04/.omnirec/data/envs/LensKit_env                                     
                      INFO     Starting runner...                                                     coordinator.py:272
[2026/07/09 00:33:05] INFO     Runner started with pid: 289883                                        coordinator.py:297
                      INFO     Connecting to runner...                                                coordinator.py:135
                      INFO     Running phase 'Fit' for Amazon2014VideoGames/ImplicitMFScorer          coordinator.py:402
[2026/07/09 00:33:35] INFO     Running phase 'Predict' for Amazon2014VideoGames/ImplicitMFScorer      coordinator.py:402
Traceback (most recent call last):
  File "/home/florian_dueck04/AutoRecLab-group4/.venv/lib/python3.12/site-packages/omnirec/runner/coordinator.py", line 212, in run
    self.run_split(
  File "/home/florian_dueck04/AutoRecLab-group4/.venv/lib/python3.12/site-packages/omnirec/runner/coordinator.py", line 354, in run_split
    self.wait_for_job(root._predict, root)
  File "/home/florian_dueck04/AutoRecLab-group4/.venv/lib/python3.12/site-packages/omnirec/runner/coordinator.py", line 385, in wait_for_job
    state = root._status(job_id)
            ^^^^^^^^^^^^^^^^^^^^
  File "/home/florian_dueck04/AutoRecLab-group4/.venv/lib/python3.12/site-packages/rpyc/core/netref.py", line 239, in __call__
    return syncreq(_self, consts.HANDLE_CALL, args, kwargs)
           ^^^^^^^^^^^^^^^^^^^^^^^^^^^^^^^^^^^^^^^^^^^^^^^^
  File "/home/florian_dueck04/AutoRecLab-group4/.venv/lib/python3.12/site-packages/rpyc/core/netref.py", line 63, in syncreq
    return conn.sync_request(handler, proxy, *args)
           ^^^^^^^^^^^^^^^^^^^^^^^^^^^^^^^^^^^^^^^^
  File "/home/florian_dueck04/AutoRecLab-group4/.venv/lib/python3.12/site-packages/rpyc/core/protocol.py", line 744, in sync_request
    return _async_res.value
           ^^^^^^^^^^^^^^^^
  File "/home/florian_dueck04/AutoRecLab-group4/.venv/lib/python3.12/site-packages/rpyc/core/async_.py", line 111, in value
    raise self._obj
rpyc.core.vinegar/concurrent.futures.process._get_exception_class.<locals>.Derived: A process in the process pool was terminated abruptly while the future was running or pending.

========= Remote Traceback (1) =========
Traceback (most recent call last):
  File "/home/florian_dueck04/.omnirec/data/envs/LensKit_env/lib/python3.11/site-packages/rpyc/core/protocol.py", line 369, in _dispatch_request
    res = self._HANDLERS[handler](self, *args)
          ^^^^^^^^^^^^^^^^^^^^^^^^^^^^^^^^^^^^
  File "/home/florian_dueck04/.omnirec/data/envs/LensKit_env/lib/python3.11/site-packages/rpyc/core/protocol.py", line 863, in _handle_call
    return obj(*args, **dict(kwargs))
           ^^^^^^^^^^^^^^^^^^^^^^^^^^
  File "/home/florian_dueck04/.omnirec/data/envs/LensKit_env/lib/python3.11/site-packages/omnirec_runner/runner.py", line 143, in _status
    raise exc
concurrent.futures.process.BrokenProcessPool: A process in the process pool was terminated abruptly while the future was running or pending.

[2026/07/09 00:38:15] CRITICAL Stopping runner...                                                     coordinator.py:445
[2026/07/09 00:38:16] INFO     Reusing existing env 'LensKit_env' at                                          envs.py:48
                               /home/florian_dueck04/.omnirec/data/envs/LensKit_env                                     
                      INFO     Starting runner...                                                     coordinator.py:272
[2026/07/09 00:38:23] INFO     Runner started with pid: 290090                                        coordinator.py:297
                      INFO     Connecting to runner...                                                coordinator.py:135
                      INFO     Running phase 'Fit' for Amazon2014VideoGames/ItemKNNScorer             coordinator.py:402
[2026/07/09 00:38:33] INFO     Running phase 'Predict' for Amazon2014VideoGames/ItemKNNScorer         coordinator.py:402
[2026/07/09 00:39:53] INFO     Running phase 'Evaluate' for Amazon2014VideoGames/ItemKNNScorer        coordinator.py:402
[2026/07/09 00:41:05] INFO     Amazon2014VideoGames/ItemKNNScorer done!                               coordinator.py:373
                      CRITICAL Stopping runner...                                                     coordinator.py:445
                      INFO     Reusing existing env 'LensKit_env' at                                          envs.py:48
                               /home/florian_dueck04/.omnirec/data/envs/LensKit_env                                     
                      INFO     Starting runner...                                                     coordinator.py:272
[2026/07/09 00:41:07] INFO     Runner started with pid: 290235                                        coordinator.py:297
                      INFO     Connecting to runner...                                                coordinator.py:135
[2026/07/09 00:41:08] INFO     Running phase 'Fit' for Amazon2014VideoGames/PopScorer                 coordinator.py:402
[2026/07/09 00:41:18] INFO     Running phase 'Predict' for Amazon2014VideoGames/PopScorer             coordinator.py:402
Traceback (most recent call last):
  File "/home/florian_dueck04/AutoRecLab-group4/.venv/lib/python3.12/site-packages/omnirec/runner/coordinator.py", line 212, in run
    self.run_split(
  File "/home/florian_dueck04/AutoRecLab-group4/.venv/lib/python3.12/site-packages/omnirec/runner/coordinator.py", line 354, in run_split
    self.wait_for_job(root._predict, root)
  File "/home/florian_dueck04/AutoRecLab-group4/.venv/lib/python3.12/site-packages/omnirec/runner/coordinator.py", line 385, in wait_for_job
    state = root._status(job_id)
            ^^^^^^^^^^^^^^^^^^^^
  File "/home/florian_dueck04/AutoRecLab-group4/.venv/lib/python3.12/site-packages/rpyc/core/netref.py", line 239, in __call__
    return syncreq(_self, consts.HANDLE_CALL, args, kwargs)
           ^^^^^^^^^^^^^^^^^^^^^^^^^^^^^^^^^^^^^^^^^^^^^^^^
  File "/home/florian_dueck04/AutoRecLab-group4/.venv/lib/python3.12/site-packages/rpyc/core/netref.py", line 63, in syncreq
    return conn.sync_request(handler, proxy, *args)
           ^^^^^^^^^^^^^^^^^^^^^^^^^^^^^^^^^^^^^^^^
  File "/home/florian_dueck04/AutoRecLab-group4/.venv/lib/python3.12/site-packages/rpyc/core/protocol.py", line 744, in sync_request
    return _async_res.value
           ^^^^^^^^^^^^^^^^
  File "/home/florian_dueck04/AutoRecLab-group4/.venv/lib/python3.12/site-packages/rpyc/core/async_.py", line 111, in value
    raise self._obj
rpyc.core.vinegar/concurrent.futures.process._get_exception_class.<locals>.Derived: A process in the process pool was terminated abruptly while the future was running or pending.

========= Remote Traceback (1) =========
Traceback (most recent call last):
  File "/home/florian_dueck04/.omnirec/data/envs/LensKit_env/lib/python3.11/site-packages/rpyc/core/protocol.py", line 369, in _dispatch_request
    res = self._HANDLERS[handler](self, *args)
          ^^^^^^^^^^^^^^^^^^^^^^^^^^^^^^^^^^^^
  File "/home/florian_dueck04/.omnirec/data/envs/LensKit_env/lib/python3.11/site-packages/rpyc/core/protocol.py", line 863, in _handle_call
    return obj(*args, **dict(kwargs))
           ^^^^^^^^^^^^^^^^^^^^^^^^^^
  File "/home/florian_dueck04/.omnirec/data/envs/LensKit_env/lib/python3.11/site-packages/omnirec_runner/runner.py", line 143, in _status
    raise exc
concurrent.futures.process.BrokenProcessPool: A process in the process pool was terminated abruptly while the future was running or pending.

[2026/07/09 00:45:38] CRITICAL Stopping runner...                                                     coordinator.py:445
                                       MovieLens100K-c437b6f6: Evaluation Results                                       
┏━━━━━━━━━━━━━━━━┳━━━━━━━━━━━━━━━━┳━━━━━━━━━━━━━━━━┳━━━━━━━━━━━━━━━━┳━━━━━━━━━━━━━━━━┳━━━━━━━━━━━━━━━━┳━━━━━━━━━━━━━━━━┓
┃ Algorithm      ┃ NDCG@1         ┃ NDCG@10        ┃ NDCG@5         ┃ Precision@1    ┃ Precision@10   ┃ Precision@5    ┃
┡━━━━━━━━━━━━━━━━╇━━━━━━━━━━━━━━━━╇━━━━━━━━━━━━━━━━╇━━━━━━━━━━━━━━━━╇━━━━━━━━━━━━━━━━╇━━━━━━━━━━━━━━━━╇━━━━━━━━━━━━━━━━┩
│ LensKit.Impli… │ 0.22799575821… │ 0.20078086516… │ 0.21580485661… │ 0.22799575821… │ 0.19225874867… │ 0.21208907741… │
│ LensKit.Impli… │ 0.24284199363… │ 0.19320205330… │ 0.20697266927… │ 0.24284199363… │ 0.18250265111… │ 0.19851537645… │
│ LensKit.Impli… │ 0.22693531283… │ 0.19770158253… │ 0.20820038629… │ 0.22693531283… │ 0.18992576882… │ 0.20190880169… │
│ LensKit.Impli… │ 0.24072110286… │ 0.20000737526… │ 0.21518373453… │ 0.24072110286… │ 0.18981972428… │ 0.20848356309… │
│ LensKit.Impli… │ 0.21951219512… │ 0.19835405143… │ 0.20857921448… │ 0.21951219512… │ 0.19257688229… │ 0.20593849416… │
│ LensKit.ItemK… │ 0.36055143160… │ 0.25700211117… │ 0.29959478550… │ 0.36055143160… │ 0.22958642629… │ 0.28186638388… │
│ LensKit.ItemK… │ 0.38918345705… │ 0.26551380086… │ 0.30981631620… │ 0.38918345705… │ 0.23573700954… │ 0.28844114528… │
│ LensKit.ItemK… │ 0.39024390243… │ 0.26432388434… │ 0.31320201658… │ 0.39024390243… │ 0.23276776246… │ 0.29289501590… │
│ LensKit.ItemK… │ 0.40721102863… │ 0.26828327862… │ 0.31851377774… │ 0.40721102863… │ 0.23319194061… │ 0.29247083775… │
│ LensKit.ItemK… │ 0.40190880169… │ 0.26047294673… │ 0.30651940519… │ 0.40190880169… │ 0.22746553552… │ 0.28080593849… │
│ LensKit.PopSc… │ 0.24284199363… │ 0.17085374805… │ 0.18419393959… │ 0.24284199363… │ 0.15715800636… │ 0.16818663838… │
│ LensKit.PopSc… │ 0.24602332979… │ 0.17605623003… │ 0.19082843121… │ 0.24602332979… │ 0.16235418875… │ 0.17624602332… │
│ LensKit.PopSc… │ 0.25980911983… │ 0.16926872420… │ 0.18527942782… │ 0.25980911983… │ 0.15334040296… │ 0.16733828207… │
│ LensKit.PopSc… │ 0.21633085896… │ 0.17022517752… │ 0.18166637260… │ 0.21633085896… │ 0.15970307529… │ 0.17030752916… │
│ LensKit.PopSc… │ 0.25238600212… │ 0.17234356370… │ 0.18665000375… │ 0.25238600212… │ 0.15790031813… │ 0.16988335100… │
└────────────────┴────────────────┴────────────────┴────────────────┴────────────────┴────────────────┴────────────────┘
                                   Amazon2014VideoGames-7d7641f6: Evaluation Results                                    
┏━━━━━━━━━━━━━━━━┳━━━━━━━━━━━━━━━━┳━━━━━━━━━━━━━━━━┳━━━━━━━━━━━━━━━━┳━━━━━━━━━━━━━━━━┳━━━━━━━━━━━━━━━━┳━━━━━━━━━━━━━━━━┓
┃ Algorithm      ┃ NDCG@1         ┃ NDCG@10        ┃ NDCG@5         ┃ Precision@1    ┃ Precision@10   ┃ Precision@5    ┃
┡━━━━━━━━━━━━━━━━╇━━━━━━━━━━━━━━━━╇━━━━━━━━━━━━━━━━╇━━━━━━━━━━━━━━━━╇━━━━━━━━━━━━━━━━╇━━━━━━━━━━━━━━━━╇━━━━━━━━━━━━━━━━┩
│ LensKit.ItemK… │ 0.02769361611… │ 0.01833104417… │ 0.02190179830… │ 0.02769361611… │ 0.01590921171… │ 0.02013501302… │
│ LensKit.ItemK… │ 0.02981980545… │ 0.01889754410… │ 0.02262134068… │ 0.02981980545… │ 0.01634508052… │ 0.02075160793… │
│ LensKit.ItemK… │ 0.02673683091… │ 0.01745318952… │ 0.02097964196… │ 0.02673683091… │ 0.01511189071… │ 0.01940147770… │
└────────────────┴────────────────┴────────────────┴────────────────┴────────────────┴────────────────┴────────────────┘
[Amazon2014VideoGames] Completed seed=33
algorithm    metric  k    value
      ALS      NDCG  1 0.227996
      ALS      NDCG  1 0.242842
      ALS      NDCG  1 0.226935
      ALS      NDCG  1 0.240721
      ALS      NDCG  1 0.219512
      ALS      NDCG  5 0.215805
      ALS      NDCG  5 0.206973
      ALS      NDCG  5 0.208200
      ALS      NDCG  5 0.215184
      ALS      NDCG  5 0.208579
      ALS      NDCG 10 0.200781
      ALS      NDCG 10 0.193202
      ALS      NDCG 10 0.197702
      ALS      NDCG 10 0.200007
      ALS      NDCG 10 0.198354
      ALS Precision  1 0.227996
      ALS Precision  1 0.242842
      ALS Precision  1 0.226935
      ALS Precision  1 0.240721
      ALS Precision  1 0.219512
      ALS Precision  5 0.212089
      ALS Precision  5 0.198515
      ALS Precision  5 0.201909
      ALS Precision  5 0.208484
      ALS Precision  5 0.205938
      ALS Precision 10 0.192259
      ALS Precision 10 0.182503
      ALS Precision 10 0.189926
      ALS Precision 10 0.189820
      ALS Precision 10 0.192577
  ItemKNN      NDCG  1 0.360551
  ItemKNN      NDCG  1 0.389183
  ItemKNN      NDCG  1 0.390244
  ItemKNN      NDCG  1 0.407211
  ItemKNN      NDCG  1 0.401909
  ItemKNN      NDCG  1 0.027694
  ItemKNN      NDCG  1 0.029820
  ItemKNN      NDCG  1 0.026737
  ItemKNN      NDCG  5 0.299595
  ItemKNN      NDCG  5 0.309816
  ItemKNN      NDCG  5 0.313202
  ItemKNN      NDCG  5 0.318514
  ItemKNN      NDCG  5 0.306519
  ItemKNN      NDCG  5 0.021902
  ItemKNN      NDCG  5 0.022621
  ItemKNN      NDCG  5 0.020980
  ItemKNN      NDCG 10 0.257002
  ItemKNN      NDCG 10 0.265514
  ItemKNN      NDCG 10 0.264324
  ItemKNN      NDCG 10 0.268283
  ItemKNN      NDCG 10 0.260473
  ItemKNN      NDCG 10 0.018331
  ItemKNN      NDCG 10 0.018898
  ItemKNN      NDCG 10 0.017453
  ItemKNN Precision  1 0.360551
  ItemKNN Precision  1 0.389183
  ItemKNN Precision  1 0.390244
  ItemKNN Precision  1 0.407211
  ItemKNN Precision  1 0.401909
  ItemKNN Precision  1 0.027694
  ItemKNN Precision  1 0.029820
  ItemKNN Precision  1 0.026737
  ItemKNN Precision  5 0.281866
  ItemKNN Precision  5 0.288441
  ItemKNN Precision  5 0.292895
  ItemKNN Precision  5 0.292471
  ItemKNN Precision  5 0.280806
  ItemKNN Precision  5 0.020135
  ItemKNN Precision  5 0.020752
  ItemKNN Precision  5 0.019401
  ItemKNN Precision 10 0.229586
  ItemKNN Precision 10 0.235737
  ItemKNN Precision 10 0.232768
  ItemKNN Precision 10 0.233192
  ItemKNN Precision 10 0.227466
  ItemKNN Precision 10 0.015909
  ItemKNN Precision 10 0.016345
  ItemKNN Precision 10 0.015112
      Pop      NDCG  1 0.242842
      Pop      NDCG  1 0.246023
      Pop      NDCG  1 0.259809
      Pop      NDCG  1 0.216331
      Pop      NDCG  1 0.252386
      Pop      NDCG  5 0.184194
      Pop      NDCG  5 0.190828
      Pop      NDCG  5 0.185279
      Pop      NDCG  5 0.181666
      Pop      NDCG  5 0.186650
      Pop      NDCG 10 0.170854
      Pop      NDCG 10 0.176056
      Pop      NDCG 10 0.169269
      Pop      NDCG 10 0.170225
      Pop      NDCG 10 0.172344
      Pop Precision  1 0.242842
      Pop Precision  1 0.246023
      Pop Precision  1 0.259809
      Pop Precision  1 0.216331
      Pop Precision  1 0.252386
      Pop Precision  5 0.168187
      Pop Precision  5 0.176246
      Pop Precision  5 0.167338
      Pop Precision  5 0.170308
      Pop Precision  5 0.169883
      Pop Precision 10 0.157158
      Pop Precision 10 0.162354
      Pop Precision 10 0.153340
      Pop Precision 10 0.159703
      Pop Precision 10 0.157900

[Amazon2014VideoGames] Preparing seed=44
                      INFO     Canonicalized data set already exists, skipping download and       recsys_data_set.py:205
                               canonicalization.                                                                        
                      INFO     Making data set implicit with threshold 3.                      feedback_conversion.py:21
                      INFO     Minimum rating: 1.0                                             feedback_conversion.py:24
                      INFO     Maximum rating: 5.0                                             feedback_conversion.py:25
                      INFO     Number of interactions before: 1324753                          feedback_conversion.py:26
                      INFO     Number of interactions after: 1094400                           feedback_conversion.py:44
                      INFO     Pruning data set to 5-core.                                            core_pruning.py:19
                      INFO     Number of interactions before: 1094400                                 core_pruning.py:20
[2026/07/09 00:45:40] INFO     Number of interactions after: 177572                                   core_pruning.py:63
[Amazon2014VideoGames] Running OmniRec for seed=44
[2026/07/09 00:45:52] INFO     Reusing existing env 'LensKit_env' at                                          envs.py:48
                               /home/florian_dueck04/.omnirec/data/envs/LensKit_env                                     
                      INFO     Starting runner...                                                     coordinator.py:272
[2026/07/09 00:46:00] INFO     Runner started with pid: 290406                                        coordinator.py:297
                      INFO     Connecting to runner...                                                coordinator.py:135
                      INFO     Running phase 'Fit' for Amazon2014VideoGames/ImplicitMFScorer          coordinator.py:402
[2026/07/09 00:46:30] INFO     Running phase 'Predict' for Amazon2014VideoGames/ImplicitMFScorer      coordinator.py:402
Traceback (most recent call last):
  File "/home/florian_dueck04/AutoRecLab-group4/.venv/lib/python3.12/site-packages/omnirec/runner/coordinator.py", line 212, in run
    self.run_split(
  File "/home/florian_dueck04/AutoRecLab-group4/.venv/lib/python3.12/site-packages/omnirec/runner/coordinator.py", line 354, in run_split
    self.wait_for_job(root._predict, root)
  File "/home/florian_dueck04/AutoRecLab-group4/.venv/lib/python3.12/site-packages/omnirec/runner/coordinator.py", line 385, in wait_for_job
    state = root._status(job_id)
            ^^^^^^^^^^^^^^^^^^^^
  File "/home/florian_dueck04/AutoRecLab-group4/.venv/lib/python3.12/site-packages/rpyc/core/netref.py", line 239, in __call__
    return syncreq(_self, consts.HANDLE_CALL, args, kwargs)
           ^^^^^^^^^^^^^^^^^^^^^^^^^^^^^^^^^^^^^^^^^^^^^^^^
  File "/home/florian_dueck04/AutoRecLab-group4/.venv/lib/python3.12/site-packages/rpyc/core/netref.py", line 63, in syncreq
    return conn.sync_request(handler, proxy, *args)
           ^^^^^^^^^^^^^^^^^^^^^^^^^^^^^^^^^^^^^^^^
  File "/home/florian_dueck04/AutoRecLab-group4/.venv/lib/python3.12/site-packages/rpyc/core/protocol.py", line 744, in sync_request
    return _async_res.value
           ^^^^^^^^^^^^^^^^
  File "/home/florian_dueck04/AutoRecLab-group4/.venv/lib/python3.12/site-packages/rpyc/core/async_.py", line 111, in value
    raise self._obj
rpyc.core.vinegar/concurrent.futures.process._get_exception_class.<locals>.Derived: A process in the process pool was terminated abruptly while the future was running or pending.

========= Remote Traceback (1) =========
Traceback (most recent call last):
  File "/home/florian_dueck04/.omnirec/data/envs/LensKit_env/lib/python3.11/site-packages/rpyc/core/protocol.py", line 369, in _dispatch_request
    res = self._HANDLERS[handler](self, *args)
          ^^^^^^^^^^^^^^^^^^^^^^^^^^^^^^^^^^^^
  File "/home/florian_dueck04/.omnirec/data/envs/LensKit_env/lib/python3.11/site-packages/rpyc/core/protocol.py", line 863, in _handle_call
    return obj(*args, **dict(kwargs))
           ^^^^^^^^^^^^^^^^^^^^^^^^^^
  File "/home/florian_dueck04/.omnirec/data/envs/LensKit_env/lib/python3.11/site-packages/omnirec_runner/runner.py", line 143, in _status
    raise exc
concurrent.futures.process.BrokenProcessPool: A process in the process pool was terminated abruptly while the future was running or pending.

[2026/07/09 00:51:20] CRITICAL Stopping runner...                                                     coordinator.py:445
                      INFO     Reusing existing env 'LensKit_env' at                                          envs.py:48
                               /home/florian_dueck04/.omnirec/data/envs/LensKit_env                                     
                      INFO     Starting runner...                                                     coordinator.py:272
[2026/07/09 00:51:28] INFO     Runner started with pid: 290620                                        coordinator.py:297
                      INFO     Connecting to runner...                                                coordinator.py:135
[2026/07/09 00:51:29] INFO     Running phase 'Fit' for Amazon2014VideoGames/ItemKNNScorer             coordinator.py:402
[2026/07/09 00:51:39] INFO     Running phase 'Predict' for Amazon2014VideoGames/ItemKNNScorer         coordinator.py:402
[2026/07/09 00:52:59] INFO     Running phase 'Evaluate' for Amazon2014VideoGames/ItemKNNScorer        coordinator.py:402
[2026/07/09 00:54:15] INFO     Amazon2014VideoGames/ItemKNNScorer done!                               coordinator.py:373
                      CRITICAL Stopping runner...                                                     coordinator.py:445
                      INFO     Reusing existing env 'LensKit_env' at                                          envs.py:48
                               /home/florian_dueck04/.omnirec/data/envs/LensKit_env                                     
                      INFO     Starting runner...                                                     coordinator.py:272
[2026/07/09 00:54:18] INFO     Runner started with pid: 290766                                        coordinator.py:297
                      INFO     Connecting to runner...                                                coordinator.py:135
                      INFO     Running phase 'Fit' for Amazon2014VideoGames/PopScorer                 coordinator.py:402
[2026/07/09 00:54:28] INFO     Running phase 'Predict' for Amazon2014VideoGames/PopScorer             coordinator.py:402
Traceback (most recent call last):
  File "/home/florian_dueck04/AutoRecLab-group4/.venv/lib/python3.12/site-packages/omnirec/runner/coordinator.py", line 212, in run
    self.run_split(
  File "/home/florian_dueck04/AutoRecLab-group4/.venv/lib/python3.12/site-packages/omnirec/runner/coordinator.py", line 354, in run_split
    self.wait_for_job(root._predict, root)
  File "/home/florian_dueck04/AutoRecLab-group4/.venv/lib/python3.12/site-packages/omnirec/runner/coordinator.py", line 385, in wait_for_job
    state = root._status(job_id)
            ^^^^^^^^^^^^^^^^^^^^
  File "/home/florian_dueck04/AutoRecLab-group4/.venv/lib/python3.12/site-packages/rpyc/core/netref.py", line 239, in __call__
    return syncreq(_self, consts.HANDLE_CALL, args, kwargs)
           ^^^^^^^^^^^^^^^^^^^^^^^^^^^^^^^^^^^^^^^^^^^^^^^^
  File "/home/florian_dueck04/AutoRecLab-group4/.venv/lib/python3.12/site-packages/rpyc/core/netref.py", line 63, in syncreq
    return conn.sync_request(handler, proxy, *args)
           ^^^^^^^^^^^^^^^^^^^^^^^^^^^^^^^^^^^^^^^^
  File "/home/florian_dueck04/AutoRecLab-group4/.venv/lib/python3.12/site-packages/rpyc/core/protocol.py", line 744, in sync_request
    return _async_res.value
           ^^^^^^^^^^^^^^^^
  File "/home/florian_dueck04/AutoRecLab-group4/.venv/lib/python3.12/site-packages/rpyc/core/async_.py", line 111, in value
    raise self._obj
rpyc.core.vinegar/concurrent.futures.process._get_exception_class.<locals>.Derived: A process in the process pool was terminated abruptly while the future was running or pending.

========= Remote Traceback (1) =========
Traceback (most recent call last):
  File "/home/florian_dueck04/.omnirec/data/envs/LensKit_env/lib/python3.11/site-packages/rpyc/core/protocol.py", line 369, in _dispatch_request
    res = self._HANDLERS[handler](self, *args)
          ^^^^^^^^^^^^^^^^^^^^^^^^^^^^^^^^^^^^
  File "/home/florian_dueck04/.omnirec/data/envs/LensKit_env/lib/python3.11/site-packages/rpyc/core/protocol.py", line 863, in _handle_call
    return obj(*args, **dict(kwargs))
           ^^^^^^^^^^^^^^^^^^^^^^^^^^
  File "/home/florian_dueck04/.omnirec/data/envs/LensKit_env/lib/python3.11/site-packages/omnirec_runner/runner.py", line 143, in _status
    raise exc
concurrent.futures.process.BrokenProcessPool: A process in the process pool was terminated abruptly while the future was running or pending.

[2026/07/09 00:58:58] CRITICAL Stopping runner...                                                     coordinator.py:445
                                       MovieLens100K-c437b6f6: Evaluation Results                                       
┏━━━━━━━━━━━━━━━━┳━━━━━━━━━━━━━━━━┳━━━━━━━━━━━━━━━━┳━━━━━━━━━━━━━━━━┳━━━━━━━━━━━━━━━━┳━━━━━━━━━━━━━━━━┳━━━━━━━━━━━━━━━━┓
┃ Algorithm      ┃ NDCG@1         ┃ NDCG@10        ┃ NDCG@5         ┃ Precision@1    ┃ Precision@10   ┃ Precision@5    ┃
┡━━━━━━━━━━━━━━━━╇━━━━━━━━━━━━━━━━╇━━━━━━━━━━━━━━━━╇━━━━━━━━━━━━━━━━╇━━━━━━━━━━━━━━━━╇━━━━━━━━━━━━━━━━╇━━━━━━━━━━━━━━━━┩
│ LensKit.Impli… │ 0.22799575821… │ 0.20078086516… │ 0.21580485661… │ 0.22799575821… │ 0.19225874867… │ 0.21208907741… │
│ LensKit.Impli… │ 0.24284199363… │ 0.19320205330… │ 0.20697266927… │ 0.24284199363… │ 0.18250265111… │ 0.19851537645… │
│ LensKit.Impli… │ 0.22693531283… │ 0.19770158253… │ 0.20820038629… │ 0.22693531283… │ 0.18992576882… │ 0.20190880169… │
│ LensKit.Impli… │ 0.24072110286… │ 0.20000737526… │ 0.21518373453… │ 0.24072110286… │ 0.18981972428… │ 0.20848356309… │
│ LensKit.Impli… │ 0.21951219512… │ 0.19835405143… │ 0.20857921448… │ 0.21951219512… │ 0.19257688229… │ 0.20593849416… │
│ LensKit.ItemK… │ 0.36055143160… │ 0.25700211117… │ 0.29959478550… │ 0.36055143160… │ 0.22958642629… │ 0.28186638388… │
│ LensKit.ItemK… │ 0.38918345705… │ 0.26551380086… │ 0.30981631620… │ 0.38918345705… │ 0.23573700954… │ 0.28844114528… │
│ LensKit.ItemK… │ 0.39024390243… │ 0.26432388434… │ 0.31320201658… │ 0.39024390243… │ 0.23276776246… │ 0.29289501590… │
│ LensKit.ItemK… │ 0.40721102863… │ 0.26828327862… │ 0.31851377774… │ 0.40721102863… │ 0.23319194061… │ 0.29247083775… │
│ LensKit.ItemK… │ 0.40190880169… │ 0.26047294673… │ 0.30651940519… │ 0.40190880169… │ 0.22746553552… │ 0.28080593849… │
│ LensKit.PopSc… │ 0.24284199363… │ 0.17085374805… │ 0.18419393959… │ 0.24284199363… │ 0.15715800636… │ 0.16818663838… │
│ LensKit.PopSc… │ 0.24602332979… │ 0.17605623003… │ 0.19082843121… │ 0.24602332979… │ 0.16235418875… │ 0.17624602332… │
│ LensKit.PopSc… │ 0.25980911983… │ 0.16926872420… │ 0.18527942782… │ 0.25980911983… │ 0.15334040296… │ 0.16733828207… │
│ LensKit.PopSc… │ 0.21633085896… │ 0.17022517752… │ 0.18166637260… │ 0.21633085896… │ 0.15970307529… │ 0.17030752916… │
│ LensKit.PopSc… │ 0.25238600212… │ 0.17234356370… │ 0.18665000375… │ 0.25238600212… │ 0.15790031813… │ 0.16988335100… │
└────────────────┴────────────────┴────────────────┴────────────────┴────────────────┴────────────────┴────────────────┘
                                   Amazon2014VideoGames-7d7641f6: Evaluation Results                                    
┏━━━━━━━━━━━━━━━━┳━━━━━━━━━━━━━━━━┳━━━━━━━━━━━━━━━━┳━━━━━━━━━━━━━━━━┳━━━━━━━━━━━━━━━━┳━━━━━━━━━━━━━━━━┳━━━━━━━━━━━━━━━━┓
┃ Algorithm      ┃ NDCG@1         ┃ NDCG@10        ┃ NDCG@5         ┃ Precision@1    ┃ Precision@10   ┃ Precision@5    ┃
┡━━━━━━━━━━━━━━━━╇━━━━━━━━━━━━━━━━╇━━━━━━━━━━━━━━━━╇━━━━━━━━━━━━━━━━╇━━━━━━━━━━━━━━━━╇━━━━━━━━━━━━━━━━╇━━━━━━━━━━━━━━━━┩
│ LensKit.ItemK… │ 0.02769361611… │ 0.01833104417… │ 0.02190179830… │ 0.02769361611… │ 0.01590921171… │ 0.02013501302… │
│ LensKit.ItemK… │ 0.02981980545… │ 0.01889754410… │ 0.02262134068… │ 0.02981980545… │ 0.01634508052… │ 0.02075160793… │
│ LensKit.ItemK… │ 0.02673683091… │ 0.01745318952… │ 0.02097964196… │ 0.02673683091… │ 0.01511189071… │ 0.01940147770… │
│ LensKit.ItemK… │ 0.03194599479… │ 0.01967238170… │ 0.02344583350… │ 0.03194599479… │ 0.01691915165… │ 0.02124063147… │
└────────────────┴────────────────┴────────────────┴────────────────┴────────────────┴────────────────┴────────────────┘
[Amazon2014VideoGames] Completed seed=44
algorithm    metric  k    value
      ALS      NDCG  1 0.227996
      ALS      NDCG  1 0.242842
      ALS      NDCG  1 0.226935
      ALS      NDCG  1 0.240721
      ALS      NDCG  1 0.219512
      ALS      NDCG  5 0.215805
      ALS      NDCG  5 0.206973
      ALS      NDCG  5 0.208200
      ALS      NDCG  5 0.215184
      ALS      NDCG  5 0.208579
      ALS      NDCG 10 0.200781
      ALS      NDCG 10 0.193202
      ALS      NDCG 10 0.197702
      ALS      NDCG 10 0.200007
      ALS      NDCG 10 0.198354
      ALS Precision  1 0.227996
      ALS Precision  1 0.242842
      ALS Precision  1 0.226935
      ALS Precision  1 0.240721
      ALS Precision  1 0.219512
      ALS Precision  5 0.212089
      ALS Precision  5 0.198515
      ALS Precision  5 0.201909
      ALS Precision  5 0.208484
      ALS Precision  5 0.205938
      ALS Precision 10 0.192259
      ALS Precision 10 0.182503
      ALS Precision 10 0.189926
      ALS Precision 10 0.189820
      ALS Precision 10 0.192577
  ItemKNN      NDCG  1 0.360551
  ItemKNN      NDCG  1 0.389183
  ItemKNN      NDCG  1 0.390244
  ItemKNN      NDCG  1 0.407211
  ItemKNN      NDCG  1 0.401909
  ItemKNN      NDCG  1 0.027694
  ItemKNN      NDCG  1 0.029820
  ItemKNN      NDCG  1 0.026737
  ItemKNN      NDCG  1 0.031946
  ItemKNN      NDCG  5 0.299595
  ItemKNN      NDCG  5 0.309816
  ItemKNN      NDCG  5 0.313202
  ItemKNN      NDCG  5 0.318514
  ItemKNN      NDCG  5 0.306519
  ItemKNN      NDCG  5 0.021902
  ItemKNN      NDCG  5 0.022621
  ItemKNN      NDCG  5 0.020980
  ItemKNN      NDCG  5 0.023446
  ItemKNN      NDCG 10 0.257002
  ItemKNN      NDCG 10 0.265514
  ItemKNN      NDCG 10 0.264324
  ItemKNN      NDCG 10 0.268283
  ItemKNN      NDCG 10 0.260473
  ItemKNN      NDCG 10 0.018331
  ItemKNN      NDCG 10 0.018898
  ItemKNN      NDCG 10 0.017453
  ItemKNN      NDCG 10 0.019672
  ItemKNN Precision  1 0.360551
  ItemKNN Precision  1 0.389183
  ItemKNN Precision  1 0.390244
  ItemKNN Precision  1 0.407211
  ItemKNN Precision  1 0.401909
  ItemKNN Precision  1 0.027694
  ItemKNN Precision  1 0.029820
  ItemKNN Precision  1 0.026737
  ItemKNN Precision  1 0.031946
  ItemKNN Precision  5 0.281866
  ItemKNN Precision  5 0.288441
  ItemKNN Precision  5 0.292895
  ItemKNN Precision  5 0.292471
  ItemKNN Precision  5 0.280806
  ItemKNN Precision  5 0.020135
  ItemKNN Precision  5 0.020752
  ItemKNN Precision  5 0.019401
  ItemKNN Precision  5 0.021241
  ItemKNN Precision 10 0.229586
  ItemKNN Precision 10 0.235737
  ItemKNN Precision 10 0.232768
  ItemKNN Precision 10 0.233192
  ItemKNN Precision 10 0.227466
  ItemKNN Precision 10 0.015909
  ItemKNN Precision 10 0.016345
  ItemKNN Precision 10 0.015112
  ItemKNN Precision 10 0.016919
      Pop      NDCG  1 0.242842
      Pop      NDCG  1 0.246023
      Pop      NDCG  1 0.259809
      Pop      NDCG  1 0.216331
      Pop      NDCG  1 0.252386
      Pop      NDCG  5 0.184194
      Pop      NDCG  5 0.190828
      Pop      NDCG  5 0.185279
      Pop      NDCG  5 0.181666
      Pop      NDCG  5 0.186650
      Pop      NDCG 10 0.170854
      Pop      NDCG 10 0.176056
      Pop      NDCG 10 0.169269
      Pop      NDCG 10 0.170225
      Pop      NDCG 10 0.172344
      Pop Precision  1 0.242842
      Pop Precision  1 0.246023
      Pop Precision  1 0.259809
      Pop Precision  1 0.216331
      Pop Precision  1 0.252386
      Pop Precision  5 0.168187
      Pop Precision  5 0.176246
      Pop Precision  5 0.167338
      Pop Precision  5 0.170308
      Pop Precision  5 0.169883
      Pop Precision 10 0.157158
      Pop Precision 10 0.162354
      Pop Precision 10 0.153340
      Pop Precision 10 0.159703
      Pop Precision 10 0.157900

[Amazon2014VideoGames] Preparing seed=55
                      INFO     Canonicalized data set already exists, skipping download and       recsys_data_set.py:205
                               canonicalization.                                                                        
[2026/07/09 00:58:59] INFO     Making data set implicit with threshold 3.                      feedback_conversion.py:21
                      INFO     Minimum rating: 1.0                                             feedback_conversion.py:24
                      INFO     Maximum rating: 5.0                                             feedback_conversion.py:25
                      INFO     Number of interactions before: 1324753                          feedback_conversion.py:26
                      INFO     Number of interactions after: 1094400                           feedback_conversion.py:44
                      INFO     Pruning data set to 5-core.                                            core_pruning.py:19
                      INFO     Number of interactions before: 1094400                                 core_pruning.py:20
[2026/07/09 00:59:00] INFO     Number of interactions after: 177572                                   core_pruning.py:63
[Amazon2014VideoGames] Running OmniRec for seed=55
[2026/07/09 00:59:12] INFO     Reusing existing env 'LensKit_env' at                                          envs.py:48
                               /home/florian_dueck04/.omnirec/data/envs/LensKit_env                                     
                      INFO     Starting runner...                                                     coordinator.py:272
[2026/07/09 00:59:21] INFO     Runner started with pid: 290961                                        coordinator.py:297
                      INFO     Connecting to runner...                                                coordinator.py:135
[2026/07/09 00:59:22] INFO     Running phase 'Fit' for Amazon2014VideoGames/ImplicitMFScorer          coordinator.py:402
[2026/07/09 00:59:52] INFO     Running phase 'Predict' for Amazon2014VideoGames/ImplicitMFScorer      coordinator.py:402
Traceback (most recent call last):
  File "/home/florian_dueck04/AutoRecLab-group4/.venv/lib/python3.12/site-packages/omnirec/runner/coordinator.py", line 212, in run
    self.run_split(
  File "/home/florian_dueck04/AutoRecLab-group4/.venv/lib/python3.12/site-packages/omnirec/runner/coordinator.py", line 354, in run_split
    self.wait_for_job(root._predict, root)
  File "/home/florian_dueck04/AutoRecLab-group4/.venv/lib/python3.12/site-packages/omnirec/runner/coordinator.py", line 385, in wait_for_job
    state = root._status(job_id)
            ^^^^^^^^^^^^^^^^^^^^
  File "/home/florian_dueck04/AutoRecLab-group4/.venv/lib/python3.12/site-packages/rpyc/core/netref.py", line 239, in __call__
    return syncreq(_self, consts.HANDLE_CALL, args, kwargs)
           ^^^^^^^^^^^^^^^^^^^^^^^^^^^^^^^^^^^^^^^^^^^^^^^^
  File "/home/florian_dueck04/AutoRecLab-group4/.venv/lib/python3.12/site-packages/rpyc/core/netref.py", line 63, in syncreq
    return conn.sync_request(handler, proxy, *args)
           ^^^^^^^^^^^^^^^^^^^^^^^^^^^^^^^^^^^^^^^^
  File "/home/florian_dueck04/AutoRecLab-group4/.venv/lib/python3.12/site-packages/rpyc/core/protocol.py", line 744, in sync_request
    return _async_res.value
           ^^^^^^^^^^^^^^^^
  File "/home/florian_dueck04/AutoRecLab-group4/.venv/lib/python3.12/site-packages/rpyc/core/async_.py", line 111, in value
    raise self._obj
rpyc.core.vinegar/concurrent.futures.process._get_exception_class.<locals>.Derived: A process in the process pool was terminated abruptly while the future was running or pending.

========= Remote Traceback (1) =========
Traceback (most recent call last):
  File "/home/florian_dueck04/.omnirec/data/envs/LensKit_env/lib/python3.11/site-packages/rpyc/core/protocol.py", line 369, in _dispatch_request
    res = self._HANDLERS[handler](self, *args)
          ^^^^^^^^^^^^^^^^^^^^^^^^^^^^^^^^^^^^
  File "/home/florian_dueck04/.omnirec/data/envs/LensKit_env/lib/python3.11/site-packages/rpyc/core/protocol.py", line 863, in _handle_call
    return obj(*args, **dict(kwargs))
           ^^^^^^^^^^^^^^^^^^^^^^^^^^
  File "/home/florian_dueck04/.omnirec/data/envs/LensKit_env/lib/python3.11/site-packages/omnirec_runner/runner.py", line 143, in _status
    raise exc
concurrent.futures.process.BrokenProcessPool: A process in the process pool was terminated abruptly while the future was running or pending.

[2026/07/09 01:04:52] CRITICAL Stopping runner...                                                     coordinator.py:445
                      INFO     Reusing existing env 'LensKit_env' at                                          envs.py:48
                               /home/florian_dueck04/.omnirec/data/envs/LensKit_env                                     
                      INFO     Starting runner...                                                     coordinator.py:272
[2026/07/09 01:05:01] INFO     Runner started with pid: 291149                                        coordinator.py:297
                      INFO     Connecting to runner...                                                coordinator.py:135
                      INFO     Running phase 'Fit' for Amazon2014VideoGames/ItemKNNScorer             coordinator.py:402
[2026/07/09 01:05:11] INFO     Running phase 'Predict' for Amazon2014VideoGames/ItemKNNScorer         coordinator.py:402
[2026/07/09 01:06:31] INFO     Running phase 'Evaluate' for Amazon2014VideoGames/ItemKNNScorer        coordinator.py:402
[2026/07/09 01:07:46] INFO     Amazon2014VideoGames/ItemKNNScorer done!                               coordinator.py:373
                      CRITICAL Stopping runner...                                                     coordinator.py:445
[2026/07/09 01:07:47] INFO     Reusing existing env 'LensKit_env' at                                          envs.py:48
                               /home/florian_dueck04/.omnirec/data/envs/LensKit_env                                     
                      INFO     Starting runner...                                                     coordinator.py:272
[2026/07/09 01:07:49] INFO     Runner started with pid: 291291                                        coordinator.py:297
                      INFO     Connecting to runner...                                                coordinator.py:135
                      INFO     Running phase 'Fit' for Amazon2014VideoGames/PopScorer                 coordinator.py:402
[2026/07/09 01:07:59] INFO     Running phase 'Predict' for Amazon2014VideoGames/PopScorer             coordinator.py:402
Traceback (most recent call last):
  File "/home/florian_dueck04/AutoRecLab-group4/.venv/lib/python3.12/site-packages/omnirec/runner/coordinator.py", line 212, in run
    self.run_split(
  File "/home/florian_dueck04/AutoRecLab-group4/.venv/lib/python3.12/site-packages/omnirec/runner/coordinator.py", line 354, in run_split
    self.wait_for_job(root._predict, root)
  File "/home/florian_dueck04/AutoRecLab-group4/.venv/lib/python3.12/site-packages/omnirec/runner/coordinator.py", line 385, in wait_for_job
    state = root._status(job_id)
            ^^^^^^^^^^^^^^^^^^^^
  File "/home/florian_dueck04/AutoRecLab-group4/.venv/lib/python3.12/site-packages/rpyc/core/netref.py", line 239, in __call__
    return syncreq(_self, consts.HANDLE_CALL, args, kwargs)
           ^^^^^^^^^^^^^^^^^^^^^^^^^^^^^^^^^^^^^^^^^^^^^^^^
  File "/home/florian_dueck04/AutoRecLab-group4/.venv/lib/python3.12/site-packages/rpyc/core/netref.py", line 63, in syncreq
    return conn.sync_request(handler, proxy, *args)
           ^^^^^^^^^^^^^^^^^^^^^^^^^^^^^^^^^^^^^^^^
  File "/home/florian_dueck04/AutoRecLab-group4/.venv/lib/python3.12/site-packages/rpyc/core/protocol.py", line 744, in sync_request
    return _async_res.value
           ^^^^^^^^^^^^^^^^
  File "/home/florian_dueck04/AutoRecLab-group4/.venv/lib/python3.12/site-packages/rpyc/core/async_.py", line 111, in value
    raise self._obj
rpyc.core.vinegar/concurrent.futures.process._get_exception_class.<locals>.Derived: A process in the process pool was terminated abruptly while the future was running or pending.

========= Remote Traceback (1) =========
Traceback (most recent call last):
  File "/home/florian_dueck04/.omnirec/data/envs/LensKit_env/lib/python3.11/site-packages/rpyc/core/protocol.py", line 369, in _dispatch_request
    res = self._HANDLERS[handler](self, *args)
          ^^^^^^^^^^^^^^^^^^^^^^^^^^^^^^^^^^^^
  File "/home/florian_dueck04/.omnirec/data/envs/LensKit_env/lib/python3.11/site-packages/rpyc/core/protocol.py", line 863, in _handle_call
    return obj(*args, **dict(kwargs))
           ^^^^^^^^^^^^^^^^^^^^^^^^^^
  File "/home/florian_dueck04/.omnirec/data/envs/LensKit_env/lib/python3.11/site-packages/omnirec_runner/runner.py", line 143, in _status
    raise exc
concurrent.futures.process.BrokenProcessPool: A process in the process pool was terminated abruptly while the future was running or pending.

[2026/07/09 01:12:32] CRITICAL Stopping runner...                                                     coordinator.py:445
                                       MovieLens100K-c437b6f6: Evaluation Results                                       
┏━━━━━━━━━━━━━━━━┳━━━━━━━━━━━━━━━━┳━━━━━━━━━━━━━━━━┳━━━━━━━━━━━━━━━━┳━━━━━━━━━━━━━━━━┳━━━━━━━━━━━━━━━━┳━━━━━━━━━━━━━━━━┓
┃ Algorithm      ┃ NDCG@1         ┃ NDCG@10        ┃ NDCG@5         ┃ Precision@1    ┃ Precision@10   ┃ Precision@5    ┃
┡━━━━━━━━━━━━━━━━╇━━━━━━━━━━━━━━━━╇━━━━━━━━━━━━━━━━╇━━━━━━━━━━━━━━━━╇━━━━━━━━━━━━━━━━╇━━━━━━━━━━━━━━━━╇━━━━━━━━━━━━━━━━┩
│ LensKit.Impli… │ 0.22799575821… │ 0.20078086516… │ 0.21580485661… │ 0.22799575821… │ 0.19225874867… │ 0.21208907741… │
│ LensKit.Impli… │ 0.24284199363… │ 0.19320205330… │ 0.20697266927… │ 0.24284199363… │ 0.18250265111… │ 0.19851537645… │
│ LensKit.Impli… │ 0.22693531283… │ 0.19770158253… │ 0.20820038629… │ 0.22693531283… │ 0.18992576882… │ 0.20190880169… │
│ LensKit.Impli… │ 0.24072110286… │ 0.20000737526… │ 0.21518373453… │ 0.24072110286… │ 0.18981972428… │ 0.20848356309… │
│ LensKit.Impli… │ 0.21951219512… │ 0.19835405143… │ 0.20857921448… │ 0.21951219512… │ 0.19257688229… │ 0.20593849416… │
│ LensKit.ItemK… │ 0.36055143160… │ 0.25700211117… │ 0.29959478550… │ 0.36055143160… │ 0.22958642629… │ 0.28186638388… │
│ LensKit.ItemK… │ 0.38918345705… │ 0.26551380086… │ 0.30981631620… │ 0.38918345705… │ 0.23573700954… │ 0.28844114528… │
│ LensKit.ItemK… │ 0.39024390243… │ 0.26432388434… │ 0.31320201658… │ 0.39024390243… │ 0.23276776246… │ 0.29289501590… │
│ LensKit.ItemK… │ 0.40721102863… │ 0.26828327862… │ 0.31851377774… │ 0.40721102863… │ 0.23319194061… │ 0.29247083775… │
│ LensKit.ItemK… │ 0.40190880169… │ 0.26047294673… │ 0.30651940519… │ 0.40190880169… │ 0.22746553552… │ 0.28080593849… │
│ LensKit.PopSc… │ 0.24284199363… │ 0.17085374805… │ 0.18419393959… │ 0.24284199363… │ 0.15715800636… │ 0.16818663838… │
│ LensKit.PopSc… │ 0.24602332979… │ 0.17605623003… │ 0.19082843121… │ 0.24602332979… │ 0.16235418875… │ 0.17624602332… │
│ LensKit.PopSc… │ 0.25980911983… │ 0.16926872420… │ 0.18527942782… │ 0.25980911983… │ 0.15334040296… │ 0.16733828207… │
│ LensKit.PopSc… │ 0.21633085896… │ 0.17022517752… │ 0.18166637260… │ 0.21633085896… │ 0.15970307529… │ 0.17030752916… │
│ LensKit.PopSc… │ 0.25238600212… │ 0.17234356370… │ 0.18665000375… │ 0.25238600212… │ 0.15790031813… │ 0.16988335100… │
└────────────────┴────────────────┴────────────────┴────────────────┴────────────────┴────────────────┴────────────────┘
                                   Amazon2014VideoGames-7d7641f6: Evaluation Results                                    
┏━━━━━━━━━━━━━━━━┳━━━━━━━━━━━━━━━━┳━━━━━━━━━━━━━━━━┳━━━━━━━━━━━━━━━━┳━━━━━━━━━━━━━━━━┳━━━━━━━━━━━━━━━━┳━━━━━━━━━━━━━━━━┓
┃ Algorithm      ┃ NDCG@1         ┃ NDCG@10        ┃ NDCG@5         ┃ Precision@1    ┃ Precision@10   ┃ Precision@5    ┃
┡━━━━━━━━━━━━━━━━╇━━━━━━━━━━━━━━━━╇━━━━━━━━━━━━━━━━╇━━━━━━━━━━━━━━━━╇━━━━━━━━━━━━━━━━╇━━━━━━━━━━━━━━━━╇━━━━━━━━━━━━━━━━┩
│ LensKit.ItemK… │ 0.02769361611… │ 0.01833104417… │ 0.02190179830… │ 0.02769361611… │ 0.01590921171… │ 0.02013501302… │
│ LensKit.ItemK… │ 0.02981980545… │ 0.01889754410… │ 0.02262134068… │ 0.02981980545… │ 0.01634508052… │ 0.02075160793… │
│ LensKit.ItemK… │ 0.02673683091… │ 0.01745318952… │ 0.02097964196… │ 0.02673683091… │ 0.01511189071… │ 0.01940147770… │
│ LensKit.ItemK… │ 0.03194599479… │ 0.01967238170… │ 0.02344583350… │ 0.03194599479… │ 0.01691915165… │ 0.02124063147… │
│ LensKit.ItemK… │ 0.02875671078… │ 0.01781643460… │ 0.02134834759… │ 0.02875671078… │ 0.01531387870… │ 0.01940147770… │
└────────────────┴────────────────┴────────────────┴────────────────┴────────────────┴────────────────┴────────────────┘
[Amazon2014VideoGames] Completed seed=55
algorithm    metric  k    value
      ALS      NDCG  1 0.227996
      ALS      NDCG  1 0.242842
      ALS      NDCG  1 0.226935
      ALS      NDCG  1 0.240721
      ALS      NDCG  1 0.219512
      ALS      NDCG  5 0.215805
      ALS      NDCG  5 0.206973
      ALS      NDCG  5 0.208200
      ALS      NDCG  5 0.215184
      ALS      NDCG  5 0.208579
      ALS      NDCG 10 0.200781
      ALS      NDCG 10 0.193202
      ALS      NDCG 10 0.197702
      ALS      NDCG 10 0.200007
      ALS      NDCG 10 0.198354
      ALS Precision  1 0.227996
      ALS Precision  1 0.242842
      ALS Precision  1 0.226935
      ALS Precision  1 0.240721
      ALS Precision  1 0.219512
      ALS Precision  5 0.212089
      ALS Precision  5 0.198515
      ALS Precision  5 0.201909
      ALS Precision  5 0.208484
      ALS Precision  5 0.205938
      ALS Precision 10 0.192259
      ALS Precision 10 0.182503
      ALS Precision 10 0.189926
      ALS Precision 10 0.189820
      ALS Precision 10 0.192577
  ItemKNN      NDCG  1 0.360551
  ItemKNN      NDCG  1 0.389183
  ItemKNN      NDCG  1 0.390244
  ItemKNN      NDCG  1 0.407211
  ItemKNN      NDCG  1 0.401909
  ItemKNN      NDCG  1 0.027694
  ItemKNN      NDCG  1 0.029820
  ItemKNN      NDCG  1 0.026737
  ItemKNN      NDCG  1 0.031946
  ItemKNN      NDCG  1 0.028757
  ItemKNN      NDCG  5 0.299595
  ItemKNN      NDCG  5 0.309816
  ItemKNN      NDCG  5 0.313202
  ItemKNN      NDCG  5 0.318514
  ItemKNN      NDCG  5 0.306519
  ItemKNN      NDCG  5 0.021902
  ItemKNN      NDCG  5 0.022621
  ItemKNN      NDCG  5 0.020980
  ItemKNN      NDCG  5 0.023446
  ItemKNN      NDCG  5 0.021348
  ItemKNN      NDCG 10 0.257002
  ItemKNN      NDCG 10 0.265514
  ItemKNN      NDCG 10 0.264324
  ItemKNN      NDCG 10 0.268283
  ItemKNN      NDCG 10 0.260473
  ItemKNN      NDCG 10 0.018331
  ItemKNN      NDCG 10 0.018898
  ItemKNN      NDCG 10 0.017453
  ItemKNN      NDCG 10 0.019672
  ItemKNN      NDCG 10 0.017816
  ItemKNN Precision  1 0.360551
  ItemKNN Precision  1 0.389183
  ItemKNN Precision  1 0.390244
  ItemKNN Precision  1 0.407211
  ItemKNN Precision  1 0.401909
  ItemKNN Precision  1 0.027694
  ItemKNN Precision  1 0.029820
  ItemKNN Precision  1 0.026737
  ItemKNN Precision  1 0.031946
  ItemKNN Precision  1 0.028757
  ItemKNN Precision  5 0.281866
  ItemKNN Precision  5 0.288441
  ItemKNN Precision  5 0.292895
  ItemKNN Precision  5 0.292471
  ItemKNN Precision  5 0.280806
  ItemKNN Precision  5 0.020135
  ItemKNN Precision  5 0.020752
  ItemKNN Precision  5 0.019401
  ItemKNN Precision  5 0.021241
  ItemKNN Precision  5 0.019401
  ItemKNN Precision 10 0.229586
  ItemKNN Precision 10 0.235737
  ItemKNN Precision 10 0.232768
  ItemKNN Precision 10 0.233192
  ItemKNN Precision 10 0.227466
  ItemKNN Precision 10 0.015909
  ItemKNN Precision 10 0.016345
  ItemKNN Precision 10 0.015112
  ItemKNN Precision 10 0.016919
  ItemKNN Precision 10 0.015314
      Pop      NDCG  1 0.242842
      Pop      NDCG  1 0.246023
      Pop      NDCG  1 0.259809
      Pop      NDCG  1 0.216331
      Pop      NDCG  1 0.252386
      Pop      NDCG  5 0.184194
      Pop      NDCG  5 0.190828
      Pop      NDCG  5 0.185279
      Pop      NDCG  5 0.181666
      Pop      NDCG  5 0.186650
      Pop      NDCG 10 0.170854
      Pop      NDCG 10 0.176056
      Pop      NDCG 10 0.169269
      Pop      NDCG 10 0.170225
      Pop      NDCG 10 0.172344
      Pop Precision  1 0.242842
      Pop Precision  1 0.246023
      Pop Precision  1 0.259809
      Pop Precision  1 0.216331
      Pop Precision  1 0.252386
      Pop Precision  5 0.168187
      Pop Precision  5 0.176246
      Pop Precision  5 0.167338
      Pop Precision  5 0.170308
      Pop Precision  5 0.169883
      Pop Precision 10 0.157158
      Pop Precision 10 0.162354
      Pop Precision 10 0.153340
      Pop Precision 10 0.159703
      Pop Precision 10 0.157900

[HetrecLastFM] Preparing seed=11
[2026/07/09 01:12:33] INFO     Canonicalized data set already exists, skipping download and       recsys_data_set.py:205
                               canonicalization.                                                                        
                      INFO     Pruning data set to 5-core.                                            core_pruning.py:19
                      INFO     Number of interactions before: 71064                                   core_pruning.py:20
                      INFO     Number of interactions after: 52551                                    core_pruning.py:63
[HetrecLastFM] Running OmniRec for seed=11
[2026/07/09 01:12:34] INFO     Reusing existing env 'LensKit_env' at                                          envs.py:48
                               /home/florian_dueck04/.omnirec/data/envs/LensKit_env                                     
                      INFO     Starting runner...                                                     coordinator.py:272
[2026/07/09 01:12:42] INFO     Runner started with pid: 291484                                        coordinator.py:297
                      INFO     Connecting to runner...                                                coordinator.py:135
[2026/07/09 01:12:43] INFO     Running phase 'Fit' for HetrecLastFM/ImplicitMFScorer                  coordinator.py:402
[2026/07/09 01:12:53] INFO     Running phase 'Predict' for HetrecLastFM/ImplicitMFScorer              coordinator.py:402
[2026/07/09 01:13:13] INFO     Running phase 'Evaluate' for HetrecLastFM/ImplicitMFScorer             coordinator.py:402
Traceback (most recent call last):
  File "/home/florian_dueck04/AutoRecLab-group4/.venv/lib/python3.12/site-packages/omnirec/runner/coordinator.py", line 212, in run
    self.run_split(
  File "/home/florian_dueck04/AutoRecLab-group4/.venv/lib/python3.12/site-packages/omnirec/runner/coordinator.py", line 365, in run_split
    self._evaluator.run_evaluation(
  File "/home/florian_dueck04/AutoRecLab-group4/.venv/lib/python3.12/site-packages/omnirec/runner/evaluation.py", line 54, in run_evaluation
    mr = m.calculate(predictions, test)
         ^^^^^^^^^^^^^^^^^^^^^^^^^^^^^^
  File "/home/florian_dueck04/AutoRecLab-group4/.venv/lib/python3.12/site-packages/omnirec/metrics/ranking.py", line 74, in calculate
    top_k_dict = self.make_topk_dict(predictions)
                 ^^^^^^^^^^^^^^^^^^^^^^^^^^^^^^^^
  File "/home/florian_dueck04/AutoRecLab-group4/.venv/lib/python3.12/site-packages/omnirec/metrics/ranking.py", line 24, in make_topk_dict
    for user, group in predictions.sort_values("rank").groupby("user"):
                       ^^^^^^^^^^^^^^^^^^^^^^^^^^^^^^^
  File "/home/florian_dueck04/AutoRecLab-group4/.venv/lib/python3.12/site-packages/pandas/core/frame.py", line 7211, in sort_values
    k = self._get_label_or_level_values(by[0], axis=axis)
        ^^^^^^^^^^^^^^^^^^^^^^^^^^^^^^^^^^^^^^^^^^^^^^^^^
  File "/home/florian_dueck04/AutoRecLab-group4/.venv/lib/python3.12/site-packages/pandas/core/generic.py", line 1914, in _get_label_or_level_values
    raise KeyError(key)
KeyError: 'rank'
                      CRITICAL Stopping runner...                                                     coordinator.py:445
                      INFO     Reusing existing env 'LensKit_env' at                                          envs.py:48
                               /home/florian_dueck04/.omnirec/data/envs/LensKit_env                                     
                      INFO     Starting runner...                                                     coordinator.py:272
[2026/07/09 01:13:15] INFO     Runner started with pid: 291584                                        coordinator.py:297
                      INFO     Connecting to runner...                                                coordinator.py:135
                      INFO     Running phase 'Fit' for HetrecLastFM/ItemKNNScorer                     coordinator.py:402
[2026/07/09 01:13:25] INFO     Running phase 'Predict' for HetrecLastFM/ItemKNNScorer                 coordinator.py:402
[2026/07/09 01:13:35] INFO     Running phase 'Evaluate' for HetrecLastFM/ItemKNNScorer                coordinator.py:402
Traceback (most recent call last):
  File "/home/florian_dueck04/AutoRecLab-group4/.venv/lib/python3.12/site-packages/omnirec/runner/coordinator.py", line 212, in run
    self.run_split(
  File "/home/florian_dueck04/AutoRecLab-group4/.venv/lib/python3.12/site-packages/omnirec/runner/coordinator.py", line 365, in run_split
    self._evaluator.run_evaluation(
  File "/home/florian_dueck04/AutoRecLab-group4/.venv/lib/python3.12/site-packages/omnirec/runner/evaluation.py", line 54, in run_evaluation
    mr = m.calculate(predictions, test)
         ^^^^^^^^^^^^^^^^^^^^^^^^^^^^^^
  File "/home/florian_dueck04/AutoRecLab-group4/.venv/lib/python3.12/site-packages/omnirec/metrics/ranking.py", line 74, in calculate
    top_k_dict = self.make_topk_dict(predictions)
                 ^^^^^^^^^^^^^^^^^^^^^^^^^^^^^^^^
  File "/home/florian_dueck04/AutoRecLab-group4/.venv/lib/python3.12/site-packages/omnirec/metrics/ranking.py", line 24, in make_topk_dict
    for user, group in predictions.sort_values("rank").groupby("user"):
                       ^^^^^^^^^^^^^^^^^^^^^^^^^^^^^^^
  File "/home/florian_dueck04/AutoRecLab-group4/.venv/lib/python3.12/site-packages/pandas/core/frame.py", line 7211, in sort_values
    k = self._get_label_or_level_values(by[0], axis=axis)
        ^^^^^^^^^^^^^^^^^^^^^^^^^^^^^^^^^^^^^^^^^^^^^^^^^
  File "/home/florian_dueck04/AutoRecLab-group4/.venv/lib/python3.12/site-packages/pandas/core/generic.py", line 1914, in _get_label_or_level_values
    raise KeyError(key)
KeyError: 'rank'
                      CRITICAL Stopping runner...                                                     coordinator.py:445
[2026/07/09 01:13:36] INFO     Reusing existing env 'LensKit_env' at                                          envs.py:48
                               /home/florian_dueck04/.omnirec/data/envs/LensKit_env                                     
                      INFO     Starting runner...                                                     coordinator.py:272
[2026/07/09 01:13:38] INFO     Runner started with pid: 291678                                        coordinator.py:297
                      INFO     Connecting to runner...                                                coordinator.py:135
                      INFO     Running phase 'Fit' for HetrecLastFM/PopScorer                         coordinator.py:402
[2026/07/09 01:13:48] INFO     Running phase 'Predict' for HetrecLastFM/PopScorer                     coordinator.py:402
[2026/07/09 01:13:58] INFO     Running phase 'Evaluate' for HetrecLastFM/PopScorer                    coordinator.py:402
Traceback (most recent call last):
  File "/home/florian_dueck04/AutoRecLab-group4/.venv/lib/python3.12/site-packages/omnirec/runner/coordinator.py", line 212, in run
    self.run_split(
  File "/home/florian_dueck04/AutoRecLab-group4/.venv/lib/python3.12/site-packages/omnirec/runner/coordinator.py", line 365, in run_split
    self._evaluator.run_evaluation(
  File "/home/florian_dueck04/AutoRecLab-group4/.venv/lib/python3.12/site-packages/omnirec/runner/evaluation.py", line 54, in run_evaluation
    mr = m.calculate(predictions, test)
         ^^^^^^^^^^^^^^^^^^^^^^^^^^^^^^
  File "/home/florian_dueck04/AutoRecLab-group4/.venv/lib/python3.12/site-packages/omnirec/metrics/ranking.py", line 74, in calculate
    top_k_dict = self.make_topk_dict(predictions)
                 ^^^^^^^^^^^^^^^^^^^^^^^^^^^^^^^^
  File "/home/florian_dueck04/AutoRecLab-group4/.venv/lib/python3.12/site-packages/omnirec/metrics/ranking.py", line 24, in make_topk_dict
    for user, group in predictions.sort_values("rank").groupby("user"):
                       ^^^^^^^^^^^^^^^^^^^^^^^^^^^^^^^
  File "/home/florian_dueck04/AutoRecLab-group4/.venv/lib/python3.12/site-packages/pandas/core/frame.py", line 7211, in sort_values
    k = self._get_label_or_level_values(by[0], axis=axis)
        ^^^^^^^^^^^^^^^^^^^^^^^^^^^^^^^^^^^^^^^^^^^^^^^^^
  File "/home/florian_dueck04/AutoRecLab-group4/.venv/lib/python3.12/site-packages/pandas/core/generic.py", line 1914, in _get_label_or_level_values
    raise KeyError(key)
KeyError: 'rank'
                      CRITICAL Stopping runner...                                                     coordinator.py:445
                                       MovieLens100K-c437b6f6: Evaluation Results                                       
┏━━━━━━━━━━━━━━━━┳━━━━━━━━━━━━━━━━┳━━━━━━━━━━━━━━━━┳━━━━━━━━━━━━━━━━┳━━━━━━━━━━━━━━━━┳━━━━━━━━━━━━━━━━┳━━━━━━━━━━━━━━━━┓
┃ Algorithm      ┃ NDCG@1         ┃ NDCG@10        ┃ NDCG@5         ┃ Precision@1    ┃ Precision@10   ┃ Precision@5    ┃
┡━━━━━━━━━━━━━━━━╇━━━━━━━━━━━━━━━━╇━━━━━━━━━━━━━━━━╇━━━━━━━━━━━━━━━━╇━━━━━━━━━━━━━━━━╇━━━━━━━━━━━━━━━━╇━━━━━━━━━━━━━━━━┩
│ LensKit.Impli… │ 0.22799575821… │ 0.20078086516… │ 0.21580485661… │ 0.22799575821… │ 0.19225874867… │ 0.21208907741… │
│ LensKit.Impli… │ 0.24284199363… │ 0.19320205330… │ 0.20697266927… │ 0.24284199363… │ 0.18250265111… │ 0.19851537645… │
│ LensKit.Impli… │ 0.22693531283… │ 0.19770158253… │ 0.20820038629… │ 0.22693531283… │ 0.18992576882… │ 0.20190880169… │
│ LensKit.Impli… │ 0.24072110286… │ 0.20000737526… │ 0.21518373453… │ 0.24072110286… │ 0.18981972428… │ 0.20848356309… │
│ LensKit.Impli… │ 0.21951219512… │ 0.19835405143… │ 0.20857921448… │ 0.21951219512… │ 0.19257688229… │ 0.20593849416… │
│ LensKit.ItemK… │ 0.36055143160… │ 0.25700211117… │ 0.29959478550… │ 0.36055143160… │ 0.22958642629… │ 0.28186638388… │
│ LensKit.ItemK… │ 0.38918345705… │ 0.26551380086… │ 0.30981631620… │ 0.38918345705… │ 0.23573700954… │ 0.28844114528… │
│ LensKit.ItemK… │ 0.39024390243… │ 0.26432388434… │ 0.31320201658… │ 0.39024390243… │ 0.23276776246… │ 0.29289501590… │
│ LensKit.ItemK… │ 0.40721102863… │ 0.26828327862… │ 0.31851377774… │ 0.40721102863… │ 0.23319194061… │ 0.29247083775… │
│ LensKit.ItemK… │ 0.40190880169… │ 0.26047294673… │ 0.30651940519… │ 0.40190880169… │ 0.22746553552… │ 0.28080593849… │
│ LensKit.PopSc… │ 0.24284199363… │ 0.17085374805… │ 0.18419393959… │ 0.24284199363… │ 0.15715800636… │ 0.16818663838… │
│ LensKit.PopSc… │ 0.24602332979… │ 0.17605623003… │ 0.19082843121… │ 0.24602332979… │ 0.16235418875… │ 0.17624602332… │
│ LensKit.PopSc… │ 0.25980911983… │ 0.16926872420… │ 0.18527942782… │ 0.25980911983… │ 0.15334040296… │ 0.16733828207… │
│ LensKit.PopSc… │ 0.21633085896… │ 0.17022517752… │ 0.18166637260… │ 0.21633085896… │ 0.15970307529… │ 0.17030752916… │
│ LensKit.PopSc… │ 0.25238600212… │ 0.17234356370… │ 0.18665000375… │ 0.25238600212… │ 0.15790031813… │ 0.16988335100… │
└────────────────┴────────────────┴────────────────┴────────────────┴────────────────┴────────────────┴────────────────┘
                                   Amazon2014VideoGames-7d7641f6: Evaluation Results                                    
┏━━━━━━━━━━━━━━━━┳━━━━━━━━━━━━━━━━┳━━━━━━━━━━━━━━━━┳━━━━━━━━━━━━━━━━┳━━━━━━━━━━━━━━━━┳━━━━━━━━━━━━━━━━┳━━━━━━━━━━━━━━━━┓
┃ Algorithm      ┃ NDCG@1         ┃ NDCG@10        ┃ NDCG@5         ┃ Precision@1    ┃ Precision@10   ┃ Precision@5    ┃
┡━━━━━━━━━━━━━━━━╇━━━━━━━━━━━━━━━━╇━━━━━━━━━━━━━━━━╇━━━━━━━━━━━━━━━━╇━━━━━━━━━━━━━━━━╇━━━━━━━━━━━━━━━━╇━━━━━━━━━━━━━━━━┩
│ LensKit.ItemK… │ 0.02769361611… │ 0.01833104417… │ 0.02190179830… │ 0.02769361611… │ 0.01590921171… │ 0.02013501302… │
│ LensKit.ItemK… │ 0.02981980545… │ 0.01889754410… │ 0.02262134068… │ 0.02981980545… │ 0.01634508052… │ 0.02075160793… │
│ LensKit.ItemK… │ 0.02673683091… │ 0.01745318952… │ 0.02097964196… │ 0.02673683091… │ 0.01511189071… │ 0.01940147770… │
│ LensKit.ItemK… │ 0.03194599479… │ 0.01967238170… │ 0.02344583350… │ 0.03194599479… │ 0.01691915165… │ 0.02124063147… │
│ LensKit.ItemK… │ 0.02875671078… │ 0.01781643460… │ 0.02134834759… │ 0.02875671078… │ 0.01531387870… │ 0.01940147770… │
└────────────────┴────────────────┴────────────────┴────────────────┴────────────────┴────────────────┴────────────────┘
[HetrecLastFM] Completed seed=11
algorithm    metric  k    value
      ALS      NDCG  1 0.227996
      ALS      NDCG  1 0.242842
      ALS      NDCG  1 0.226935
      ALS      NDCG  1 0.240721
      ALS      NDCG  1 0.219512
      ALS      NDCG  5 0.215805
      ALS      NDCG  5 0.206973
      ALS      NDCG  5 0.208200
      ALS      NDCG  5 0.215184
      ALS      NDCG  5 0.208579
      ALS      NDCG 10 0.200781
      ALS      NDCG 10 0.193202
      ALS      NDCG 10 0.197702
      ALS      NDCG 10 0.200007
      ALS      NDCG 10 0.198354
      ALS Precision  1 0.227996
      ALS Precision  1 0.242842
      ALS Precision  1 0.226935
      ALS Precision  1 0.240721
      ALS Precision  1 0.219512
      ALS Precision  5 0.212089
      ALS Precision  5 0.198515
      ALS Precision  5 0.201909
      ALS Precision  5 0.208484
      ALS Precision  5 0.205938
      ALS Precision 10 0.192259
      ALS Precision 10 0.182503
      ALS Precision 10 0.189926
      ALS Precision 10 0.189820
      ALS Precision 10 0.192577
  ItemKNN      NDCG  1 0.360551
  ItemKNN      NDCG  1 0.389183
  ItemKNN      NDCG  1 0.390244
  ItemKNN      NDCG  1 0.407211
  ItemKNN      NDCG  1 0.401909
  ItemKNN      NDCG  1 0.027694
  ItemKNN      NDCG  1 0.029820
  ItemKNN      NDCG  1 0.026737
  ItemKNN      NDCG  1 0.031946
  ItemKNN      NDCG  1 0.028757
  ItemKNN      NDCG  5 0.299595
  ItemKNN      NDCG  5 0.309816
  ItemKNN      NDCG  5 0.313202
  ItemKNN      NDCG  5 0.318514
  ItemKNN      NDCG  5 0.306519
  ItemKNN      NDCG  5 0.021902
  ItemKNN      NDCG  5 0.022621
  ItemKNN      NDCG  5 0.020980
  ItemKNN      NDCG  5 0.023446
  ItemKNN      NDCG  5 0.021348
  ItemKNN      NDCG 10 0.257002
  ItemKNN      NDCG 10 0.265514
  ItemKNN      NDCG 10 0.264324
  ItemKNN      NDCG 10 0.268283
  ItemKNN      NDCG 10 0.260473
  ItemKNN      NDCG 10 0.018331
  ItemKNN      NDCG 10 0.018898
  ItemKNN      NDCG 10 0.017453
  ItemKNN      NDCG 10 0.019672
  ItemKNN      NDCG 10 0.017816
  ItemKNN Precision  1 0.360551
  ItemKNN Precision  1 0.389183
  ItemKNN Precision  1 0.390244
  ItemKNN Precision  1 0.407211
  ItemKNN Precision  1 0.401909
  ItemKNN Precision  1 0.027694
  ItemKNN Precision  1 0.029820
  ItemKNN Precision  1 0.026737
  ItemKNN Precision  1 0.031946
  ItemKNN Precision  1 0.028757
  ItemKNN Precision  5 0.281866
  ItemKNN Precision  5 0.288441
  ItemKNN Precision  5 0.292895
  ItemKNN Precision  5 0.292471
  ItemKNN Precision  5 0.280806
  ItemKNN Precision  5 0.020135
  ItemKNN Precision  5 0.020752
  ItemKNN Precision  5 0.019401
  ItemKNN Precision  5 0.021241
  ItemKNN Precision  5 0.019401
  ItemKNN Precision 10 0.229586
  ItemKNN Precision 10 0.235737
  ItemKNN Precision 10 0.232768
  ItemKNN Precision 10 0.233192
  ItemKNN Precision 10 0.227466
  ItemKNN Precision 10 0.015909
  ItemKNN Precision 10 0.016345
  ItemKNN Precision 10 0.015112
  ItemKNN Precision 10 0.016919
  ItemKNN Precision 10 0.015314
      Pop      NDCG  1 0.242842
      Pop      NDCG  1 0.246023
      Pop      NDCG  1 0.259809
      Pop      NDCG  1 0.216331
      Pop      NDCG  1 0.252386
      Pop      NDCG  5 0.184194
      Pop      NDCG  5 0.190828
      Pop      NDCG  5 0.185279
      Pop      NDCG  5 0.181666
      Pop      NDCG  5 0.186650
      Pop      NDCG 10 0.170854
      Pop      NDCG 10 0.176056
      Pop      NDCG 10 0.169269
      Pop      NDCG 10 0.170225
      Pop      NDCG 10 0.172344
      Pop Precision  1 0.242842
      Pop Precision  1 0.246023
      Pop Precision  1 0.259809
      Pop Precision  1 0.216331
      Pop Precision  1 0.252386
      Pop Precision  5 0.168187
      Pop Precision  5 0.176246
      Pop Precision  5 0.167338
      Pop Precision  5 0.170308
      Pop Precision  5 0.169883
      Pop Precision 10 0.157158
      Pop Precision 10 0.162354
      Pop Precision 10 0.153340
      Pop Precision 10 0.159703
      Pop Precision 10 0.157900

[HetrecLastFM] Preparing seed=22
                      INFO     Canonicalized data set already exists, skipping download and       recsys_data_set.py:205
                               canonicalization.                                                                        
                      INFO     Pruning data set to 5-core.                                            core_pruning.py:19
                      INFO     Number of interactions before: 71064                                   core_pruning.py:20
                      INFO     Number of interactions after: 52551                                    core_pruning.py:63
[HetrecLastFM] Running OmniRec for seed=22
[2026/07/09 01:13:59] INFO     Reusing existing env 'LensKit_env' at                                          envs.py:48
                               /home/florian_dueck04/.omnirec/data/envs/LensKit_env                                     
                      INFO     Starting runner...                                                     coordinator.py:272
[2026/07/09 01:14:02] INFO     Runner started with pid: 291767                                        coordinator.py:297
                      INFO     Connecting to runner...                                                coordinator.py:135
                      INFO     Running phase 'Fit' for HetrecLastFM/ImplicitMFScorer                  coordinator.py:402
[2026/07/09 01:14:12] INFO     Running phase 'Predict' for HetrecLastFM/ImplicitMFScorer              coordinator.py:402
[2026/07/09 01:14:32] INFO     Running phase 'Evaluate' for HetrecLastFM/ImplicitMFScorer             coordinator.py:402
Traceback (most recent call last):
  File "/home/florian_dueck04/AutoRecLab-group4/.venv/lib/python3.12/site-packages/omnirec/runner/coordinator.py", line 212, in run
    self.run_split(
  File "/home/florian_dueck04/AutoRecLab-group4/.venv/lib/python3.12/site-packages/omnirec/runner/coordinator.py", line 365, in run_split
    self._evaluator.run_evaluation(
  File "/home/florian_dueck04/AutoRecLab-group4/.venv/lib/python3.12/site-packages/omnirec/runner/evaluation.py", line 54, in run_evaluation
    mr = m.calculate(predictions, test)
         ^^^^^^^^^^^^^^^^^^^^^^^^^^^^^^
  File "/home/florian_dueck04/AutoRecLab-group4/.venv/lib/python3.12/site-packages/omnirec/metrics/ranking.py", line 74, in calculate
    top_k_dict = self.make_topk_dict(predictions)
                 ^^^^^^^^^^^^^^^^^^^^^^^^^^^^^^^^
  File "/home/florian_dueck04/AutoRecLab-group4/.venv/lib/python3.12/site-packages/omnirec/metrics/ranking.py", line 24, in make_topk_dict
    for user, group in predictions.sort_values("rank").groupby("user"):
                       ^^^^^^^^^^^^^^^^^^^^^^^^^^^^^^^
  File "/home/florian_dueck04/AutoRecLab-group4/.venv/lib/python3.12/site-packages/pandas/core/frame.py", line 7211, in sort_values
    k = self._get_label_or_level_values(by[0], axis=axis)
        ^^^^^^^^^^^^^^^^^^^^^^^^^^^^^^^^^^^^^^^^^^^^^^^^^
  File "/home/florian_dueck04/AutoRecLab-group4/.venv/lib/python3.12/site-packages/pandas/core/generic.py", line 1914, in _get_label_or_level_values
    raise KeyError(key)
KeyError: 'rank'
                      CRITICAL Stopping runner...                                                     coordinator.py:445
                      INFO     Reusing existing env 'LensKit_env' at                                          envs.py:48
                               /home/florian_dueck04/.omnirec/data/envs/LensKit_env                                     
                      INFO     Starting runner...                                                     coordinator.py:272
[2026/07/09 01:14:35] INFO     Runner started with pid: 291883                                        coordinator.py:297
                      INFO     Connecting to runner...                                                coordinator.py:135
                      INFO     Running phase 'Fit' for HetrecLastFM/ItemKNNScorer                     coordinator.py:402
[2026/07/09 01:14:45] INFO     Running phase 'Predict' for HetrecLastFM/ItemKNNScorer                 coordinator.py:402
[2026/07/09 01:14:55] INFO     Running phase 'Evaluate' for HetrecLastFM/ItemKNNScorer                coordinator.py:402
Traceback (most recent call last):
  File "/home/florian_dueck04/AutoRecLab-group4/.venv/lib/python3.12/site-packages/omnirec/runner/coordinator.py", line 212, in run
    self.run_split(
  File "/home/florian_dueck04/AutoRecLab-group4/.venv/lib/python3.12/site-packages/omnirec/runner/coordinator.py", line 365, in run_split
    self._evaluator.run_evaluation(
  File "/home/florian_dueck04/AutoRecLab-group4/.venv/lib/python3.12/site-packages/omnirec/runner/evaluation.py", line 54, in run_evaluation
    mr = m.calculate(predictions, test)
         ^^^^^^^^^^^^^^^^^^^^^^^^^^^^^^
  File "/home/florian_dueck04/AutoRecLab-group4/.venv/lib/python3.12/site-packages/omnirec/metrics/ranking.py", line 74, in calculate
    top_k_dict = self.make_topk_dict(predictions)
                 ^^^^^^^^^^^^^^^^^^^^^^^^^^^^^^^^
  File "/home/florian_dueck04/AutoRecLab-group4/.venv/lib/python3.12/site-packages/omnirec/metrics/ranking.py", line 24, in make_topk_dict
    for user, group in predictions.sort_values("rank").groupby("user"):
                       ^^^^^^^^^^^^^^^^^^^^^^^^^^^^^^^
  File "/home/florian_dueck04/AutoRecLab-group4/.venv/lib/python3.12/site-packages/pandas/core/frame.py", line 7211, in sort_values
    k = self._get_label_or_level_values(by[0], axis=axis)
        ^^^^^^^^^^^^^^^^^^^^^^^^^^^^^^^^^^^^^^^^^^^^^^^^^
  File "/home/florian_dueck04/AutoRecLab-group4/.venv/lib/python3.12/site-packages/pandas/core/generic.py", line 1914, in _get_label_or_level_values
    raise KeyError(key)
KeyError: 'rank'
                      CRITICAL Stopping runner...                                                     coordinator.py:445
                      INFO     Reusing existing env 'LensKit_env' at                                          envs.py:48
                               /home/florian_dueck04/.omnirec/data/envs/LensKit_env                                     
                      INFO     Starting runner...                                                     coordinator.py:272
[2026/07/09 01:14:57] INFO     Runner started with pid: 291986                                        coordinator.py:297
                      INFO     Connecting to runner...                                                coordinator.py:135
[2026/07/09 01:14:58] INFO     Running phase 'Fit' for HetrecLastFM/PopScorer                         coordinator.py:402
[2026/07/09 01:15:08] INFO     Running phase 'Predict' for HetrecLastFM/PopScorer                     coordinator.py:402
[2026/07/09 01:15:18] INFO     Running phase 'Evaluate' for HetrecLastFM/PopScorer                    coordinator.py:402
Traceback (most recent call last):
  File "/home/florian_dueck04/AutoRecLab-group4/.venv/lib/python3.12/site-packages/omnirec/runner/coordinator.py", line 212, in run
    self.run_split(
  File "/home/florian_dueck04/AutoRecLab-group4/.venv/lib/python3.12/site-packages/omnirec/runner/coordinator.py", line 365, in run_split
    self._evaluator.run_evaluation(
  File "/home/florian_dueck04/AutoRecLab-group4/.venv/lib/python3.12/site-packages/omnirec/runner/evaluation.py", line 54, in run_evaluation
    mr = m.calculate(predictions, test)
         ^^^^^^^^^^^^^^^^^^^^^^^^^^^^^^
  File "/home/florian_dueck04/AutoRecLab-group4/.venv/lib/python3.12/site-packages/omnirec/metrics/ranking.py", line 74, in calculate
    top_k_dict = self.make_topk_dict(predictions)
                 ^^^^^^^^^^^^^^^^^^^^^^^^^^^^^^^^
  File "/home/florian_dueck04/AutoRecLab-group4/.venv/lib/python3.12/site-packages/omnirec/metrics/ranking.py", line 24, in make_topk_dict
    for user, group in predictions.sort_values("rank").groupby("user"):
                       ^^^^^^^^^^^^^^^^^^^^^^^^^^^^^^^
  File "/home/florian_dueck04/AutoRecLab-group4/.venv/lib/python3.12/site-packages/pandas/core/frame.py", line 7211, in sort_values
    k = self._get_label_or_level_values(by[0], axis=axis)
        ^^^^^^^^^^^^^^^^^^^^^^^^^^^^^^^^^^^^^^^^^^^^^^^^^
  File "/home/florian_dueck04/AutoRecLab-group4/.venv/lib/python3.12/site-packages/pandas/core/generic.py", line 1914, in _get_label_or_level_values
    raise KeyError(key)
KeyError: 'rank'
                      CRITICAL Stopping runner...                                                     coordinator.py:445
                                       MovieLens100K-c437b6f6: Evaluation Results                                       
┏━━━━━━━━━━━━━━━━┳━━━━━━━━━━━━━━━━┳━━━━━━━━━━━━━━━━┳━━━━━━━━━━━━━━━━┳━━━━━━━━━━━━━━━━┳━━━━━━━━━━━━━━━━┳━━━━━━━━━━━━━━━━┓
┃ Algorithm      ┃ NDCG@1         ┃ NDCG@10        ┃ NDCG@5         ┃ Precision@1    ┃ Precision@10   ┃ Precision@5    ┃
┡━━━━━━━━━━━━━━━━╇━━━━━━━━━━━━━━━━╇━━━━━━━━━━━━━━━━╇━━━━━━━━━━━━━━━━╇━━━━━━━━━━━━━━━━╇━━━━━━━━━━━━━━━━╇━━━━━━━━━━━━━━━━┩
│ LensKit.Impli… │ 0.22799575821… │ 0.20078086516… │ 0.21580485661… │ 0.22799575821… │ 0.19225874867… │ 0.21208907741… │
│ LensKit.Impli… │ 0.24284199363… │ 0.19320205330… │ 0.20697266927… │ 0.24284199363… │ 0.18250265111… │ 0.19851537645… │
│ LensKit.Impli… │ 0.22693531283… │ 0.19770158253… │ 0.20820038629… │ 0.22693531283… │ 0.18992576882… │ 0.20190880169… │
│ LensKit.Impli… │ 0.24072110286… │ 0.20000737526… │ 0.21518373453… │ 0.24072110286… │ 0.18981972428… │ 0.20848356309… │
│ LensKit.Impli… │ 0.21951219512… │ 0.19835405143… │ 0.20857921448… │ 0.21951219512… │ 0.19257688229… │ 0.20593849416… │
│ LensKit.ItemK… │ 0.36055143160… │ 0.25700211117… │ 0.29959478550… │ 0.36055143160… │ 0.22958642629… │ 0.28186638388… │
│ LensKit.ItemK… │ 0.38918345705… │ 0.26551380086… │ 0.30981631620… │ 0.38918345705… │ 0.23573700954… │ 0.28844114528… │
│ LensKit.ItemK… │ 0.39024390243… │ 0.26432388434… │ 0.31320201658… │ 0.39024390243… │ 0.23276776246… │ 0.29289501590… │
│ LensKit.ItemK… │ 0.40721102863… │ 0.26828327862… │ 0.31851377774… │ 0.40721102863… │ 0.23319194061… │ 0.29247083775… │
│ LensKit.ItemK… │ 0.40190880169… │ 0.26047294673… │ 0.30651940519… │ 0.40190880169… │ 0.22746553552… │ 0.28080593849… │
│ LensKit.PopSc… │ 0.24284199363… │ 0.17085374805… │ 0.18419393959… │ 0.24284199363… │ 0.15715800636… │ 0.16818663838… │
│ LensKit.PopSc… │ 0.24602332979… │ 0.17605623003… │ 0.19082843121… │ 0.24602332979… │ 0.16235418875… │ 0.17624602332… │
│ LensKit.PopSc… │ 0.25980911983… │ 0.16926872420… │ 0.18527942782… │ 0.25980911983… │ 0.15334040296… │ 0.16733828207… │
│ LensKit.PopSc… │ 0.21633085896… │ 0.17022517752… │ 0.18166637260… │ 0.21633085896… │ 0.15970307529… │ 0.17030752916… │
│ LensKit.PopSc… │ 0.25238600212… │ 0.17234356370… │ 0.18665000375… │ 0.25238600212… │ 0.15790031813… │ 0.16988335100… │
└────────────────┴────────────────┴────────────────┴────────────────┴────────────────┴────────────────┴────────────────┘
                                   Amazon2014VideoGames-7d7641f6: Evaluation Results                                    
┏━━━━━━━━━━━━━━━━┳━━━━━━━━━━━━━━━━┳━━━━━━━━━━━━━━━━┳━━━━━━━━━━━━━━━━┳━━━━━━━━━━━━━━━━┳━━━━━━━━━━━━━━━━┳━━━━━━━━━━━━━━━━┓
┃ Algorithm      ┃ NDCG@1         ┃ NDCG@10        ┃ NDCG@5         ┃ Precision@1    ┃ Precision@10   ┃ Precision@5    ┃
┡━━━━━━━━━━━━━━━━╇━━━━━━━━━━━━━━━━╇━━━━━━━━━━━━━━━━╇━━━━━━━━━━━━━━━━╇━━━━━━━━━━━━━━━━╇━━━━━━━━━━━━━━━━╇━━━━━━━━━━━━━━━━┩
│ LensKit.ItemK… │ 0.02769361611… │ 0.01833104417… │ 0.02190179830… │ 0.02769361611… │ 0.01590921171… │ 0.02013501302… │
│ LensKit.ItemK… │ 0.02981980545… │ 0.01889754410… │ 0.02262134068… │ 0.02981980545… │ 0.01634508052… │ 0.02075160793… │
│ LensKit.ItemK… │ 0.02673683091… │ 0.01745318952… │ 0.02097964196… │ 0.02673683091… │ 0.01511189071… │ 0.01940147770… │
│ LensKit.ItemK… │ 0.03194599479… │ 0.01967238170… │ 0.02344583350… │ 0.03194599479… │ 0.01691915165… │ 0.02124063147… │
│ LensKit.ItemK… │ 0.02875671078… │ 0.01781643460… │ 0.02134834759… │ 0.02875671078… │ 0.01531387870… │ 0.01940147770… │
└────────────────┴────────────────┴────────────────┴────────────────┴────────────────┴────────────────┴────────────────┘
[HetrecLastFM] Completed seed=22
algorithm    metric  k    value
      ALS      NDCG  1 0.227996
      ALS      NDCG  1 0.242842
      ALS      NDCG  1 0.226935
      ALS      NDCG  1 0.240721
      ALS      NDCG  1 0.219512
      ALS      NDCG  5 0.215805
      ALS      NDCG  5 0.206973
      ALS      NDCG  5 0.208200
      ALS      NDCG  5 0.215184
      ALS      NDCG  5 0.208579
      ALS      NDCG 10 0.200781
      ALS      NDCG 10 0.193202
      ALS      NDCG 10 0.197702
      ALS      NDCG 10 0.200007
      ALS      NDCG 10 0.198354
      ALS Precision  1 0.227996
      ALS Precision  1 0.242842
      ALS Precision  1 0.226935
      ALS Precision  1 0.240721
      ALS Precision  1 0.219512
      ALS Precision  5 0.212089
      ALS Precision  5 0.198515
      ALS Precision  5 0.201909
      ALS Precision  5 0.208484
      ALS Precision  5 0.205938
      ALS Precision 10 0.192259
      ALS Precision 10 0.182503
      ALS Precision 10 0.189926
      ALS Precision 10 0.189820
      ALS Precision 10 0.192577
  ItemKNN      NDCG  1 0.360551
  ItemKNN      NDCG  1 0.389183
  ItemKNN      NDCG  1 0.390244
  ItemKNN      NDCG  1 0.407211
  ItemKNN      NDCG  1 0.401909
  ItemKNN      NDCG  1 0.027694
  ItemKNN      NDCG  1 0.029820
  ItemKNN      NDCG  1 0.026737
  ItemKNN      NDCG  1 0.031946
  ItemKNN      NDCG  1 0.028757
  ItemKNN      NDCG  5 0.299595
  ItemKNN      NDCG  5 0.309816
  ItemKNN      NDCG  5 0.313202
  ItemKNN      NDCG  5 0.318514
  ItemKNN      NDCG  5 0.306519
  ItemKNN      NDCG  5 0.021902
  ItemKNN      NDCG  5 0.022621
  ItemKNN      NDCG  5 0.020980
  ItemKNN      NDCG  5 0.023446
  ItemKNN      NDCG  5 0.021348
  ItemKNN      NDCG 10 0.257002
  ItemKNN      NDCG 10 0.265514
  ItemKNN      NDCG 10 0.264324
  ItemKNN      NDCG 10 0.268283
  ItemKNN      NDCG 10 0.260473
  ItemKNN      NDCG 10 0.018331
  ItemKNN      NDCG 10 0.018898
  ItemKNN      NDCG 10 0.017453
  ItemKNN      NDCG 10 0.019672
  ItemKNN      NDCG 10 0.017816
  ItemKNN Precision  1 0.360551
  ItemKNN Precision  1 0.389183
  ItemKNN Precision  1 0.390244
  ItemKNN Precision  1 0.407211
  ItemKNN Precision  1 0.401909
  ItemKNN Precision  1 0.027694
  ItemKNN Precision  1 0.029820
  ItemKNN Precision  1 0.026737
  ItemKNN Precision  1 0.031946
  ItemKNN Precision  1 0.028757
  ItemKNN Precision  5 0.281866
  ItemKNN Precision  5 0.288441
  ItemKNN Precision  5 0.292895
  ItemKNN Precision  5 0.292471
  ItemKNN Precision  5 0.280806
  ItemKNN Precision  5 0.020135
  ItemKNN Precision  5 0.020752
  ItemKNN Precision  5 0.019401
  ItemKNN Precision  5 0.021241
  ItemKNN Precision  5 0.019401
  ItemKNN Precision 10 0.229586
  ItemKNN Precision 10 0.235737
  ItemKNN Precision 10 0.232768
  ItemKNN Precision 10 0.233192
  ItemKNN Precision 10 0.227466
  ItemKNN Precision 10 0.015909
  ItemKNN Precision 10 0.016345
  ItemKNN Precision 10 0.015112
  ItemKNN Precision 10 0.016919
  ItemKNN Precision 10 0.015314
      Pop      NDCG  1 0.242842
      Pop      NDCG  1 0.246023
      Pop      NDCG  1 0.259809
      Pop      NDCG  1 0.216331
      Pop      NDCG  1 0.252386
      Pop      NDCG  5 0.184194
      Pop      NDCG  5 0.190828
      Pop      NDCG  5 0.185279
      Pop      NDCG  5 0.181666
      Pop      NDCG  5 0.186650
      Pop      NDCG 10 0.170854
      Pop      NDCG 10 0.176056
      Pop      NDCG 10 0.169269
      Pop      NDCG 10 0.170225
      Pop      NDCG 10 0.172344
      Pop Precision  1 0.242842
      Pop Precision  1 0.246023
      Pop Precision  1 0.259809
      Pop Precision  1 0.216331
      Pop Precision  1 0.252386
      Pop Precision  5 0.168187
      Pop Precision  5 0.176246
      Pop Precision  5 0.167338
      Pop Precision  5 0.170308
      Pop Precision  5 0.169883
      Pop Precision 10 0.157158
      Pop Precision 10 0.162354
      Pop Precision 10 0.153340
      Pop Precision 10 0.159703
      Pop Precision 10 0.157900

[HetrecLastFM] Preparing seed=33
                      INFO     Canonicalized data set already exists, skipping download and       recsys_data_set.py:205
                               canonicalization.                                                                        
                      INFO     Pruning data set to 5-core.                                            core_pruning.py:19
                      INFO     Number of interactions before: 71064                                   core_pruning.py:20
                      INFO     Number of interactions after: 52551                                    core_pruning.py:63
[HetrecLastFM] Running OmniRec for seed=33
[2026/07/09 01:15:19] INFO     Reusing existing env 'LensKit_env' at                                          envs.py:48
                               /home/florian_dueck04/.omnirec/data/envs/LensKit_env                                     
                      INFO     Starting runner...                                                     coordinator.py:272
[2026/07/09 01:15:21] INFO     Runner started with pid: 292080                                        coordinator.py:297
                      INFO     Connecting to runner...                                                coordinator.py:135
                      INFO     Running phase 'Fit' for HetrecLastFM/ImplicitMFScorer                  coordinator.py:402
[2026/07/09 01:15:31] INFO     Running phase 'Predict' for HetrecLastFM/ImplicitMFScorer              coordinator.py:402
[2026/07/09 01:15:51] INFO     Running phase 'Evaluate' for HetrecLastFM/ImplicitMFScorer             coordinator.py:402
Traceback (most recent call last):
  File "/home/florian_dueck04/AutoRecLab-group4/.venv/lib/python3.12/site-packages/omnirec/runner/coordinator.py", line 212, in run
    self.run_split(
  File "/home/florian_dueck04/AutoRecLab-group4/.venv/lib/python3.12/site-packages/omnirec/runner/coordinator.py", line 365, in run_split
    self._evaluator.run_evaluation(
  File "/home/florian_dueck04/AutoRecLab-group4/.venv/lib/python3.12/site-packages/omnirec/runner/evaluation.py", line 54, in run_evaluation
    mr = m.calculate(predictions, test)
         ^^^^^^^^^^^^^^^^^^^^^^^^^^^^^^
  File "/home/florian_dueck04/AutoRecLab-group4/.venv/lib/python3.12/site-packages/omnirec/metrics/ranking.py", line 74, in calculate
    top_k_dict = self.make_topk_dict(predictions)
                 ^^^^^^^^^^^^^^^^^^^^^^^^^^^^^^^^
  File "/home/florian_dueck04/AutoRecLab-group4/.venv/lib/python3.12/site-packages/omnirec/metrics/ranking.py", line 24, in make_topk_dict
    for user, group in predictions.sort_values("rank").groupby("user"):
                       ^^^^^^^^^^^^^^^^^^^^^^^^^^^^^^^
  File "/home/florian_dueck04/AutoRecLab-group4/.venv/lib/python3.12/site-packages/pandas/core/frame.py", line 7211, in sort_values
    k = self._get_label_or_level_values(by[0], axis=axis)
        ^^^^^^^^^^^^^^^^^^^^^^^^^^^^^^^^^^^^^^^^^^^^^^^^^
  File "/home/florian_dueck04/AutoRecLab-group4/.venv/lib/python3.12/site-packages/pandas/core/generic.py", line 1914, in _get_label_or_level_values
    raise KeyError(key)
KeyError: 'rank'
                      CRITICAL Stopping runner...                                                     coordinator.py:445
[2026/07/09 01:15:52] INFO     Reusing existing env 'LensKit_env' at                                          envs.py:48
                               /home/florian_dueck04/.omnirec/data/envs/LensKit_env                                     
                      INFO     Starting runner...                                                     coordinator.py:272
[2026/07/09 01:15:54] INFO     Runner started with pid: 292178                                        coordinator.py:297
                      INFO     Connecting to runner...                                                coordinator.py:135
                      INFO     Running phase 'Fit' for HetrecLastFM/ItemKNNScorer                     coordinator.py:402
[2026/07/09 01:16:04] INFO     Running phase 'Predict' for HetrecLastFM/ItemKNNScorer                 coordinator.py:402
[2026/07/09 01:16:14] INFO     Running phase 'Evaluate' for HetrecLastFM/ItemKNNScorer                coordinator.py:402
Traceback (most recent call last):
  File "/home/florian_dueck04/AutoRecLab-group4/.venv/lib/python3.12/site-packages/omnirec/runner/coordinator.py", line 212, in run
    self.run_split(
  File "/home/florian_dueck04/AutoRecLab-group4/.venv/lib/python3.12/site-packages/omnirec/runner/coordinator.py", line 365, in run_split
    self._evaluator.run_evaluation(
  File "/home/florian_dueck04/AutoRecLab-group4/.venv/lib/python3.12/site-packages/omnirec/runner/evaluation.py", line 54, in run_evaluation
    mr = m.calculate(predictions, test)
         ^^^^^^^^^^^^^^^^^^^^^^^^^^^^^^
  File "/home/florian_dueck04/AutoRecLab-group4/.venv/lib/python3.12/site-packages/omnirec/metrics/ranking.py", line 74, in calculate
    top_k_dict = self.make_topk_dict(predictions)
                 ^^^^^^^^^^^^^^^^^^^^^^^^^^^^^^^^
  File "/home/florian_dueck04/AutoRecLab-group4/.venv/lib/python3.12/site-packages/omnirec/metrics/ranking.py", line 24, in make_topk_dict
    for user, group in predictions.sort_values("rank").groupby("user"):
                       ^^^^^^^^^^^^^^^^^^^^^^^^^^^^^^^
  File "/home/florian_dueck04/AutoRecLab-group4/.venv/lib/python3.12/site-packages/pandas/core/frame.py", line 7211, in sort_values
    k = self._get_label_or_level_values(by[0], axis=axis)
        ^^^^^^^^^^^^^^^^^^^^^^^^^^^^^^^^^^^^^^^^^^^^^^^^^
  File "/home/florian_dueck04/AutoRecLab-group4/.venv/lib/python3.12/site-packages/pandas/core/generic.py", line 1914, in _get_label_or_level_values
    raise KeyError(key)
KeyError: 'rank'
                      CRITICAL Stopping runner...                                                     coordinator.py:445
                      INFO     Reusing existing env 'LensKit_env' at                                          envs.py:48
                               /home/florian_dueck04/.omnirec/data/envs/LensKit_env                                     
                      INFO     Starting runner...                                                     coordinator.py:272
[2026/07/09 01:16:17] INFO     Runner started with pid: 292275                                        coordinator.py:297
                      INFO     Connecting to runner...                                                coordinator.py:135
                      INFO     Running phase 'Fit' for HetrecLastFM/PopScorer                         coordinator.py:402
[2026/07/09 01:16:27] INFO     Running phase 'Predict' for HetrecLastFM/PopScorer                     coordinator.py:402
[2026/07/09 01:16:37] INFO     Running phase 'Evaluate' for HetrecLastFM/PopScorer                    coordinator.py:402
Traceback (most recent call last):
  File "/home/florian_dueck04/AutoRecLab-group4/.venv/lib/python3.12/site-packages/omnirec/runner/coordinator.py", line 212, in run
    self.run_split(
  File "/home/florian_dueck04/AutoRecLab-group4/.venv/lib/python3.12/site-packages/omnirec/runner/coordinator.py", line 365, in run_split
    self._evaluator.run_evaluation(
  File "/home/florian_dueck04/AutoRecLab-group4/.venv/lib/python3.12/site-packages/omnirec/runner/evaluation.py", line 54, in run_evaluation
    mr = m.calculate(predictions, test)
         ^^^^^^^^^^^^^^^^^^^^^^^^^^^^^^
  File "/home/florian_dueck04/AutoRecLab-group4/.venv/lib/python3.12/site-packages/omnirec/metrics/ranking.py", line 74, in calculate
    top_k_dict = self.make_topk_dict(predictions)
                 ^^^^^^^^^^^^^^^^^^^^^^^^^^^^^^^^
  File "/home/florian_dueck04/AutoRecLab-group4/.venv/lib/python3.12/site-packages/omnirec/metrics/ranking.py", line 24, in make_topk_dict
    for user, group in predictions.sort_values("rank").groupby("user"):
                       ^^^^^^^^^^^^^^^^^^^^^^^^^^^^^^^
  File "/home/florian_dueck04/AutoRecLab-group4/.venv/lib/python3.12/site-packages/pandas/core/frame.py", line 7211, in sort_values
    k = self._get_label_or_level_values(by[0], axis=axis)
        ^^^^^^^^^^^^^^^^^^^^^^^^^^^^^^^^^^^^^^^^^^^^^^^^^
  File "/home/florian_dueck04/AutoRecLab-group4/.venv/lib/python3.12/site-packages/pandas/core/generic.py", line 1914, in _get_label_or_level_values
    raise KeyError(key)
KeyError: 'rank'
                      CRITICAL Stopping runner...                                                     coordinator.py:445
                                       MovieLens100K-c437b6f6: Evaluation Results                                       
┏━━━━━━━━━━━━━━━━┳━━━━━━━━━━━━━━━━┳━━━━━━━━━━━━━━━━┳━━━━━━━━━━━━━━━━┳━━━━━━━━━━━━━━━━┳━━━━━━━━━━━━━━━━┳━━━━━━━━━━━━━━━━┓
┃ Algorithm      ┃ NDCG@1         ┃ NDCG@10        ┃ NDCG@5         ┃ Precision@1    ┃ Precision@10   ┃ Precision@5    ┃
┡━━━━━━━━━━━━━━━━╇━━━━━━━━━━━━━━━━╇━━━━━━━━━━━━━━━━╇━━━━━━━━━━━━━━━━╇━━━━━━━━━━━━━━━━╇━━━━━━━━━━━━━━━━╇━━━━━━━━━━━━━━━━┩
│ LensKit.Impli… │ 0.22799575821… │ 0.20078086516… │ 0.21580485661… │ 0.22799575821… │ 0.19225874867… │ 0.21208907741… │
│ LensKit.Impli… │ 0.24284199363… │ 0.19320205330… │ 0.20697266927… │ 0.24284199363… │ 0.18250265111… │ 0.19851537645… │
│ LensKit.Impli… │ 0.22693531283… │ 0.19770158253… │ 0.20820038629… │ 0.22693531283… │ 0.18992576882… │ 0.20190880169… │
│ LensKit.Impli… │ 0.24072110286… │ 0.20000737526… │ 0.21518373453… │ 0.24072110286… │ 0.18981972428… │ 0.20848356309… │
│ LensKit.Impli… │ 0.21951219512… │ 0.19835405143… │ 0.20857921448… │ 0.21951219512… │ 0.19257688229… │ 0.20593849416… │
│ LensKit.ItemK… │ 0.36055143160… │ 0.25700211117… │ 0.29959478550… │ 0.36055143160… │ 0.22958642629… │ 0.28186638388… │
│ LensKit.ItemK… │ 0.38918345705… │ 0.26551380086… │ 0.30981631620… │ 0.38918345705… │ 0.23573700954… │ 0.28844114528… │
│ LensKit.ItemK… │ 0.39024390243… │ 0.26432388434… │ 0.31320201658… │ 0.39024390243… │ 0.23276776246… │ 0.29289501590… │
│ LensKit.ItemK… │ 0.40721102863… │ 0.26828327862… │ 0.31851377774… │ 0.40721102863… │ 0.23319194061… │ 0.29247083775… │
│ LensKit.ItemK… │ 0.40190880169… │ 0.26047294673… │ 0.30651940519… │ 0.40190880169… │ 0.22746553552… │ 0.28080593849… │
│ LensKit.PopSc… │ 0.24284199363… │ 0.17085374805… │ 0.18419393959… │ 0.24284199363… │ 0.15715800636… │ 0.16818663838… │
│ LensKit.PopSc… │ 0.24602332979… │ 0.17605623003… │ 0.19082843121… │ 0.24602332979… │ 0.16235418875… │ 0.17624602332… │
│ LensKit.PopSc… │ 0.25980911983… │ 0.16926872420… │ 0.18527942782… │ 0.25980911983… │ 0.15334040296… │ 0.16733828207… │
│ LensKit.PopSc… │ 0.21633085896… │ 0.17022517752… │ 0.18166637260… │ 0.21633085896… │ 0.15970307529… │ 0.17030752916… │
│ LensKit.PopSc… │ 0.25238600212… │ 0.17234356370… │ 0.18665000375… │ 0.25238600212… │ 0.15790031813… │ 0.16988335100… │
└────────────────┴────────────────┴────────────────┴────────────────┴────────────────┴────────────────┴────────────────┘
                                   Amazon2014VideoGames-7d7641f6: Evaluation Results                                    
┏━━━━━━━━━━━━━━━━┳━━━━━━━━━━━━━━━━┳━━━━━━━━━━━━━━━━┳━━━━━━━━━━━━━━━━┳━━━━━━━━━━━━━━━━┳━━━━━━━━━━━━━━━━┳━━━━━━━━━━━━━━━━┓
┃ Algorithm      ┃ NDCG@1         ┃ NDCG@10        ┃ NDCG@5         ┃ Precision@1    ┃ Precision@10   ┃ Precision@5    ┃
┡━━━━━━━━━━━━━━━━╇━━━━━━━━━━━━━━━━╇━━━━━━━━━━━━━━━━╇━━━━━━━━━━━━━━━━╇━━━━━━━━━━━━━━━━╇━━━━━━━━━━━━━━━━╇━━━━━━━━━━━━━━━━┩
│ LensKit.ItemK… │ 0.02769361611… │ 0.01833104417… │ 0.02190179830… │ 0.02769361611… │ 0.01590921171… │ 0.02013501302… │
│ LensKit.ItemK… │ 0.02981980545… │ 0.01889754410… │ 0.02262134068… │ 0.02981980545… │ 0.01634508052… │ 0.02075160793… │
│ LensKit.ItemK… │ 0.02673683091… │ 0.01745318952… │ 0.02097964196… │ 0.02673683091… │ 0.01511189071… │ 0.01940147770… │
│ LensKit.ItemK… │ 0.03194599479… │ 0.01967238170… │ 0.02344583350… │ 0.03194599479… │ 0.01691915165… │ 0.02124063147… │
│ LensKit.ItemK… │ 0.02875671078… │ 0.01781643460… │ 0.02134834759… │ 0.02875671078… │ 0.01531387870… │ 0.01940147770… │
└────────────────┴────────────────┴────────────────┴────────────────┴────────────────┴────────────────┴────────────────┘
[HetrecLastFM] Completed seed=33
algorithm    metric  k    value
      ALS      NDCG  1 0.227996
      ALS      NDCG  1 0.242842
      ALS      NDCG  1 0.226935
      ALS      NDCG  1 0.240721
      ALS      NDCG  1 0.219512
      ALS      NDCG  5 0.215805
      ALS      NDCG  5 0.206973
      ALS      NDCG  5 0.208200
      ALS      NDCG  5 0.215184
      ALS      NDCG  5 0.208579
      ALS      NDCG 10 0.200781
      ALS      NDCG 10 0.193202
      ALS      NDCG 10 0.197702
      ALS      NDCG 10 0.200007
      ALS      NDCG 10 0.198354
      ALS Precision  1 0.227996
      ALS Precision  1 0.242842
      ALS Precision  1 0.226935
      ALS Precision  1 0.240721
      ALS Precision  1 0.219512
      ALS Precision  5 0.212089
      ALS Precision  5 0.198515
      ALS Precision  5 0.201909
      ALS Precision  5 0.208484
      ALS Precision  5 0.205938
      ALS Precision 10 0.192259
      ALS Precision 10 0.182503
      ALS Precision 10 0.189926
      ALS Precision 10 0.189820
      ALS Precision 10 0.192577
  ItemKNN      NDCG  1 0.360551
  ItemKNN      NDCG  1 0.389183
  ItemKNN      NDCG  1 0.390244
  ItemKNN      NDCG  1 0.407211
  ItemKNN      NDCG  1 0.401909
  ItemKNN      NDCG  1 0.027694
  ItemKNN      NDCG  1 0.029820
  ItemKNN      NDCG  1 0.026737
  ItemKNN      NDCG  1 0.031946
  ItemKNN      NDCG  1 0.028757
  ItemKNN      NDCG  5 0.299595
  ItemKNN      NDCG  5 0.309816
  ItemKNN      NDCG  5 0.313202
  ItemKNN      NDCG  5 0.318514
  ItemKNN      NDCG  5 0.306519
  ItemKNN      NDCG  5 0.021902
  ItemKNN      NDCG  5 0.022621
  ItemKNN      NDCG  5 0.020980
  ItemKNN      NDCG  5 0.023446
  ItemKNN      NDCG  5 0.021348
  ItemKNN      NDCG 10 0.257002
  ItemKNN      NDCG 10 0.265514
  ItemKNN      NDCG 10 0.264324
  ItemKNN      NDCG 10 0.268283
  ItemKNN      NDCG 10 0.260473
  ItemKNN      NDCG 10 0.018331
  ItemKNN      NDCG 10 0.018898
  ItemKNN      NDCG 10 0.017453
  ItemKNN      NDCG 10 0.019672
  ItemKNN      NDCG 10 0.017816
  ItemKNN Precision  1 0.360551
  ItemKNN Precision  1 0.389183
  ItemKNN Precision  1 0.390244
  ItemKNN Precision  1 0.407211
  ItemKNN Precision  1 0.401909
  ItemKNN Precision  1 0.027694
  ItemKNN Precision  1 0.029820
  ItemKNN Precision  1 0.026737
  ItemKNN Precision  1 0.031946
  ItemKNN Precision  1 0.028757
  ItemKNN Precision  5 0.281866
  ItemKNN Precision  5 0.288441
  ItemKNN Precision  5 0.292895
  ItemKNN Precision  5 0.292471
  ItemKNN Precision  5 0.280806
  ItemKNN Precision  5 0.020135
  ItemKNN Precision  5 0.020752
  ItemKNN Precision  5 0.019401
  ItemKNN Precision  5 0.021241
  ItemKNN Precision  5 0.019401
  ItemKNN Precision 10 0.229586
  ItemKNN Precision 10 0.235737
  ItemKNN Precision 10 0.232768
  ItemKNN Precision 10 0.233192
  ItemKNN Precision 10 0.227466
  ItemKNN Precision 10 0.015909
  ItemKNN Precision 10 0.016345
  ItemKNN Precision 10 0.015112
  ItemKNN Precision 10 0.016919
  ItemKNN Precision 10 0.015314
      Pop      NDCG  1 0.242842
      Pop      NDCG  1 0.246023
      Pop      NDCG  1 0.259809
      Pop      NDCG  1 0.216331
      Pop      NDCG  1 0.252386
      Pop      NDCG  5 0.184194
      Pop      NDCG  5 0.190828
      Pop      NDCG  5 0.185279
      Pop      NDCG  5 0.181666
      Pop      NDCG  5 0.186650
      Pop      NDCG 10 0.170854
      Pop      NDCG 10 0.176056
      Pop      NDCG 10 0.169269
      Pop      NDCG 10 0.170225
      Pop      NDCG 10 0.172344
      Pop Precision  1 0.242842
      Pop Precision  1 0.246023
      Pop Precision  1 0.259809
      Pop Precision  1 0.216331
      Pop Precision  1 0.252386
      Pop Precision  5 0.168187
      Pop Precision  5 0.176246
      Pop Precision  5 0.167338
      Pop Precision  5 0.170308
      Pop Precision  5 0.169883
      Pop Precision 10 0.157158
      Pop Precision 10 0.162354
      Pop Precision 10 0.153340
      Pop Precision 10 0.159703
      Pop Precision 10 0.157900

[HetrecLastFM] Preparing seed=44
                      INFO     Canonicalized data set already exists, skipping download and       recsys_data_set.py:205
                               canonicalization.                                                                        
                      INFO     Pruning data set to 5-core.                                            core_pruning.py:19
                      INFO     Number of interactions before: 71064                                   core_pruning.py:20
                      INFO     Number of interactions after: 52551                                    core_pruning.py:63
[HetrecLastFM] Running OmniRec for seed=44
[2026/07/09 01:16:38] INFO     Reusing existing env 'LensKit_env' at                                          envs.py:48
                               /home/florian_dueck04/.omnirec/data/envs/LensKit_env                                     
                      INFO     Starting runner...                                                     coordinator.py:272
[2026/07/09 01:16:41] INFO     Runner started with pid: 292364                                        coordinator.py:297
                      INFO     Connecting to runner...                                                coordinator.py:135
                      INFO     Running phase 'Fit' for HetrecLastFM/ImplicitMFScorer                  coordinator.py:402
[2026/07/09 01:16:51] INFO     Running phase 'Predict' for HetrecLastFM/ImplicitMFScorer              coordinator.py:402
[2026/07/09 01:17:11] INFO     Running phase 'Evaluate' for HetrecLastFM/ImplicitMFScorer             coordinator.py:402
Traceback (most recent call last):
  File "/home/florian_dueck04/AutoRecLab-group4/.venv/lib/python3.12/site-packages/omnirec/runner/coordinator.py", line 212, in run
    self.run_split(
  File "/home/florian_dueck04/AutoRecLab-group4/.venv/lib/python3.12/site-packages/omnirec/runner/coordinator.py", line 365, in run_split
    self._evaluator.run_evaluation(
  File "/home/florian_dueck04/AutoRecLab-group4/.venv/lib/python3.12/site-packages/omnirec/runner/evaluation.py", line 54, in run_evaluation
    mr = m.calculate(predictions, test)
         ^^^^^^^^^^^^^^^^^^^^^^^^^^^^^^
  File "/home/florian_dueck04/AutoRecLab-group4/.venv/lib/python3.12/site-packages/omnirec/metrics/ranking.py", line 74, in calculate
    top_k_dict = self.make_topk_dict(predictions)
                 ^^^^^^^^^^^^^^^^^^^^^^^^^^^^^^^^
  File "/home/florian_dueck04/AutoRecLab-group4/.venv/lib/python3.12/site-packages/omnirec/metrics/ranking.py", line 24, in make_topk_dict
    for user, group in predictions.sort_values("rank").groupby("user"):
                       ^^^^^^^^^^^^^^^^^^^^^^^^^^^^^^^
  File "/home/florian_dueck04/AutoRecLab-group4/.venv/lib/python3.12/site-packages/pandas/core/frame.py", line 7211, in sort_values
    k = self._get_label_or_level_values(by[0], axis=axis)
        ^^^^^^^^^^^^^^^^^^^^^^^^^^^^^^^^^^^^^^^^^^^^^^^^^
  File "/home/florian_dueck04/AutoRecLab-group4/.venv/lib/python3.12/site-packages/pandas/core/generic.py", line 1914, in _get_label_or_level_values
    raise KeyError(key)
KeyError: 'rank'
                      CRITICAL Stopping runner...                                                     coordinator.py:445
                      INFO     Reusing existing env 'LensKit_env' at                                          envs.py:48
                               /home/florian_dueck04/.omnirec/data/envs/LensKit_env                                     
                      INFO     Starting runner...                                                     coordinator.py:272
[2026/07/09 01:17:13] INFO     Runner started with pid: 292466                                        coordinator.py:297
                      INFO     Connecting to runner...                                                coordinator.py:135
                      INFO     Running phase 'Fit' for HetrecLastFM/ItemKNNScorer                     coordinator.py:402
[2026/07/09 01:17:23] INFO     Running phase 'Predict' for HetrecLastFM/ItemKNNScorer                 coordinator.py:402
[2026/07/09 01:17:33] INFO     Running phase 'Evaluate' for HetrecLastFM/ItemKNNScorer                coordinator.py:402
Traceback (most recent call last):
  File "/home/florian_dueck04/AutoRecLab-group4/.venv/lib/python3.12/site-packages/omnirec/runner/coordinator.py", line 212, in run
    self.run_split(
  File "/home/florian_dueck04/AutoRecLab-group4/.venv/lib/python3.12/site-packages/omnirec/runner/coordinator.py", line 365, in run_split
    self._evaluator.run_evaluation(
  File "/home/florian_dueck04/AutoRecLab-group4/.venv/lib/python3.12/site-packages/omnirec/runner/evaluation.py", line 54, in run_evaluation
    mr = m.calculate(predictions, test)
         ^^^^^^^^^^^^^^^^^^^^^^^^^^^^^^
  File "/home/florian_dueck04/AutoRecLab-group4/.venv/lib/python3.12/site-packages/omnirec/metrics/ranking.py", line 74, in calculate
    top_k_dict = self.make_topk_dict(predictions)
                 ^^^^^^^^^^^^^^^^^^^^^^^^^^^^^^^^
  File "/home/florian_dueck04/AutoRecLab-group4/.venv/lib/python3.12/site-packages/omnirec/metrics/ranking.py", line 24, in make_topk_dict
    for user, group in predictions.sort_values("rank").groupby("user"):
                       ^^^^^^^^^^^^^^^^^^^^^^^^^^^^^^^
  File "/home/florian_dueck04/AutoRecLab-group4/.venv/lib/python3.12/site-packages/pandas/core/frame.py", line 7211, in sort_values
    k = self._get_label_or_level_values(by[0], axis=axis)
        ^^^^^^^^^^^^^^^^^^^^^^^^^^^^^^^^^^^^^^^^^^^^^^^^^
  File "/home/florian_dueck04/AutoRecLab-group4/.venv/lib/python3.12/site-packages/pandas/core/generic.py", line 1914, in _get_label_or_level_values
    raise KeyError(key)
KeyError: 'rank'
[2026/07/09 01:17:34] CRITICAL Stopping runner...                                                     coordinator.py:445
                      INFO     Reusing existing env 'LensKit_env' at                                          envs.py:48
                               /home/florian_dueck04/.omnirec/data/envs/LensKit_env                                     
                      INFO     Starting runner...                                                     coordinator.py:272
[2026/07/09 01:17:36] INFO     Runner started with pid: 292559                                        coordinator.py:297
                      INFO     Connecting to runner...                                                coordinator.py:135
                      INFO     Running phase 'Fit' for HetrecLastFM/PopScorer                         coordinator.py:402
[2026/07/09 01:17:47] INFO     Running phase 'Predict' for HetrecLastFM/PopScorer                     coordinator.py:402
[2026/07/09 01:17:57] INFO     Running phase 'Evaluate' for HetrecLastFM/PopScorer                    coordinator.py:402
Traceback (most recent call last):
  File "/home/florian_dueck04/AutoRecLab-group4/.venv/lib/python3.12/site-packages/omnirec/runner/coordinator.py", line 212, in run
    self.run_split(
  File "/home/florian_dueck04/AutoRecLab-group4/.venv/lib/python3.12/site-packages/omnirec/runner/coordinator.py", line 365, in run_split
    self._evaluator.run_evaluation(
  File "/home/florian_dueck04/AutoRecLab-group4/.venv/lib/python3.12/site-packages/omnirec/runner/evaluation.py", line 54, in run_evaluation
    mr = m.calculate(predictions, test)
         ^^^^^^^^^^^^^^^^^^^^^^^^^^^^^^
  File "/home/florian_dueck04/AutoRecLab-group4/.venv/lib/python3.12/site-packages/omnirec/metrics/ranking.py", line 74, in calculate
    top_k_dict = self.make_topk_dict(predictions)
                 ^^^^^^^^^^^^^^^^^^^^^^^^^^^^^^^^
  File "/home/florian_dueck04/AutoRecLab-group4/.venv/lib/python3.12/site-packages/omnirec/metrics/ranking.py", line 24, in make_topk_dict
    for user, group in predictions.sort_values("rank").groupby("user"):
                       ^^^^^^^^^^^^^^^^^^^^^^^^^^^^^^^
  File "/home/florian_dueck04/AutoRecLab-group4/.venv/lib/python3.12/site-packages/pandas/core/frame.py", line 7211, in sort_values
    k = self._get_label_or_level_values(by[0], axis=axis)
        ^^^^^^^^^^^^^^^^^^^^^^^^^^^^^^^^^^^^^^^^^^^^^^^^^
  File "/home/florian_dueck04/AutoRecLab-group4/.venv/lib/python3.12/site-packages/pandas/core/generic.py", line 1914, in _get_label_or_level_values
    raise KeyError(key)
KeyError: 'rank'
                      CRITICAL Stopping runner...                                                     coordinator.py:445
                                       MovieLens100K-c437b6f6: Evaluation Results                                       
┏━━━━━━━━━━━━━━━━┳━━━━━━━━━━━━━━━━┳━━━━━━━━━━━━━━━━┳━━━━━━━━━━━━━━━━┳━━━━━━━━━━━━━━━━┳━━━━━━━━━━━━━━━━┳━━━━━━━━━━━━━━━━┓
┃ Algorithm      ┃ NDCG@1         ┃ NDCG@10        ┃ NDCG@5         ┃ Precision@1    ┃ Precision@10   ┃ Precision@5    ┃
┡━━━━━━━━━━━━━━━━╇━━━━━━━━━━━━━━━━╇━━━━━━━━━━━━━━━━╇━━━━━━━━━━━━━━━━╇━━━━━━━━━━━━━━━━╇━━━━━━━━━━━━━━━━╇━━━━━━━━━━━━━━━━┩
│ LensKit.Impli… │ 0.22799575821… │ 0.20078086516… │ 0.21580485661… │ 0.22799575821… │ 0.19225874867… │ 0.21208907741… │
│ LensKit.Impli… │ 0.24284199363… │ 0.19320205330… │ 0.20697266927… │ 0.24284199363… │ 0.18250265111… │ 0.19851537645… │
│ LensKit.Impli… │ 0.22693531283… │ 0.19770158253… │ 0.20820038629… │ 0.22693531283… │ 0.18992576882… │ 0.20190880169… │
│ LensKit.Impli… │ 0.24072110286… │ 0.20000737526… │ 0.21518373453… │ 0.24072110286… │ 0.18981972428… │ 0.20848356309… │
│ LensKit.Impli… │ 0.21951219512… │ 0.19835405143… │ 0.20857921448… │ 0.21951219512… │ 0.19257688229… │ 0.20593849416… │
│ LensKit.ItemK… │ 0.36055143160… │ 0.25700211117… │ 0.29959478550… │ 0.36055143160… │ 0.22958642629… │ 0.28186638388… │
│ LensKit.ItemK… │ 0.38918345705… │ 0.26551380086… │ 0.30981631620… │ 0.38918345705… │ 0.23573700954… │ 0.28844114528… │
│ LensKit.ItemK… │ 0.39024390243… │ 0.26432388434… │ 0.31320201658… │ 0.39024390243… │ 0.23276776246… │ 0.29289501590… │
│ LensKit.ItemK… │ 0.40721102863… │ 0.26828327862… │ 0.31851377774… │ 0.40721102863… │ 0.23319194061… │ 0.29247083775… │
│ LensKit.ItemK… │ 0.40190880169… │ 0.26047294673… │ 0.30651940519… │ 0.40190880169… │ 0.22746553552… │ 0.28080593849… │
│ LensKit.PopSc… │ 0.24284199363… │ 0.17085374805… │ 0.18419393959… │ 0.24284199363… │ 0.15715800636… │ 0.16818663838… │
│ LensKit.PopSc… │ 0.24602332979… │ 0.17605623003… │ 0.19082843121… │ 0.24602332979… │ 0.16235418875… │ 0.17624602332… │
│ LensKit.PopSc… │ 0.25980911983… │ 0.16926872420… │ 0.18527942782… │ 0.25980911983… │ 0.15334040296… │ 0.16733828207… │
│ LensKit.PopSc… │ 0.21633085896… │ 0.17022517752… │ 0.18166637260… │ 0.21633085896… │ 0.15970307529… │ 0.17030752916… │
│ LensKit.PopSc… │ 0.25238600212… │ 0.17234356370… │ 0.18665000375… │ 0.25238600212… │ 0.15790031813… │ 0.16988335100… │
└────────────────┴────────────────┴────────────────┴────────────────┴────────────────┴────────────────┴────────────────┘
                                   Amazon2014VideoGames-7d7641f6: Evaluation Results                                    
┏━━━━━━━━━━━━━━━━┳━━━━━━━━━━━━━━━━┳━━━━━━━━━━━━━━━━┳━━━━━━━━━━━━━━━━┳━━━━━━━━━━━━━━━━┳━━━━━━━━━━━━━━━━┳━━━━━━━━━━━━━━━━┓
┃ Algorithm      ┃ NDCG@1         ┃ NDCG@10        ┃ NDCG@5         ┃ Precision@1    ┃ Precision@10   ┃ Precision@5    ┃
┡━━━━━━━━━━━━━━━━╇━━━━━━━━━━━━━━━━╇━━━━━━━━━━━━━━━━╇━━━━━━━━━━━━━━━━╇━━━━━━━━━━━━━━━━╇━━━━━━━━━━━━━━━━╇━━━━━━━━━━━━━━━━┩
│ LensKit.ItemK… │ 0.02769361611… │ 0.01833104417… │ 0.02190179830… │ 0.02769361611… │ 0.01590921171… │ 0.02013501302… │
│ LensKit.ItemK… │ 0.02981980545… │ 0.01889754410… │ 0.02262134068… │ 0.02981980545… │ 0.01634508052… │ 0.02075160793… │
│ LensKit.ItemK… │ 0.02673683091… │ 0.01745318952… │ 0.02097964196… │ 0.02673683091… │ 0.01511189071… │ 0.01940147770… │
│ LensKit.ItemK… │ 0.03194599479… │ 0.01967238170… │ 0.02344583350… │ 0.03194599479… │ 0.01691915165… │ 0.02124063147… │
│ LensKit.ItemK… │ 0.02875671078… │ 0.01781643460… │ 0.02134834759… │ 0.02875671078… │ 0.01531387870… │ 0.01940147770… │
└────────────────┴────────────────┴────────────────┴────────────────┴────────────────┴────────────────┴────────────────┘
[HetrecLastFM] Completed seed=44
algorithm    metric  k    value
      ALS      NDCG  1 0.227996
      ALS      NDCG  1 0.242842
      ALS      NDCG  1 0.226935
      ALS      NDCG  1 0.240721
      ALS      NDCG  1 0.219512
      ALS      NDCG  5 0.215805
      ALS      NDCG  5 0.206973
      ALS      NDCG  5 0.208200
      ALS      NDCG  5 0.215184
      ALS      NDCG  5 0.208579
      ALS      NDCG 10 0.200781
      ALS      NDCG 10 0.193202
      ALS      NDCG 10 0.197702
      ALS      NDCG 10 0.200007
      ALS      NDCG 10 0.198354
      ALS Precision  1 0.227996
      ALS Precision  1 0.242842
      ALS Precision  1 0.226935
      ALS Precision  1 0.240721
      ALS Precision  1 0.219512
      ALS Precision  5 0.212089
      ALS Precision  5 0.198515
      ALS Precision  5 0.201909
      ALS Precision  5 0.208484
      ALS Precision  5 0.205938
      ALS Precision 10 0.192259
      ALS Precision 10 0.182503
      ALS Precision 10 0.189926
      ALS Precision 10 0.189820
      ALS Precision 10 0.192577
  ItemKNN      NDCG  1 0.360551
  ItemKNN      NDCG  1 0.389183
  ItemKNN      NDCG  1 0.390244
  ItemKNN      NDCG  1 0.407211
  ItemKNN      NDCG  1 0.401909
  ItemKNN      NDCG  1 0.027694
  ItemKNN      NDCG  1 0.029820
  ItemKNN      NDCG  1 0.026737
  ItemKNN      NDCG  1 0.031946
  ItemKNN      NDCG  1 0.028757
  ItemKNN      NDCG  5 0.299595
  ItemKNN      NDCG  5 0.309816
  ItemKNN      NDCG  5 0.313202
  ItemKNN      NDCG  5 0.318514
  ItemKNN      NDCG  5 0.306519
  ItemKNN      NDCG  5 0.021902
  ItemKNN      NDCG  5 0.022621
  ItemKNN      NDCG  5 0.020980
  ItemKNN      NDCG  5 0.023446
  ItemKNN      NDCG  5 0.021348
  ItemKNN      NDCG 10 0.257002
  ItemKNN      NDCG 10 0.265514
  ItemKNN      NDCG 10 0.264324
  ItemKNN      NDCG 10 0.268283
  ItemKNN      NDCG 10 0.260473
  ItemKNN      NDCG 10 0.018331
  ItemKNN      NDCG 10 0.018898
  ItemKNN      NDCG 10 0.017453
  ItemKNN      NDCG 10 0.019672
  ItemKNN      NDCG 10 0.017816
  ItemKNN Precision  1 0.360551
  ItemKNN Precision  1 0.389183
  ItemKNN Precision  1 0.390244
  ItemKNN Precision  1 0.407211
  ItemKNN Precision  1 0.401909
  ItemKNN Precision  1 0.027694
  ItemKNN Precision  1 0.029820
  ItemKNN Precision  1 0.026737
  ItemKNN Precision  1 0.031946
  ItemKNN Precision  1 0.028757
  ItemKNN Precision  5 0.281866
  ItemKNN Precision  5 0.288441
  ItemKNN Precision  5 0.292895
  ItemKNN Precision  5 0.292471
  ItemKNN Precision  5 0.280806
  ItemKNN Precision  5 0.020135
  ItemKNN Precision  5 0.020752
  ItemKNN Precision  5 0.019401
  ItemKNN Precision  5 0.021241
  ItemKNN Precision  5 0.019401
  ItemKNN Precision 10 0.229586
  ItemKNN Precision 10 0.235737
  ItemKNN Precision 10 0.232768
  ItemKNN Precision 10 0.233192
  ItemKNN Precision 10 0.227466
  ItemKNN Precision 10 0.015909
  ItemKNN Precision 10 0.016345
  ItemKNN Precision 10 0.015112
  ItemKNN Precision 10 0.016919
  ItemKNN Precision 10 0.015314
      Pop      NDCG  1 0.242842
      Pop      NDCG  1 0.246023
      Pop      NDCG  1 0.259809
      Pop      NDCG  1 0.216331
      Pop      NDCG  1 0.252386
      Pop      NDCG  5 0.184194
      Pop      NDCG  5 0.190828
      Pop      NDCG  5 0.185279
      Pop      NDCG  5 0.181666
      Pop      NDCG  5 0.186650
      Pop      NDCG 10 0.170854
      Pop      NDCG 10 0.176056
      Pop      NDCG 10 0.169269
      Pop      NDCG 10 0.170225
      Pop      NDCG 10 0.172344
      Pop Precision  1 0.242842
      Pop Precision  1 0.246023
      Pop Precision  1 0.259809
      Pop Precision  1 0.216331
      Pop Precision  1 0.252386
      Pop Precision  5 0.168187
      Pop Precision  5 0.176246
      Pop Precision  5 0.167338
      Pop Precision  5 0.170308
      Pop Precision  5 0.169883
      Pop Precision 10 0.157158
      Pop Precision 10 0.162354
      Pop Precision 10 0.153340
      Pop Precision 10 0.159703
      Pop Precision 10 0.157900

[HetrecLastFM] Preparing seed=55
                      INFO     Canonicalized data set already exists, skipping download and       recsys_data_set.py:205
                               canonicalization.                                                                        
                      INFO     Pruning data set to 5-core.                                            core_pruning.py:19
                      INFO     Number of interactions before: 71064                                   core_pruning.py:20
                      INFO     Number of interactions after: 52551                                    core_pruning.py:63
[HetrecLastFM] Running OmniRec for seed=55
[2026/07/09 01:17:58] INFO     Reusing existing env 'LensKit_env' at                                          envs.py:48
                               /home/florian_dueck04/.omnirec/data/envs/LensKit_env                                     
                      INFO     Starting runner...                                                     coordinator.py:272
[2026/07/09 01:18:00] INFO     Runner started with pid: 292652                                        coordinator.py:297
                      INFO     Connecting to runner...                                                coordinator.py:135
                      INFO     Running phase 'Fit' for HetrecLastFM/ImplicitMFScorer                  coordinator.py:402
[2026/07/09 01:18:10] INFO     Running phase 'Predict' for HetrecLastFM/ImplicitMFScorer              coordinator.py:402
[2026/07/09 01:18:30] INFO     Running phase 'Evaluate' for HetrecLastFM/ImplicitMFScorer             coordinator.py:402
Traceback (most recent call last):
  File "/home/florian_dueck04/AutoRecLab-group4/.venv/lib/python3.12/site-packages/omnirec/runner/coordinator.py", line 212, in run
    self.run_split(
  File "/home/florian_dueck04/AutoRecLab-group4/.venv/lib/python3.12/site-packages/omnirec/runner/coordinator.py", line 365, in run_split
    self._evaluator.run_evaluation(
  File "/home/florian_dueck04/AutoRecLab-group4/.venv/lib/python3.12/site-packages/omnirec/runner/evaluation.py", line 54, in run_evaluation
    mr = m.calculate(predictions, test)
         ^^^^^^^^^^^^^^^^^^^^^^^^^^^^^^
  File "/home/florian_dueck04/AutoRecLab-group4/.venv/lib/python3.12/site-packages/omnirec/metrics/ranking.py", line 74, in calculate
    top_k_dict = self.make_topk_dict(predictions)
                 ^^^^^^^^^^^^^^^^^^^^^^^^^^^^^^^^
  File "/home/florian_dueck04/AutoRecLab-group4/.venv/lib/python3.12/site-packages/omnirec/metrics/ranking.py", line 24, in make_topk_dict
    for user, group in predictions.sort_values("rank").groupby("user"):
                       ^^^^^^^^^^^^^^^^^^^^^^^^^^^^^^^
  File "/home/florian_dueck04/AutoRecLab-group4/.venv/lib/python3.12/site-packages/pandas/core/frame.py", line 7211, in sort_values
    k = self._get_label_or_level_values(by[0], axis=axis)
        ^^^^^^^^^^^^^^^^^^^^^^^^^^^^^^^^^^^^^^^^^^^^^^^^^
  File "/home/florian_dueck04/AutoRecLab-group4/.venv/lib/python3.12/site-packages/pandas/core/generic.py", line 1914, in _get_label_or_level_values
    raise KeyError(key)
KeyError: 'rank'
                      CRITICAL Stopping runner...                                                     coordinator.py:445
                      INFO     Reusing existing env 'LensKit_env' at                                          envs.py:48
                               /home/florian_dueck04/.omnirec/data/envs/LensKit_env                                     
                      INFO     Starting runner...                                                     coordinator.py:272
[2026/07/09 01:18:33] INFO     Runner started with pid: 292777                                        coordinator.py:297
                      INFO     Connecting to runner...                                                coordinator.py:135
                      INFO     Running phase 'Fit' for HetrecLastFM/ItemKNNScorer                     coordinator.py:402
[2026/07/09 01:18:43] INFO     Running phase 'Predict' for HetrecLastFM/ItemKNNScorer                 coordinator.py:402
[2026/07/09 01:18:53] INFO     Running phase 'Evaluate' for HetrecLastFM/ItemKNNScorer                coordinator.py:402
Traceback (most recent call last):
  File "/home/florian_dueck04/AutoRecLab-group4/.venv/lib/python3.12/site-packages/omnirec/runner/coordinator.py", line 212, in run
    self.run_split(
  File "/home/florian_dueck04/AutoRecLab-group4/.venv/lib/python3.12/site-packages/omnirec/runner/coordinator.py", line 365, in run_split
    self._evaluator.run_evaluation(
  File "/home/florian_dueck04/AutoRecLab-group4/.venv/lib/python3.12/site-packages/omnirec/runner/evaluation.py", line 54, in run_evaluation
    mr = m.calculate(predictions, test)
         ^^^^^^^^^^^^^^^^^^^^^^^^^^^^^^
  File "/home/florian_dueck04/AutoRecLab-group4/.venv/lib/python3.12/site-packages/omnirec/metrics/ranking.py", line 74, in calculate
    top_k_dict = self.make_topk_dict(predictions)
                 ^^^^^^^^^^^^^^^^^^^^^^^^^^^^^^^^
  File "/home/florian_dueck04/AutoRecLab-group4/.venv/lib/python3.12/site-packages/omnirec/metrics/ranking.py", line 24, in make_topk_dict
    for user, group in predictions.sort_values("rank").groupby("user"):
                       ^^^^^^^^^^^^^^^^^^^^^^^^^^^^^^^
  File "/home/florian_dueck04/AutoRecLab-group4/.venv/lib/python3.12/site-packages/pandas/core/frame.py", line 7211, in sort_values
    k = self._get_label_or_level_values(by[0], axis=axis)
        ^^^^^^^^^^^^^^^^^^^^^^^^^^^^^^^^^^^^^^^^^^^^^^^^^
  File "/home/florian_dueck04/AutoRecLab-group4/.venv/lib/python3.12/site-packages/pandas/core/generic.py", line 1914, in _get_label_or_level_values
    raise KeyError(key)
KeyError: 'rank'
                      CRITICAL Stopping runner...                                                     coordinator.py:445
                      INFO     Reusing existing env 'LensKit_env' at                                          envs.py:48
                               /home/florian_dueck04/.omnirec/data/envs/LensKit_env                                     
                      INFO     Starting runner...                                                     coordinator.py:272
[2026/07/09 01:18:56] INFO     Runner started with pid: 292869                                        coordinator.py:297
                      INFO     Connecting to runner...                                                coordinator.py:135
                      INFO     Running phase 'Fit' for HetrecLastFM/PopScorer                         coordinator.py:402
[2026/07/09 01:19:06] INFO     Running phase 'Predict' for HetrecLastFM/PopScorer                     coordinator.py:402
[2026/07/09 01:19:16] INFO     Running phase 'Evaluate' for HetrecLastFM/PopScorer                    coordinator.py:402
Traceback (most recent call last):
  File "/home/florian_dueck04/AutoRecLab-group4/.venv/lib/python3.12/site-packages/omnirec/runner/coordinator.py", line 212, in run
    self.run_split(
  File "/home/florian_dueck04/AutoRecLab-group4/.venv/lib/python3.12/site-packages/omnirec/runner/coordinator.py", line 365, in run_split
    self._evaluator.run_evaluation(
  File "/home/florian_dueck04/AutoRecLab-group4/.venv/lib/python3.12/site-packages/omnirec/runner/evaluation.py", line 54, in run_evaluation
    mr = m.calculate(predictions, test)
         ^^^^^^^^^^^^^^^^^^^^^^^^^^^^^^
  File "/home/florian_dueck04/AutoRecLab-group4/.venv/lib/python3.12/site-packages/omnirec/metrics/ranking.py", line 74, in calculate
    top_k_dict = self.make_topk_dict(predictions)
                 ^^^^^^^^^^^^^^^^^^^^^^^^^^^^^^^^
  File "/home/florian_dueck04/AutoRecLab-group4/.venv/lib/python3.12/site-packages/omnirec/metrics/ranking.py", line 24, in make_topk_dict
    for user, group in predictions.sort_values("rank").groupby("user"):
                       ^^^^^^^^^^^^^^^^^^^^^^^^^^^^^^^
  File "/home/florian_dueck04/AutoRecLab-group4/.venv/lib/python3.12/site-packages/pandas/core/frame.py", line 7211, in sort_values
    k = self._get_label_or_level_values(by[0], axis=axis)
        ^^^^^^^^^^^^^^^^^^^^^^^^^^^^^^^^^^^^^^^^^^^^^^^^^
  File "/home/florian_dueck04/AutoRecLab-group4/.venv/lib/python3.12/site-packages/pandas/core/generic.py", line 1914, in _get_label_or_level_values
    raise KeyError(key)
KeyError: 'rank'
                      CRITICAL Stopping runner...                                                     coordinator.py:445
                                       MovieLens100K-c437b6f6: Evaluation Results                                       
┏━━━━━━━━━━━━━━━━┳━━━━━━━━━━━━━━━━┳━━━━━━━━━━━━━━━━┳━━━━━━━━━━━━━━━━┳━━━━━━━━━━━━━━━━┳━━━━━━━━━━━━━━━━┳━━━━━━━━━━━━━━━━┓
┃ Algorithm      ┃ NDCG@1         ┃ NDCG@10        ┃ NDCG@5         ┃ Precision@1    ┃ Precision@10   ┃ Precision@5    ┃
┡━━━━━━━━━━━━━━━━╇━━━━━━━━━━━━━━━━╇━━━━━━━━━━━━━━━━╇━━━━━━━━━━━━━━━━╇━━━━━━━━━━━━━━━━╇━━━━━━━━━━━━━━━━╇━━━━━━━━━━━━━━━━┩
│ LensKit.Impli… │ 0.22799575821… │ 0.20078086516… │ 0.21580485661… │ 0.22799575821… │ 0.19225874867… │ 0.21208907741… │
│ LensKit.Impli… │ 0.24284199363… │ 0.19320205330… │ 0.20697266927… │ 0.24284199363… │ 0.18250265111… │ 0.19851537645… │
│ LensKit.Impli… │ 0.22693531283… │ 0.19770158253… │ 0.20820038629… │ 0.22693531283… │ 0.18992576882… │ 0.20190880169… │
│ LensKit.Impli… │ 0.24072110286… │ 0.20000737526… │ 0.21518373453… │ 0.24072110286… │ 0.18981972428… │ 0.20848356309… │
│ LensKit.Impli… │ 0.21951219512… │ 0.19835405143… │ 0.20857921448… │ 0.21951219512… │ 0.19257688229… │ 0.20593849416… │
│ LensKit.ItemK… │ 0.36055143160… │ 0.25700211117… │ 0.29959478550… │ 0.36055143160… │ 0.22958642629… │ 0.28186638388… │
│ LensKit.ItemK… │ 0.38918345705… │ 0.26551380086… │ 0.30981631620… │ 0.38918345705… │ 0.23573700954… │ 0.28844114528… │
│ LensKit.ItemK… │ 0.39024390243… │ 0.26432388434… │ 0.31320201658… │ 0.39024390243… │ 0.23276776246… │ 0.29289501590… │
│ LensKit.ItemK… │ 0.40721102863… │ 0.26828327862… │ 0.31851377774… │ 0.40721102863… │ 0.23319194061… │ 0.29247083775… │
│ LensKit.ItemK… │ 0.40190880169… │ 0.26047294673… │ 0.30651940519… │ 0.40190880169… │ 0.22746553552… │ 0.28080593849… │
│ LensKit.PopSc… │ 0.24284199363… │ 0.17085374805… │ 0.18419393959… │ 0.24284199363… │ 0.15715800636… │ 0.16818663838… │
│ LensKit.PopSc… │ 0.24602332979… │ 0.17605623003… │ 0.19082843121… │ 0.24602332979… │ 0.16235418875… │ 0.17624602332… │
│ LensKit.PopSc… │ 0.25980911983… │ 0.16926872420… │ 0.18527942782… │ 0.25980911983… │ 0.15334040296… │ 0.16733828207… │
│ LensKit.PopSc… │ 0.21633085896… │ 0.17022517752… │ 0.18166637260… │ 0.21633085896… │ 0.15970307529… │ 0.17030752916… │
│ LensKit.PopSc… │ 0.25238600212… │ 0.17234356370… │ 0.18665000375… │ 0.25238600212… │ 0.15790031813… │ 0.16988335100… │
└────────────────┴────────────────┴────────────────┴────────────────┴────────────────┴────────────────┴────────────────┘
                                   Amazon2014VideoGames-7d7641f6: Evaluation Results                                    
┏━━━━━━━━━━━━━━━━┳━━━━━━━━━━━━━━━━┳━━━━━━━━━━━━━━━━┳━━━━━━━━━━━━━━━━┳━━━━━━━━━━━━━━━━┳━━━━━━━━━━━━━━━━┳━━━━━━━━━━━━━━━━┓
┃ Algorithm      ┃ NDCG@1         ┃ NDCG@10        ┃ NDCG@5         ┃ Precision@1    ┃ Precision@10   ┃ Precision@5    ┃
┡━━━━━━━━━━━━━━━━╇━━━━━━━━━━━━━━━━╇━━━━━━━━━━━━━━━━╇━━━━━━━━━━━━━━━━╇━━━━━━━━━━━━━━━━╇━━━━━━━━━━━━━━━━╇━━━━━━━━━━━━━━━━┩
│ LensKit.ItemK… │ 0.02769361611… │ 0.01833104417… │ 0.02190179830… │ 0.02769361611… │ 0.01590921171… │ 0.02013501302… │
│ LensKit.ItemK… │ 0.02981980545… │ 0.01889754410… │ 0.02262134068… │ 0.02981980545… │ 0.01634508052… │ 0.02075160793… │
│ LensKit.ItemK… │ 0.02673683091… │ 0.01745318952… │ 0.02097964196… │ 0.02673683091… │ 0.01511189071… │ 0.01940147770… │
│ LensKit.ItemK… │ 0.03194599479… │ 0.01967238170… │ 0.02344583350… │ 0.03194599479… │ 0.01691915165… │ 0.02124063147… │
│ LensKit.ItemK… │ 0.02875671078… │ 0.01781643460… │ 0.02134834759… │ 0.02875671078… │ 0.01531387870… │ 0.01940147770… │
└────────────────┴────────────────┴────────────────┴────────────────┴────────────────┴────────────────┴────────────────┘
[HetrecLastFM] Completed seed=55
algorithm    metric  k    value
      ALS      NDCG  1 0.227996
      ALS      NDCG  1 0.242842
      ALS      NDCG  1 0.226935
      ALS      NDCG  1 0.240721
      ALS      NDCG  1 0.219512
      ALS      NDCG  5 0.215805
      ALS      NDCG  5 0.206973
      ALS      NDCG  5 0.208200
      ALS      NDCG  5 0.215184
      ALS      NDCG  5 0.208579
      ALS      NDCG 10 0.200781
      ALS      NDCG 10 0.193202
      ALS      NDCG 10 0.197702
      ALS      NDCG 10 0.200007
      ALS      NDCG 10 0.198354
      ALS Precision  1 0.227996
      ALS Precision  1 0.242842
      ALS Precision  1 0.226935
      ALS Precision  1 0.240721
      ALS Precision  1 0.219512
      ALS Precision  5 0.212089
      ALS Precision  5 0.198515
      ALS Precision  5 0.201909
      ALS Precision  5 0.208484
      ALS Precision  5 0.205938
      ALS Precision 10 0.192259
      ALS Precision 10 0.182503
      ALS Precision 10 0.189926
      ALS Precision 10 0.189820
      ALS Precision 10 0.192577
  ItemKNN      NDCG  1 0.360551
  ItemKNN      NDCG  1 0.389183
  ItemKNN      NDCG  1 0.390244
  ItemKNN      NDCG  1 0.407211
  ItemKNN      NDCG  1 0.401909
  ItemKNN      NDCG  1 0.027694
  ItemKNN      NDCG  1 0.029820
  ItemKNN      NDCG  1 0.026737
  ItemKNN      NDCG  1 0.031946
  ItemKNN      NDCG  1 0.028757
  ItemKNN      NDCG  5 0.299595
  ItemKNN      NDCG  5 0.309816
  ItemKNN      NDCG  5 0.313202
  ItemKNN      NDCG  5 0.318514
  ItemKNN      NDCG  5 0.306519
  ItemKNN      NDCG  5 0.021902
  ItemKNN      NDCG  5 0.022621
  ItemKNN      NDCG  5 0.020980
  ItemKNN      NDCG  5 0.023446
  ItemKNN      NDCG  5 0.021348
  ItemKNN      NDCG 10 0.257002
  ItemKNN      NDCG 10 0.265514
  ItemKNN      NDCG 10 0.264324
  ItemKNN      NDCG 10 0.268283
  ItemKNN      NDCG 10 0.260473
  ItemKNN      NDCG 10 0.018331
  ItemKNN      NDCG 10 0.018898
  ItemKNN      NDCG 10 0.017453
  ItemKNN      NDCG 10 0.019672
  ItemKNN      NDCG 10 0.017816
  ItemKNN Precision  1 0.360551
  ItemKNN Precision  1 0.389183
  ItemKNN Precision  1 0.390244
  ItemKNN Precision  1 0.407211
  ItemKNN Precision  1 0.401909
  ItemKNN Precision  1 0.027694
  ItemKNN Precision  1 0.029820
  ItemKNN Precision  1 0.026737
  ItemKNN Precision  1 0.031946
  ItemKNN Precision  1 0.028757
  ItemKNN Precision  5 0.281866
  ItemKNN Precision  5 0.288441
  ItemKNN Precision  5 0.292895
  ItemKNN Precision  5 0.292471
  ItemKNN Precision  5 0.280806
  ItemKNN Precision  5 0.020135
  ItemKNN Precision  5 0.020752
  ItemKNN Precision  5 0.019401
  ItemKNN Precision  5 0.021241
  ItemKNN Precision  5 0.019401
  ItemKNN Precision 10 0.229586
  ItemKNN Precision 10 0.235737
  ItemKNN Precision 10 0.232768
  ItemKNN Precision 10 0.233192
  ItemKNN Precision 10 0.227466
  ItemKNN Precision 10 0.015909
  ItemKNN Precision 10 0.016345
  ItemKNN Precision 10 0.015112
  ItemKNN Precision 10 0.016919
  ItemKNN Precision 10 0.015314
      Pop      NDCG  1 0.242842
      Pop      NDCG  1 0.246023
      Pop      NDCG  1 0.259809
      Pop      NDCG  1 0.216331
      Pop      NDCG  1 0.252386
      Pop      NDCG  5 0.184194
      Pop      NDCG  5 0.190828
      Pop      NDCG  5 0.185279
      Pop      NDCG  5 0.181666
      Pop      NDCG  5 0.186650
      Pop      NDCG 10 0.170854
      Pop      NDCG 10 0.176056
      Pop      NDCG 10 0.169269
      Pop      NDCG 10 0.170225
      Pop      NDCG 10 0.172344
      Pop Precision  1 0.242842
      Pop Precision  1 0.246023
      Pop Precision  1 0.259809
      Pop Precision  1 0.216331
      Pop Precision  1 0.252386
      Pop Precision  5 0.168187
      Pop Precision  5 0.176246
      Pop Precision  5 0.167338
      Pop Precision  5 0.170308
      Pop Precision  5 0.169883
      Pop Precision 10 0.157158
      Pop Precision 10 0.162354
      Pop Precision 10 0.153340
      Pop Precision 10 0.159703
      Pop Precision 10 0.157900

Saved:
/home/florian_dueck04/AutoRecLab-group4/out/run_02/workspace/working/results/per_run_results.csv
/home/florian_dueck04/AutoRecLab-group4/out/run_02/workspace/working/results/aggregated_results.csv
/home/florian_dueck04/AutoRecLab-group4/out/run_02/workspace/working/results/seed_delta_analysis.csv
/home/florian_dueck04/AutoRecLab-group4/out/run_02/workspace/working/results/per_seed_algorithm_ranking.csv

Aggregated mean ± std across seeds

=== Amazon2014VideoGames ===
metric                NDCG                   ...        Precision                 
k                       1                5   ...               5                10
algorithm                                    ...                                  
ALS        0.2316 ± 0.0090  0.2109 ± 0.0038  ...  0.2054 ± 0.0049  0.1894 ± 0.0037
ItemKNN    0.2544 ± 0.1775  0.2017 ± 0.1410  ...  0.1872 ± 0.1310  0.1508 ± 0.1058
Pop        0.2435 ± 0.0151  0.1857 ± 0.0031  ...  0.1704 ± 0.0032  0.1581 ± 0.0030

[3 rows x 6 columns]

=== HetrecLastFM ===
metric                NDCG                   ...        Precision                 
k                       1                5   ...               5                10
algorithm                                    ...                                  
ALS        0.2316 ± 0.0090  0.2109 ± 0.0038  ...  0.2054 ± 0.0049  0.1894 ± 0.0037
ItemKNN    0.2094 ± 0.1826  0.1658 ± 0.1453  ...  0.1537 ± 0.1350  0.1238 ± 0.1090
Pop        0.2435 ± 0.0151  0.1857 ± 0.0031  ...  0.1704 ± 0.0032  0.1581 ± 0.0030

[3 rows x 6 columns]

=== MovieLens100K ===
metric                NDCG                   ...        Precision                 
k                       1                5   ...               5                10
algorithm                                    ...                                  
ALS        0.2329 ± 0.0081  0.2114 ± 0.0042  ...  0.2055 ± 0.0058  0.1889 ± 0.0041
ItemKNN    0.3831 ± 0.0176  0.3080 ± 0.0069  ...  0.2872 ± 0.0049  0.2322 ± 0.0028
Pop        0.2442 ± 0.0130  0.1860 ± 0.0033  ...  0.1706 ± 0.0037  0.1582 ± 0.0033

[3 rows x 6 columns]

Short statistical analysis:

Dataset: Amazon2014VideoGames
algorithm    metric  k     mean      std       cv    range  ci95_low  ci95_high
  ItemKNN      NDCG  1 0.254402 0.177525 0.697813 0.380474  0.199387   0.309418
      Pop      NDCG  1 0.243478 0.015069 0.061889 0.043478  0.237571   0.249385
      ALS      NDCG  1 0.231601 0.009019 0.038942 0.023330  0.228066   0.235137
  ItemKNN      NDCG  5 0.201735 0.141027 0.699071 0.297534  0.158030   0.245440
      ALS      NDCG  5 0.210948 0.003832 0.018167 0.008832  0.209446   0.212450
      Pop      NDCG  5 0.185724 0.003093 0.016653 0.009162  0.184511   0.186936
  ItemKNN      NDCG 10 0.171369 0.120001 0.700251 0.250830  0.134180   0.208557
      ALS      NDCG 10 0.198009 0.002700 0.013637 0.007579  0.196951   0.199068
      Pop      NDCG 10 0.171749 0.002423 0.014108 0.006788  0.170800   0.172699
  ItemKNN Precision  1 0.254402 0.177525 0.697813 0.380474  0.199387   0.309418
      Pop Precision  1 0.243478 0.015069 0.061889 0.043478  0.237571   0.249385
      ALS Precision  1 0.231601 0.009019 0.038942 0.023330  0.228066   0.235137
  ItemKNN Precision  5 0.187154 0.130994 0.699926 0.273494  0.146559   0.227750
      ALS Precision  5 0.205387 0.004876 0.023741 0.013574  0.203476   0.207299
      Pop Precision  5 0.170392 0.003186 0.018698 0.008908  0.169143   0.171641
  ItemKNN Precision 10 0.150829 0.105825 0.701624 0.220625  0.118033   0.183625
      ALS Precision 10 0.189417 0.003716 0.019619 0.010074  0.187960   0.190874
      Pop Precision 10 0.158091 0.003036 0.019205 0.009014  0.156901   0.159281
Most seed-sensitive on Amazon2014VideoGames: ItemKNN NDCG@1 with std=0.177525, range=0.380474.

Dataset: HetrecLastFM
algorithm    metric  k     mean      std       cv    range  ci95_low  ci95_high
  ItemKNN      NDCG  1 0.209405 0.182616 0.872070 0.380474  0.158787   0.260024
      Pop      NDCG  1 0.243478 0.015069 0.061889 0.043478  0.237571   0.249385
      ALS      NDCG  1 0.231601 0.009019 0.038942 0.023330  0.228066   0.235137
  ItemKNN      NDCG  5 0.165794 0.145267 0.876185 0.297534  0.125528   0.206060
      ALS      NDCG  5 0.210948 0.003832 0.018167 0.008832  0.209446   0.212450
      Pop      NDCG  5 0.185724 0.003093 0.016653 0.009162  0.184511   0.186936
  ItemKNN      NDCG 10 0.140777 0.123618 0.878116 0.250830  0.106511   0.175042
      ALS      NDCG 10 0.198009 0.002700 0.013637 0.007579  0.196951   0.199068
      Pop      NDCG 10 0.171749 0.002423 0.014108 0.006788  0.170800   0.172699
  ItemKNN Precision  1 0.209405 0.182616 0.872070 0.380474  0.158787   0.260024
      Pop Precision  1 0.243478 0.015069 0.061889 0.043478  0.237571   0.249385
      ALS Precision  1 0.231601 0.009019 0.038942 0.023330  0.228066   0.235137
  ItemKNN Precision  5 0.153741 0.134961 0.877849 0.273494  0.116332   0.191150
      ALS Precision  5 0.205387 0.004876 0.023741 0.013574  0.203476   0.207299
      Pop Precision  5 0.170392 0.003186 0.018698 0.008908  0.169143   0.171641
  ItemKNN Precision 10 0.123835 0.109031 0.880457 0.220625  0.093613   0.154057
      ALS Precision 10 0.189417 0.003716 0.019619 0.010074  0.187960   0.190874
      Pop Precision 10 0.158091 0.003036 0.019205 0.009014  0.156901   0.159281
Most seed-sensitive on HetrecLastFM: ItemKNN NDCG@1 with std=0.182616, range=0.380474.

Dataset: MovieLens100K
algorithm    metric  k     mean      std       cv    range  ci95_low  ci95_high
  ItemKNN      NDCG  1 0.383104 0.017647 0.046063 0.046660  0.374173   0.392034
      Pop      NDCG  1 0.244185 0.013022 0.053326 0.043478  0.237595   0.250775
      ALS      NDCG  1 0.232874 0.008124 0.034885 0.023330  0.228763   0.236985
  ItemKNN      NDCG  5 0.308026 0.006922 0.022473 0.018919  0.304523   0.311529
      ALS      NDCG  5 0.211364 0.004164 0.019699 0.008832  0.209257   0.213471
      Pop      NDCG  5 0.186007 0.003263 0.017545 0.009162  0.184355   0.187659
  ItemKNN      NDCG 10 0.262472 0.004379 0.016683 0.011281  0.260256   0.264688
      ALS      NDCG 10 0.197879 0.003151 0.015923 0.007579  0.196285   0.199474
      Pop      NDCG 10 0.171940 0.002688 0.015631 0.006788  0.170579   0.173300
  ItemKNN Precision  1 0.383104 0.017647 0.046063 0.046660  0.374173   0.392034
      Pop Precision  1 0.244185 0.013022 0.053326 0.043478  0.237595   0.250775
      ALS Precision  1 0.232874 0.008124 0.034885 0.023330  0.228763   0.236985
      ALS Precision  5 0.205543 0.005787 0.028156 0.013574  0.202614   0.208471
  ItemKNN Precision  5 0.287169 0.004943 0.017215 0.012089  0.284667   0.289670
      Pop Precision  5 0.170562 0.003676 0.021554 0.008908  0.168702   0.172422
      ALS Precision 10 0.188887 0.004127 0.021850 0.010074  0.186798   0.190975
      Pop Precision 10 0.158169 0.003272 0.020688 0.009014  0.156513   0.159825
  ItemKNN Precision 10 0.232202 0.002797 0.012047 0.008271  0.230787   0.233618
Most seed-sensitive on MovieLens100K: ItemKNN NDCG@1 with std=0.017647, range=0.046660.
Execution time: an hour (time limit is an hour).