
=== Dataset: MovieLens100K ===
-- Seed 11
[2026/06/29 04:55:38] INFO     Canonicalized data set already exists, skipping download and       recsys_data_set.py:205
                               canonicalization.                                                                        
                      INFO     Making data set implicit with threshold 3.                      feedback_conversion.py:21
                      INFO     Minimum rating: 1                                               feedback_conversion.py:24
                      INFO     Maximum rating: 5                                               feedback_conversion.py:25
                      INFO     Number of interactions before: 100000                           feedback_conversion.py:26
                      INFO     Number of interactions after: 82520                             feedback_conversion.py:44
                      INFO     Pruning data set to 5-core.                                            core_pruning.py:19
                      INFO     Number of interactions before: 82520                                   core_pruning.py:20
                      INFO     Number of interactions after: 81697                                    core_pruning.py:63
[2026/06/29 04:55:39] INFO     Reusing existing env 'LensKit_env' at                                          envs.py:48
                               /home/florian_dueck04/.omnirec/data/envs/LensKit_env                                     
                      INFO     Starting runner...                                                     coordinator.py:272
[2026/06/29 04:55:41] INFO     Runner started with pid: 10365                                         coordinator.py:297
                      INFO     Connecting to runner...                                                coordinator.py:135
                      INFO     Running phase 'Fit' for MovieLens100K/ImplicitMFScorer                 coordinator.py:402
[2026/06/29 04:55:51] INFO     Running phase 'Predict' for MovieLens100K/ImplicitMFScorer             coordinator.py:402
[2026/06/29 04:56:11] INFO     Running phase 'Evaluate' for MovieLens100K/ImplicitMFScorer            coordinator.py:402
[2026/06/29 04:56:14] INFO     MovieLens100K/ImplicitMFScorer done!                                   coordinator.py:373
                      INFO     Stopping runner...                                                     coordinator.py:445
                      INFO     Reusing existing env 'LensKit_env' at                                          envs.py:48
                               /home/florian_dueck04/.omnirec/data/envs/LensKit_env                                     
                      INFO     Starting runner...                                                     coordinator.py:272
[2026/06/29 04:56:16] INFO     Runner started with pid: 10460                                         coordinator.py:297
                      INFO     Connecting to runner...                                                coordinator.py:135
                      INFO     Running phase 'Fit' for MovieLens100K/ItemKNNScorer                    coordinator.py:402
[2026/06/29 04:56:26] INFO     Running phase 'Predict' for MovieLens100K/ItemKNNScorer                coordinator.py:402
[2026/06/29 04:56:36] INFO     Running phase 'Evaluate' for MovieLens100K/ItemKNNScorer               coordinator.py:402
[2026/06/29 04:56:38] INFO     MovieLens100K/ItemKNNScorer done!                                      coordinator.py:373
                      INFO     Stopping runner...                                                     coordinator.py:445
                      INFO     Reusing existing env 'LensKit_env' at                                          envs.py:48
                               /home/florian_dueck04/.omnirec/data/envs/LensKit_env                                     
                      INFO     Starting runner...                                                     coordinator.py:272
[2026/06/29 04:56:41] INFO     Runner started with pid: 10558                                         coordinator.py:297
                      INFO     Connecting to runner...                                                coordinator.py:135
                      INFO     Running phase 'Fit' for MovieLens100K/PopScorer                        coordinator.py:402
[2026/06/29 04:56:51] INFO     Running phase 'Predict' for MovieLens100K/PopScorer                    coordinator.py:402
[2026/06/29 04:57:01] INFO     Running phase 'Evaluate' for MovieLens100K/PopScorer                   coordinator.py:402
[2026/06/29 04:57:03] INFO     MovieLens100K/PopScorer done!                                          coordinator.py:373
                      INFO     Stopping runner...                                                     coordinator.py:445
                                       MovieLens100K-c0b4b14e: Evaluation Results                                       
┏━━━━━━━━━━━━━━━━┳━━━━━━━━━━━━━━━━┳━━━━━━━━━━━━━━━━┳━━━━━━━━━━━━━━━━┳━━━━━━━━━━━━━━━━┳━━━━━━━━━━━━━━━━┳━━━━━━━━━━━━━━━━┓
┃ Algorithm      ┃ NDCG@1         ┃ NDCG@10        ┃ NDCG@5         ┃ Precision@1    ┃ Precision@10   ┃ Precision@5    ┃
┡━━━━━━━━━━━━━━━━╇━━━━━━━━━━━━━━━━╇━━━━━━━━━━━━━━━━╇━━━━━━━━━━━━━━━━╇━━━━━━━━━━━━━━━━╇━━━━━━━━━━━━━━━━╇━━━━━━━━━━━━━━━━┩
│ LensKit.Impli… │ 0.21739130434… │ 0.17711291461… │ 0.18869919378… │ 0.21739130434… │ 0.16861081654… │ 0.18197242841… │
│ LensKit.ItemK… │ 0.30858960763… │ 0.22721602590… │ 0.26126978431… │ 0.30858960763… │ 0.20572640509… │ 0.24814422057… │
│ LensKit.PopSc… │ 0.21739130434… │ 0.15543838106… │ 0.16902823582… │ 0.21739130434… │ 0.14273594909… │ 0.15503711558… │
└────────────────┴────────────────┴────────────────┴────────────────┴────────────────┴────────────────┴────────────────┘
{'MovieLens100K-c0b4b14e':                               algorithm  fold       name   k     value
0  LensKit.ImplicitMFScorer-f0dd7ecb-11  None       NDCG   1  0.217391
1  LensKit.ImplicitMFScorer-f0dd7ecb-11  None       NDCG   5  0.188699
2  LensKit.ImplicitMFScorer-f0dd7ecb-11  None       NDCG  10  0.177113
3  LensKit.ImplicitMFScorer-f0dd7ecb-11  None  Precision   1  0.217391
4  LensKit.ImplicitMFScorer-f0dd7ecb-11  None  Precision   5  0.181972
5  LensKit.ImplicitMFScorer-f0dd7ecb-11  None  Precision  10  0.168611
0     LensKit.ItemKNNScorer-c3d66610-11  None       NDCG   1  0.308590
1     LensKit.ItemKNNScorer-c3d66610-11  None       NDCG   5  0.261270
2     LensKit.ItemKNNScorer-c3d66610-11  None       NDCG  10  0.227216
3     LensKit.ItemKNNScorer-c3d66610-11  None  Precision   1  0.308590
4     LensKit.ItemKNNScorer-c3d66610-11  None  Precision   5  0.248144
5     LensKit.ItemKNNScorer-c3d66610-11  None  Precision  10  0.205726
0         LensKit.PopScorer-f4aa5539-11  None       NDCG   1  0.217391
1         LensKit.PopScorer-f4aa5539-11  None       NDCG   5  0.169028
2         LensKit.PopScorer-f4aa5539-11  None       NDCG  10  0.155438
3         LensKit.PopScorer-f4aa5539-11  None  Precision   1  0.217391
4         LensKit.PopScorer-f4aa5539-11  None  Precision   5  0.155037
5         LensKit.PopScorer-f4aa5539-11  None  Precision  10  0.142736}
-- Seed 22
                      INFO     Canonicalized data set already exists, skipping download and       recsys_data_set.py:205
                               canonicalization.                                                                        
                      INFO     Making data set implicit with threshold 3.                      feedback_conversion.py:21
                      INFO     Minimum rating: 1                                               feedback_conversion.py:24
                      INFO     Maximum rating: 5                                               feedback_conversion.py:25
                      INFO     Number of interactions before: 100000                           feedback_conversion.py:26
                      INFO     Number of interactions after: 82520                             feedback_conversion.py:44
                      INFO     Pruning data set to 5-core.                                            core_pruning.py:19
                      INFO     Number of interactions before: 82520                                   core_pruning.py:20
                      INFO     Number of interactions after: 81697                                    core_pruning.py:63
[2026/06/29 04:57:04] INFO     Reusing existing env 'LensKit_env' at                                          envs.py:48
                               /home/florian_dueck04/.omnirec/data/envs/LensKit_env                                     
                      INFO     Starting runner...                                                     coordinator.py:272
[2026/06/29 04:57:06] INFO     Runner started with pid: 10645                                         coordinator.py:297
                      INFO     Connecting to runner...                                                coordinator.py:135
                      INFO     Running phase 'Fit' for MovieLens100K/ImplicitMFScorer                 coordinator.py:402
[2026/06/29 04:57:16] INFO     Running phase 'Predict' for MovieLens100K/ImplicitMFScorer             coordinator.py:402
[2026/06/29 04:57:36] INFO     Running phase 'Evaluate' for MovieLens100K/ImplicitMFScorer            coordinator.py:402
[2026/06/29 04:57:42] INFO     MovieLens100K/ImplicitMFScorer done!                                   coordinator.py:373
                      INFO     Stopping runner...                                                     coordinator.py:445
                      INFO     Reusing existing env 'LensKit_env' at                                          envs.py:48
                               /home/florian_dueck04/.omnirec/data/envs/LensKit_env                                     
                      INFO     Starting runner...                                                     coordinator.py:272
[2026/06/29 04:57:47] INFO     Runner started with pid: 10740                                         coordinator.py:297
                      INFO     Connecting to runner...                                                coordinator.py:135
                      INFO     Running phase 'Fit' for MovieLens100K/ItemKNNScorer                    coordinator.py:402
[2026/06/29 04:57:57] INFO     Running phase 'Predict' for MovieLens100K/ItemKNNScorer                coordinator.py:402
[2026/06/29 04:58:08] INFO     Running phase 'Evaluate' for MovieLens100K/ItemKNNScorer               coordinator.py:402
[2026/06/29 04:58:10] INFO     MovieLens100K/ItemKNNScorer done!                                      coordinator.py:373
                      INFO     Stopping runner...                                                     coordinator.py:445
                      INFO     Reusing existing env 'LensKit_env' at                                          envs.py:48
                               /home/florian_dueck04/.omnirec/data/envs/LensKit_env                                     
                      INFO     Starting runner...                                                     coordinator.py:272
[2026/06/29 04:58:12] INFO     Runner started with pid: 10839                                         coordinator.py:297
                      INFO     Connecting to runner...                                                coordinator.py:135
                      INFO     Running phase 'Fit' for MovieLens100K/PopScorer                        coordinator.py:402
[2026/06/29 04:58:22] INFO     Running phase 'Predict' for MovieLens100K/PopScorer                    coordinator.py:402
[2026/06/29 04:58:32] INFO     Running phase 'Evaluate' for MovieLens100K/PopScorer                   coordinator.py:402
[2026/06/29 04:58:35] INFO     MovieLens100K/PopScorer done!                                          coordinator.py:373
                      INFO     Stopping runner...                                                     coordinator.py:445
                                       MovieLens100K-c0b4b14e: Evaluation Results                                       
┏━━━━━━━━━━━━━━━━┳━━━━━━━━━━━━━━━━┳━━━━━━━━━━━━━━━━┳━━━━━━━━━━━━━━━━┳━━━━━━━━━━━━━━━━┳━━━━━━━━━━━━━━━━┳━━━━━━━━━━━━━━━━┓
┃ Algorithm      ┃ NDCG@1         ┃ NDCG@10        ┃ NDCG@5         ┃ Precision@1    ┃ Precision@10   ┃ Precision@5    ┃
┡━━━━━━━━━━━━━━━━╇━━━━━━━━━━━━━━━━╇━━━━━━━━━━━━━━━━╇━━━━━━━━━━━━━━━━╇━━━━━━━━━━━━━━━━╇━━━━━━━━━━━━━━━━╇━━━━━━━━━━━━━━━━┩
│ LensKit.Impli… │ 0.21739130434… │ 0.17711291461… │ 0.18869919378… │ 0.21739130434… │ 0.16861081654… │ 0.18197242841… │
│ LensKit.Impli… │ 0.21845174973… │ 0.18586644380… │ 0.19856243872… │ 0.21845174973… │ 0.17730646871… │ 0.19257688229… │
│ LensKit.ItemK… │ 0.30858960763… │ 0.22721602590… │ 0.26126978431… │ 0.30858960763… │ 0.20572640509… │ 0.24814422057… │
│ LensKit.ItemK… │ 0.31177094379… │ 0.22989677306… │ 0.26072327638… │ 0.31177094379… │ 0.20837751855… │ 0.24496288441… │
│ LensKit.PopSc… │ 0.21739130434… │ 0.15543838106… │ 0.16902823582… │ 0.21739130434… │ 0.14273594909… │ 0.15503711558… │
│ LensKit.PopSc… │ 0.23860021208… │ 0.16335523029… │ 0.17613590329… │ 0.23860021208… │ 0.15100742311… │ 0.16182396606… │
└────────────────┴────────────────┴────────────────┴────────────────┴────────────────┴────────────────┴────────────────┘
{'MovieLens100K-c0b4b14e':                                algorithm  fold       name   k     value
0   LensKit.ImplicitMFScorer-f0dd7ecb-11  None       NDCG   1  0.217391
1   LensKit.ImplicitMFScorer-f0dd7ecb-11  None       NDCG   5  0.188699
2   LensKit.ImplicitMFScorer-f0dd7ecb-11  None       NDCG  10  0.177113
3   LensKit.ImplicitMFScorer-f0dd7ecb-11  None  Precision   1  0.217391
4   LensKit.ImplicitMFScorer-f0dd7ecb-11  None  Precision   5  0.181972
5   LensKit.ImplicitMFScorer-f0dd7ecb-11  None  Precision  10  0.168611
6      LensKit.ItemKNNScorer-c3d66610-11  None       NDCG   1  0.308590
7      LensKit.ItemKNNScorer-c3d66610-11  None       NDCG   5  0.261270
8      LensKit.ItemKNNScorer-c3d66610-11  None       NDCG  10  0.227216
9      LensKit.ItemKNNScorer-c3d66610-11  None  Precision   1  0.308590
10     LensKit.ItemKNNScorer-c3d66610-11  None  Precision   5  0.248144
11     LensKit.ItemKNNScorer-c3d66610-11  None  Precision  10  0.205726
12         LensKit.PopScorer-f4aa5539-11  None       NDCG   1  0.217391
13         LensKit.PopScorer-f4aa5539-11  None       NDCG   5  0.169028
14         LensKit.PopScorer-f4aa5539-11  None       NDCG  10  0.155438
15         LensKit.PopScorer-f4aa5539-11  None  Precision   1  0.217391
16         LensKit.PopScorer-f4aa5539-11  None  Precision   5  0.155037
17         LensKit.PopScorer-f4aa5539-11  None  Precision  10  0.142736
0   LensKit.ImplicitMFScorer-f0dd7ecb-22  None       NDCG   1  0.218452
1   LensKit.ImplicitMFScorer-f0dd7ecb-22  None       NDCG   5  0.198562
2   LensKit.ImplicitMFScorer-f0dd7ecb-22  None       NDCG  10  0.185866
3   LensKit.ImplicitMFScorer-f0dd7ecb-22  None  Precision   1  0.218452
4   LensKit.ImplicitMFScorer-f0dd7ecb-22  None  Precision   5  0.192577
5   LensKit.ImplicitMFScorer-f0dd7ecb-22  None  Precision  10  0.177306
0      LensKit.ItemKNNScorer-c3d66610-22  None       NDCG   1  0.311771
1      LensKit.ItemKNNScorer-c3d66610-22  None       NDCG   5  0.260723
2      LensKit.ItemKNNScorer-c3d66610-22  None       NDCG  10  0.229897
3      LensKit.ItemKNNScorer-c3d66610-22  None  Precision   1  0.311771
4      LensKit.ItemKNNScorer-c3d66610-22  None  Precision   5  0.244963
5      LensKit.ItemKNNScorer-c3d66610-22  None  Precision  10  0.208378
0          LensKit.PopScorer-f4aa5539-22  None       NDCG   1  0.238600
1          LensKit.PopScorer-f4aa5539-22  None       NDCG   5  0.176136
2          LensKit.PopScorer-f4aa5539-22  None       NDCG  10  0.163355
3          LensKit.PopScorer-f4aa5539-22  None  Precision   1  0.238600
4          LensKit.PopScorer-f4aa5539-22  None  Precision   5  0.161824
5          LensKit.PopScorer-f4aa5539-22  None  Precision  10  0.151007}
-- Seed 33
                      INFO     Canonicalized data set already exists, skipping download and       recsys_data_set.py:205
                               canonicalization.                                                                        
                      INFO     Making data set implicit with threshold 3.                      feedback_conversion.py:21
                      INFO     Minimum rating: 1                                               feedback_conversion.py:24
                      INFO     Maximum rating: 5                                               feedback_conversion.py:25
                      INFO     Number of interactions before: 100000                           feedback_conversion.py:26
                      INFO     Number of interactions after: 82520                             feedback_conversion.py:44
                      INFO     Pruning data set to 5-core.                                            core_pruning.py:19
                      INFO     Number of interactions before: 82520                                   core_pruning.py:20
                      INFO     Number of interactions after: 81697                                    core_pruning.py:63
                      INFO     Reusing existing env 'LensKit_env' at                                          envs.py:48
                               /home/florian_dueck04/.omnirec/data/envs/LensKit_env                                     
                      INFO     Starting runner...                                                     coordinator.py:272
[2026/06/29 04:58:38] INFO     Runner started with pid: 10953                                         coordinator.py:297
                      INFO     Connecting to runner...                                                coordinator.py:135
                      INFO     Running phase 'Fit' for MovieLens100K/ImplicitMFScorer                 coordinator.py:402
[2026/06/29 04:58:48] INFO     Running phase 'Predict' for MovieLens100K/ImplicitMFScorer             coordinator.py:402
[2026/06/29 04:59:08] INFO     Running phase 'Evaluate' for MovieLens100K/ImplicitMFScorer            coordinator.py:402
[2026/06/29 04:59:10] INFO     MovieLens100K/ImplicitMFScorer done!                                   coordinator.py:373
                      INFO     Stopping runner...                                                     coordinator.py:445
                      INFO     Reusing existing env 'LensKit_env' at                                          envs.py:48
                               /home/florian_dueck04/.omnirec/data/envs/LensKit_env                                     
                      INFO     Starting runner...                                                     coordinator.py:272
[2026/06/29 04:59:13] INFO     Runner started with pid: 11050                                         coordinator.py:297
                      INFO     Connecting to runner...                                                coordinator.py:135
                      INFO     Running phase 'Fit' for MovieLens100K/ItemKNNScorer                    coordinator.py:402
[2026/06/29 04:59:23] INFO     Running phase 'Predict' for MovieLens100K/ItemKNNScorer                coordinator.py:402
[2026/06/29 04:59:33] INFO     Running phase 'Evaluate' for MovieLens100K/ItemKNNScorer               coordinator.py:402
[2026/06/29 04:59:35] INFO     MovieLens100K/ItemKNNScorer done!                                      coordinator.py:373
                      INFO     Stopping runner...                                                     coordinator.py:445
                      INFO     Reusing existing env 'LensKit_env' at                                          envs.py:48
                               /home/florian_dueck04/.omnirec/data/envs/LensKit_env                                     
                      INFO     Starting runner...                                                     coordinator.py:272
[2026/06/29 04:59:37] INFO     Runner started with pid: 11146                                         coordinator.py:297
[2026/06/29 04:59:38] INFO     Connecting to runner...                                                coordinator.py:135
                      INFO     Running phase 'Fit' for MovieLens100K/PopScorer                        coordinator.py:402
[2026/06/29 04:59:48] INFO     Running phase 'Predict' for MovieLens100K/PopScorer                    coordinator.py:402
[2026/06/29 04:59:58] INFO     Running phase 'Evaluate' for MovieLens100K/PopScorer                   coordinator.py:402
[2026/06/29 05:00:00] INFO     MovieLens100K/PopScorer done!                                          coordinator.py:373
                      INFO     Stopping runner...                                                     coordinator.py:445
                                       MovieLens100K-c0b4b14e: Evaluation Results                                       
┏━━━━━━━━━━━━━━━━┳━━━━━━━━━━━━━━━━┳━━━━━━━━━━━━━━━━┳━━━━━━━━━━━━━━━━┳━━━━━━━━━━━━━━━━┳━━━━━━━━━━━━━━━━┳━━━━━━━━━━━━━━━━┓
┃ Algorithm      ┃ NDCG@1         ┃ NDCG@10        ┃ NDCG@5         ┃ Precision@1    ┃ Precision@10   ┃ Precision@5    ┃
┡━━━━━━━━━━━━━━━━╇━━━━━━━━━━━━━━━━╇━━━━━━━━━━━━━━━━╇━━━━━━━━━━━━━━━━╇━━━━━━━━━━━━━━━━╇━━━━━━━━━━━━━━━━╇━━━━━━━━━━━━━━━━┩
│ LensKit.Impli… │ 0.21739130434… │ 0.17711291461… │ 0.18869919378… │ 0.21739130434… │ 0.16861081654… │ 0.18197242841… │
│ LensKit.Impli… │ 0.21845174973… │ 0.18586644380… │ 0.19856243872… │ 0.21845174973… │ 0.17730646871… │ 0.19257688229… │
│ LensKit.Impli… │ 0.22481442205… │ 0.19299019938… │ 0.20400063714… │ 0.22481442205… │ 0.18451749734… │ 0.19660657476… │
│ LensKit.ItemK… │ 0.30858960763… │ 0.22721602590… │ 0.26126978431… │ 0.30858960763… │ 0.20572640509… │ 0.24814422057… │
│ LensKit.ItemK… │ 0.31177094379… │ 0.22989677306… │ 0.26072327638… │ 0.31177094379… │ 0.20837751855… │ 0.24496288441… │
│ LensKit.ItemK… │ 0.33510074231… │ 0.23550198991… │ 0.26354645456… │ 0.33510074231… │ 0.21463414634… │ 0.24623541887… │
│ LensKit.PopSc… │ 0.21739130434… │ 0.15543838106… │ 0.16902823582… │ 0.21739130434… │ 0.14273594909… │ 0.15503711558… │
│ LensKit.PopSc… │ 0.23860021208… │ 0.16335523029… │ 0.17613590329… │ 0.23860021208… │ 0.15100742311… │ 0.16182396606… │
│ LensKit.PopSc… │ 0.22269353128… │ 0.15437182921… │ 0.16595088256… │ 0.22269353128… │ 0.14178154825… │ 0.15058324496… │
└────────────────┴────────────────┴────────────────┴────────────────┴────────────────┴────────────────┴────────────────┘
{'MovieLens100K-c0b4b14e':                                algorithm  fold       name   k     value
0   LensKit.ImplicitMFScorer-f0dd7ecb-11  None       NDCG   1  0.217391
1   LensKit.ImplicitMFScorer-f0dd7ecb-11  None       NDCG   5  0.188699
2   LensKit.ImplicitMFScorer-f0dd7ecb-11  None       NDCG  10  0.177113
3   LensKit.ImplicitMFScorer-f0dd7ecb-11  None  Precision   1  0.217391
4   LensKit.ImplicitMFScorer-f0dd7ecb-11  None  Precision   5  0.181972
5   LensKit.ImplicitMFScorer-f0dd7ecb-11  None  Precision  10  0.168611
6      LensKit.ItemKNNScorer-c3d66610-11  None       NDCG   1  0.308590
7      LensKit.ItemKNNScorer-c3d66610-11  None       NDCG   5  0.261270
8      LensKit.ItemKNNScorer-c3d66610-11  None       NDCG  10  0.227216
9      LensKit.ItemKNNScorer-c3d66610-11  None  Precision   1  0.308590
10     LensKit.ItemKNNScorer-c3d66610-11  None  Precision   5  0.248144
11     LensKit.ItemKNNScorer-c3d66610-11  None  Precision  10  0.205726
12         LensKit.PopScorer-f4aa5539-11  None       NDCG   1  0.217391
13         LensKit.PopScorer-f4aa5539-11  None       NDCG   5  0.169028
14         LensKit.PopScorer-f4aa5539-11  None       NDCG  10  0.155438
15         LensKit.PopScorer-f4aa5539-11  None  Precision   1  0.217391
16         LensKit.PopScorer-f4aa5539-11  None  Precision   5  0.155037
17         LensKit.PopScorer-f4aa5539-11  None  Precision  10  0.142736
18  LensKit.ImplicitMFScorer-f0dd7ecb-22  None       NDCG   1  0.218452
19  LensKit.ImplicitMFScorer-f0dd7ecb-22  None       NDCG   5  0.198562
20  LensKit.ImplicitMFScorer-f0dd7ecb-22  None       NDCG  10  0.185866
21  LensKit.ImplicitMFScorer-f0dd7ecb-22  None  Precision   1  0.218452
22  LensKit.ImplicitMFScorer-f0dd7ecb-22  None  Precision   5  0.192577
23  LensKit.ImplicitMFScorer-f0dd7ecb-22  None  Precision  10  0.177306
24     LensKit.ItemKNNScorer-c3d66610-22  None       NDCG   1  0.311771
25     LensKit.ItemKNNScorer-c3d66610-22  None       NDCG   5  0.260723
26     LensKit.ItemKNNScorer-c3d66610-22  None       NDCG  10  0.229897
27     LensKit.ItemKNNScorer-c3d66610-22  None  Precision   1  0.311771
28     LensKit.ItemKNNScorer-c3d66610-22  None  Precision   5  0.244963
29     LensKit.ItemKNNScorer-c3d66610-22  None  Precision  10  0.208378
30         LensKit.PopScorer-f4aa5539-22  None       NDCG   1  0.238600
31         LensKit.PopScorer-f4aa5539-22  None       NDCG   5  0.176136
32         LensKit.PopScorer-f4aa5539-22  None       NDCG  10  0.163355
33         LensKit.PopScorer-f4aa5539-22  None  Precision   1  0.238600
34         LensKit.PopScorer-f4aa5539-22  None  Precision   5  0.161824
35         LensKit.PopScorer-f4aa5539-22  None  Precision  10  0.151007
0   LensKit.ImplicitMFScorer-f0dd7ecb-33  None       NDCG   1  0.224814
1   LensKit.ImplicitMFScorer-f0dd7ecb-33  None       NDCG   5  0.204001
2   LensKit.ImplicitMFScorer-f0dd7ecb-33  None       NDCG  10  0.192990
3   LensKit.ImplicitMFScorer-f0dd7ecb-33  None  Precision   1  0.224814
4   LensKit.ImplicitMFScorer-f0dd7ecb-33  None  Precision   5  0.196607
5   LensKit.ImplicitMFScorer-f0dd7ecb-33  None  Precision  10  0.184517
0      LensKit.ItemKNNScorer-c3d66610-33  None       NDCG   1  0.335101
1      LensKit.ItemKNNScorer-c3d66610-33  None       NDCG   5  0.263546
2      LensKit.ItemKNNScorer-c3d66610-33  None       NDCG  10  0.235502
3      LensKit.ItemKNNScorer-c3d66610-33  None  Precision   1  0.335101
4      LensKit.ItemKNNScorer-c3d66610-33  None  Precision   5  0.246235
5      LensKit.ItemKNNScorer-c3d66610-33  None  Precision  10  0.214634
0          LensKit.PopScorer-f4aa5539-33  None       NDCG   1  0.222694
1          LensKit.PopScorer-f4aa5539-33  None       NDCG   5  0.165951
2          LensKit.PopScorer-f4aa5539-33  None       NDCG  10  0.154372
3          LensKit.PopScorer-f4aa5539-33  None  Precision   1  0.222694
4          LensKit.PopScorer-f4aa5539-33  None  Precision   5  0.150583
5          LensKit.PopScorer-f4aa5539-33  None  Precision  10  0.141782}
-- Seed 44
                      INFO     Canonicalized data set already exists, skipping download and       recsys_data_set.py:205
                               canonicalization.                                                                        
                      INFO     Making data set implicit with threshold 3.                      feedback_conversion.py:21
                      INFO     Minimum rating: 1                                               feedback_conversion.py:24
                      INFO     Maximum rating: 5                                               feedback_conversion.py:25
                      INFO     Number of interactions before: 100000                           feedback_conversion.py:26
                      INFO     Number of interactions after: 82520                             feedback_conversion.py:44
                      INFO     Pruning data set to 5-core.                                            core_pruning.py:19
                      INFO     Number of interactions before: 82520                                   core_pruning.py:20
                      INFO     Number of interactions after: 81697                                    core_pruning.py:63
[2026/06/29 05:00:01] INFO     Reusing existing env 'LensKit_env' at                                          envs.py:48
                               /home/florian_dueck04/.omnirec/data/envs/LensKit_env                                     
                      INFO     Starting runner...                                                     coordinator.py:272
[2026/06/29 05:00:03] INFO     Runner started with pid: 11232                                         coordinator.py:297
                      INFO     Connecting to runner...                                                coordinator.py:135
                      INFO     Running phase 'Fit' for MovieLens100K/ImplicitMFScorer                 coordinator.py:402
[2026/06/29 05:00:13] INFO     Running phase 'Predict' for MovieLens100K/ImplicitMFScorer             coordinator.py:402
[2026/06/29 05:00:33] INFO     Running phase 'Evaluate' for MovieLens100K/ImplicitMFScorer            coordinator.py:402
[2026/06/29 05:00:36] INFO     MovieLens100K/ImplicitMFScorer done!                                   coordinator.py:373
                      INFO     Stopping runner...                                                     coordinator.py:445
                      INFO     Reusing existing env 'LensKit_env' at                                          envs.py:48
                               /home/florian_dueck04/.omnirec/data/envs/LensKit_env                                     
                      INFO     Starting runner...                                                     coordinator.py:272
[2026/06/29 05:00:38] INFO     Runner started with pid: 11331                                         coordinator.py:297
                      INFO     Connecting to runner...                                                coordinator.py:135
                      INFO     Running phase 'Fit' for MovieLens100K/ItemKNNScorer                    coordinator.py:402
[2026/06/29 05:00:48] INFO     Running phase 'Predict' for MovieLens100K/ItemKNNScorer                coordinator.py:402
[2026/06/29 05:00:58] INFO     Running phase 'Evaluate' for MovieLens100K/ItemKNNScorer               coordinator.py:402
[2026/06/29 05:01:01] INFO     MovieLens100K/ItemKNNScorer done!                                      coordinator.py:373
                      INFO     Stopping runner...                                                     coordinator.py:445
                      INFO     Reusing existing env 'LensKit_env' at                                          envs.py:48
                               /home/florian_dueck04/.omnirec/data/envs/LensKit_env                                     
                      INFO     Starting runner...                                                     coordinator.py:272
[2026/06/29 05:01:03] INFO     Runner started with pid: 11425                                         coordinator.py:297
                      INFO     Connecting to runner...                                                coordinator.py:135
                      INFO     Running phase 'Fit' for MovieLens100K/PopScorer                        coordinator.py:402
[2026/06/29 05:01:13] INFO     Running phase 'Predict' for MovieLens100K/PopScorer                    coordinator.py:402
[2026/06/29 05:01:23] INFO     Running phase 'Evaluate' for MovieLens100K/PopScorer                   coordinator.py:402
[2026/06/29 05:01:26] INFO     MovieLens100K/PopScorer done!                                          coordinator.py:373
                      INFO     Stopping runner...                                                     coordinator.py:445
                                       MovieLens100K-c0b4b14e: Evaluation Results                                       
┏━━━━━━━━━━━━━━━━┳━━━━━━━━━━━━━━━━┳━━━━━━━━━━━━━━━━┳━━━━━━━━━━━━━━━━┳━━━━━━━━━━━━━━━━┳━━━━━━━━━━━━━━━━┳━━━━━━━━━━━━━━━━┓
┃ Algorithm      ┃ NDCG@1         ┃ NDCG@10        ┃ NDCG@5         ┃ Precision@1    ┃ Precision@10   ┃ Precision@5    ┃
┡━━━━━━━━━━━━━━━━╇━━━━━━━━━━━━━━━━╇━━━━━━━━━━━━━━━━╇━━━━━━━━━━━━━━━━╇━━━━━━━━━━━━━━━━╇━━━━━━━━━━━━━━━━╇━━━━━━━━━━━━━━━━┩
│ LensKit.Impli… │ 0.21739130434… │ 0.17711291461… │ 0.18869919378… │ 0.21739130434… │ 0.16861081654… │ 0.18197242841… │
│ LensKit.Impli… │ 0.21845174973… │ 0.18586644380… │ 0.19856243872… │ 0.21845174973… │ 0.17730646871… │ 0.19257688229… │
│ LensKit.Impli… │ 0.22481442205… │ 0.19299019938… │ 0.20400063714… │ 0.22481442205… │ 0.18451749734… │ 0.19660657476… │
│ LensKit.Impli… │ 0.22481442205… │ 0.18229935491… │ 0.19763743283… │ 0.22481442205… │ 0.17306468716… │ 0.19257688229… │
│ LensKit.ItemK… │ 0.30858960763… │ 0.22721602590… │ 0.26126978431… │ 0.30858960763… │ 0.20572640509… │ 0.24814422057… │
│ LensKit.ItemK… │ 0.31177094379… │ 0.22989677306… │ 0.26072327638… │ 0.31177094379… │ 0.20837751855… │ 0.24496288441… │
│ LensKit.ItemK… │ 0.33510074231… │ 0.23550198991… │ 0.26354645456… │ 0.33510074231… │ 0.21463414634… │ 0.24623541887… │
│ LensKit.ItemK… │ 0.33828207847… │ 0.24187563759… │ 0.28632182802… │ 0.33828207847… │ 0.21346765641… │ 0.26850477200… │
│ LensKit.PopSc… │ 0.21739130434… │ 0.15543838106… │ 0.16902823582… │ 0.21739130434… │ 0.14273594909… │ 0.15503711558… │
│ LensKit.PopSc… │ 0.23860021208… │ 0.16335523029… │ 0.17613590329… │ 0.23860021208… │ 0.15100742311… │ 0.16182396606… │
│ LensKit.PopSc… │ 0.22269353128… │ 0.15437182921… │ 0.16595088256… │ 0.22269353128… │ 0.14178154825… │ 0.15058324496… │
│ LensKit.PopSc… │ 0.20784729586… │ 0.15619518987… │ 0.16689151706… │ 0.20784729586… │ 0.14612937433… │ 0.15567338282… │
└────────────────┴────────────────┴────────────────┴────────────────┴────────────────┴────────────────┴────────────────┘
{'MovieLens100K-c0b4b14e':                                algorithm  fold       name   k     value
0   LensKit.ImplicitMFScorer-f0dd7ecb-11  None       NDCG   1  0.217391
1   LensKit.ImplicitMFScorer-f0dd7ecb-11  None       NDCG   5  0.188699
2   LensKit.ImplicitMFScorer-f0dd7ecb-11  None       NDCG  10  0.177113
3   LensKit.ImplicitMFScorer-f0dd7ecb-11  None  Precision   1  0.217391
4   LensKit.ImplicitMFScorer-f0dd7ecb-11  None  Precision   5  0.181972
..                                   ...   ...        ...  ..       ...
1          LensKit.PopScorer-f4aa5539-44  None       NDCG   5  0.166892
2          LensKit.PopScorer-f4aa5539-44  None       NDCG  10  0.156195
3          LensKit.PopScorer-f4aa5539-44  None  Precision   1  0.207847
4          LensKit.PopScorer-f4aa5539-44  None  Precision   5  0.155673
5          LensKit.PopScorer-f4aa5539-44  None  Precision  10  0.146129

[72 rows x 5 columns]}
-- Seed 55
                      INFO     Canonicalized data set already exists, skipping download and       recsys_data_set.py:205
                               canonicalization.                                                                        
                      INFO     Making data set implicit with threshold 3.                      feedback_conversion.py:21
                      INFO     Minimum rating: 1                                               feedback_conversion.py:24
                      INFO     Maximum rating: 5                                               feedback_conversion.py:25
                      INFO     Number of interactions before: 100000                           feedback_conversion.py:26
                      INFO     Number of interactions after: 82520                             feedback_conversion.py:44
                      INFO     Pruning data set to 5-core.                                            core_pruning.py:19
                      INFO     Number of interactions before: 82520                                   core_pruning.py:20
                      INFO     Number of interactions after: 81697                                    core_pruning.py:63
                      INFO     Reusing existing env 'LensKit_env' at                                          envs.py:48
                               /home/florian_dueck04/.omnirec/data/envs/LensKit_env                                     
                      INFO     Starting runner...                                                     coordinator.py:272
[2026/06/29 05:01:29] INFO     Runner started with pid: 11514                                         coordinator.py:297
                      INFO     Connecting to runner...                                                coordinator.py:135
                      INFO     Running phase 'Fit' for MovieLens100K/ImplicitMFScorer                 coordinator.py:402
[2026/06/29 05:01:39] INFO     Running phase 'Predict' for MovieLens100K/ImplicitMFScorer             coordinator.py:402
[2026/06/29 05:01:59] INFO     Running phase 'Evaluate' for MovieLens100K/ImplicitMFScorer            coordinator.py:402
[2026/06/29 05:02:01] INFO     MovieLens100K/ImplicitMFScorer done!                                   coordinator.py:373
                      INFO     Stopping runner...                                                     coordinator.py:445
                      INFO     Reusing existing env 'LensKit_env' at                                          envs.py:48
                               /home/florian_dueck04/.omnirec/data/envs/LensKit_env                                     
                      INFO     Starting runner...                                                     coordinator.py:272
[2026/06/29 05:02:04] INFO     Runner started with pid: 11606                                         coordinator.py:297
                      INFO     Connecting to runner...                                                coordinator.py:135
                      INFO     Running phase 'Fit' for MovieLens100K/ItemKNNScorer                    coordinator.py:402
[2026/06/29 05:02:14] INFO     Running phase 'Predict' for MovieLens100K/ItemKNNScorer                coordinator.py:402
[2026/06/29 05:02:24] INFO     Running phase 'Evaluate' for MovieLens100K/ItemKNNScorer               coordinator.py:402
[2026/06/29 05:02:26] INFO     MovieLens100K/ItemKNNScorer done!                                      coordinator.py:373
                      INFO     Stopping runner...                                                     coordinator.py:445
                      INFO     Reusing existing env 'LensKit_env' at                                          envs.py:48
                               /home/florian_dueck04/.omnirec/data/envs/LensKit_env                                     
                      INFO     Starting runner...                                                     coordinator.py:272
[2026/06/29 05:02:29] INFO     Runner started with pid: 11707                                         coordinator.py:297
                      INFO     Connecting to runner...                                                coordinator.py:135
                      INFO     Running phase 'Fit' for MovieLens100K/PopScorer                        coordinator.py:402
[2026/06/29 05:02:39] INFO     Running phase 'Predict' for MovieLens100K/PopScorer                    coordinator.py:402
[2026/06/29 05:02:49] INFO     Running phase 'Evaluate' for MovieLens100K/PopScorer                   coordinator.py:402
[2026/06/29 05:02:51] INFO     MovieLens100K/PopScorer done!                                          coordinator.py:373
                      INFO     Stopping runner...                                                     coordinator.py:445
                                       MovieLens100K-c0b4b14e: Evaluation Results                                       
┏━━━━━━━━━━━━━━━━┳━━━━━━━━━━━━━━━━┳━━━━━━━━━━━━━━━━┳━━━━━━━━━━━━━━━━┳━━━━━━━━━━━━━━━━┳━━━━━━━━━━━━━━━━┳━━━━━━━━━━━━━━━━┓
┃ Algorithm      ┃ NDCG@1         ┃ NDCG@10        ┃ NDCG@5         ┃ Precision@1    ┃ Precision@10   ┃ Precision@5    ┃
┡━━━━━━━━━━━━━━━━╇━━━━━━━━━━━━━━━━╇━━━━━━━━━━━━━━━━╇━━━━━━━━━━━━━━━━╇━━━━━━━━━━━━━━━━╇━━━━━━━━━━━━━━━━╇━━━━━━━━━━━━━━━━┩
│ LensKit.Impli… │ 0.21739130434… │ 0.17711291461… │ 0.18869919378… │ 0.21739130434… │ 0.16861081654… │ 0.18197242841… │
│ LensKit.Impli… │ 0.21845174973… │ 0.18586644380… │ 0.19856243872… │ 0.21845174973… │ 0.17730646871… │ 0.19257688229… │
│ LensKit.Impli… │ 0.22481442205… │ 0.19299019938… │ 0.20400063714… │ 0.22481442205… │ 0.18451749734… │ 0.19660657476… │
│ LensKit.Impli… │ 0.22481442205… │ 0.18229935491… │ 0.19763743283… │ 0.22481442205… │ 0.17306468716… │ 0.19257688229… │
│ LensKit.Impli… │ 0.19936373276… │ 0.17947550541… │ 0.19265018154… │ 0.19936373276… │ 0.17285259809… │ 0.19088016967… │
│ LensKit.ItemK… │ 0.30858960763… │ 0.22721602590… │ 0.26126978431… │ 0.30858960763… │ 0.20572640509… │ 0.24814422057… │
│ LensKit.ItemK… │ 0.31177094379… │ 0.22989677306… │ 0.26072327638… │ 0.31177094379… │ 0.20837751855… │ 0.24496288441… │
│ LensKit.ItemK… │ 0.33510074231… │ 0.23550198991… │ 0.26354645456… │ 0.33510074231… │ 0.21463414634… │ 0.24623541887… │
│ LensKit.ItemK… │ 0.33828207847… │ 0.24187563759… │ 0.28632182802… │ 0.33828207847… │ 0.21346765641… │ 0.26850477200… │
│ LensKit.ItemK… │ 0.32873806998… │ 0.23046024493… │ 0.26515042983… │ 0.32873806998… │ 0.20625662778… │ 0.24750795334… │
│ LensKit.PopSc… │ 0.21739130434… │ 0.15543838106… │ 0.16902823582… │ 0.21739130434… │ 0.14273594909… │ 0.15503711558… │
│ LensKit.PopSc… │ 0.23860021208… │ 0.16335523029… │ 0.17613590329… │ 0.23860021208… │ 0.15100742311… │ 0.16182396606… │
│ LensKit.PopSc… │ 0.22269353128… │ 0.15437182921… │ 0.16595088256… │ 0.22269353128… │ 0.14178154825… │ 0.15058324496… │
│ LensKit.PopSc… │ 0.20784729586… │ 0.15619518987… │ 0.16689151706… │ 0.20784729586… │ 0.14612937433… │ 0.15567338282… │
│ LensKit.PopSc… │ 0.23435843054… │ 0.15783288049… │ 0.17160685629… │ 0.23435843054… │ 0.14559915164… │ 0.15843054082… │
└────────────────┴────────────────┴────────────────┴────────────────┴────────────────┴────────────────┴────────────────┘
{'MovieLens100K-c0b4b14e':                                algorithm  fold       name   k     value
0   LensKit.ImplicitMFScorer-f0dd7ecb-11  None       NDCG   1  0.217391
1   LensKit.ImplicitMFScorer-f0dd7ecb-11  None       NDCG   5  0.188699
2   LensKit.ImplicitMFScorer-f0dd7ecb-11  None       NDCG  10  0.177113
3   LensKit.ImplicitMFScorer-f0dd7ecb-11  None  Precision   1  0.217391
4   LensKit.ImplicitMFScorer-f0dd7ecb-11  None  Precision   5  0.181972
..                                   ...   ...        ...  ..       ...
1          LensKit.PopScorer-f4aa5539-55  None       NDCG   5  0.171607
2          LensKit.PopScorer-f4aa5539-55  None       NDCG  10  0.157833
3          LensKit.PopScorer-f4aa5539-55  None  Precision   1  0.234358
4          LensKit.PopScorer-f4aa5539-55  None  Precision   5  0.158431
5          LensKit.PopScorer-f4aa5539-55  None  Precision  10  0.145599

[90 rows x 5 columns]}

=== Dataset: Amazon2014VideoGames ===
-- Seed 11
                      INFO     Canonicalized data set already exists, skipping download and       recsys_data_set.py:205
                               canonicalization.                                                                        
                      INFO     Making data set implicit with threshold 3.                      feedback_conversion.py:21
                      INFO     Minimum rating: 1.0                                             feedback_conversion.py:24
                      INFO     Maximum rating: 5.0                                             feedback_conversion.py:25
                      INFO     Number of interactions before: 1324753                          feedback_conversion.py:26
                      INFO     Number of interactions after: 1094400                           feedback_conversion.py:44
                      INFO     Pruning data set to 5-core.                                            core_pruning.py:19
                      INFO     Number of interactions before: 1094400                                 core_pruning.py:20
[2026/06/29 05:02:53] INFO     Number of interactions after: 177572                                   core_pruning.py:63
[2026/06/29 05:03:04] INFO     Reusing existing env 'LensKit_env' at                                          envs.py:48
                               /home/florian_dueck04/.omnirec/data/envs/LensKit_env                                     
                      INFO     Starting runner...                                                     coordinator.py:272
[2026/06/29 05:03:07] INFO     Runner started with pid: 11796                                         coordinator.py:297
                      INFO     Connecting to runner...                                                coordinator.py:135
                      INFO     Running phase 'Fit' for Amazon2014VideoGames/ImplicitMFScorer          coordinator.py:402
[2026/06/29 05:03:37] INFO     Running phase 'Predict' for Amazon2014VideoGames/ImplicitMFScorer      coordinator.py:402
Traceback (most recent call last):
  File "/home/florian_dueck04/AutoRecLab-group4/.venv/lib/python3.12/site-packages/omnirec/runner/coordinator.py", line 212, in run
    self.run_split(
  File "/home/florian_dueck04/AutoRecLab-group4/.venv/lib/python3.12/site-packages/omnirec/runner/coordinator.py", line 354, in run_split
    self.wait_for_job(root._predict, root)
  File "/home/florian_dueck04/AutoRecLab-group4/.venv/lib/python3.12/site-packages/omnirec/runner/coordinator.py", line 385, in wait_for_job
    state = root._status(job_id)
            ^^^^^^^^^^^^^^^^^^^^
  File "/home/florian_dueck04/AutoRecLab-group4/.venv/lib/python3.12/site-packages/rpyc/core/netref.py", line 239, in __call__
    return syncreq(_self, consts.HANDLE_CALL, args, kwargs)
           ^^^^^^^^^^^^^^^^^^^^^^^^^^^^^^^^^^^^^^^^^^^^^^^^
  File "/home/florian_dueck04/AutoRecLab-group4/.venv/lib/python3.12/site-packages/rpyc/core/netref.py", line 63, in syncreq
    return conn.sync_request(handler, proxy, *args)
           ^^^^^^^^^^^^^^^^^^^^^^^^^^^^^^^^^^^^^^^^
  File "/home/florian_dueck04/AutoRecLab-group4/.venv/lib/python3.12/site-packages/rpyc/core/protocol.py", line 744, in sync_request
    return _async_res.value
           ^^^^^^^^^^^^^^^^
  File "/home/florian_dueck04/AutoRecLab-group4/.venv/lib/python3.12/site-packages/rpyc/core/async_.py", line 111, in value
    raise self._obj
rpyc.core.vinegar/concurrent.futures.process._get_exception_class.<locals>.Derived: A process in the process pool was terminated abruptly while the future was running or pending.

========= Remote Traceback (1) =========
Traceback (most recent call last):
  File "/home/florian_dueck04/.omnirec/data/envs/LensKit_env/lib/python3.11/site-packages/rpyc/core/protocol.py", line 369, in _dispatch_request
    res = self._HANDLERS[handler](self, *args)
          ^^^^^^^^^^^^^^^^^^^^^^^^^^^^^^^^^^^^
  File "/home/florian_dueck04/.omnirec/data/envs/LensKit_env/lib/python3.11/site-packages/rpyc/core/protocol.py", line 863, in _handle_call
    return obj(*args, **dict(kwargs))
           ^^^^^^^^^^^^^^^^^^^^^^^^^^
  File "/home/florian_dueck04/.omnirec/data/envs/LensKit_env/lib/python3.11/site-packages/omnirec_runner/runner.py", line 143, in _status
    raise exc
concurrent.futures.process.BrokenProcessPool: A process in the process pool was terminated abruptly while the future was running or pending.

[2026/06/29 05:08:27] CRITICAL Stopping runner...                                                     coordinator.py:445
                      INFO     Reusing existing env 'LensKit_env' at                                          envs.py:48
                               /home/florian_dueck04/.omnirec/data/envs/LensKit_env                                     
                      INFO     Starting runner...                                                     coordinator.py:272
[2026/06/29 05:08:39] INFO     Runner started with pid: 11996                                         coordinator.py:297
                      INFO     Connecting to runner...                                                coordinator.py:135
                      INFO     Running phase 'Fit' for Amazon2014VideoGames/ItemKNNScorer             coordinator.py:402
[2026/06/29 05:08:49] INFO     Running phase 'Predict' for Amazon2014VideoGames/ItemKNNScorer         coordinator.py:402
[2026/06/29 05:09:59] INFO     Running phase 'Evaluate' for Amazon2014VideoGames/ItemKNNScorer        coordinator.py:402
[2026/06/29 05:11:01] INFO     Amazon2014VideoGames/ItemKNNScorer done!                               coordinator.py:373
                      CRITICAL Stopping runner...                                                     coordinator.py:445
                      INFO     Reusing existing env 'LensKit_env' at                                          envs.py:48
                               /home/florian_dueck04/.omnirec/data/envs/LensKit_env                                     
                      INFO     Starting runner...                                                     coordinator.py:272
[2026/06/29 05:11:03] INFO     Runner started with pid: 12128                                         coordinator.py:297
                      INFO     Connecting to runner...                                                coordinator.py:135
[2026/06/29 05:11:04] INFO     Running phase 'Fit' for Amazon2014VideoGames/PopScorer                 coordinator.py:402
[2026/06/29 05:11:14] INFO     Running phase 'Predict' for Amazon2014VideoGames/PopScorer             coordinator.py:402
Traceback (most recent call last):
  File "/home/florian_dueck04/AutoRecLab-group4/.venv/lib/python3.12/site-packages/omnirec/runner/coordinator.py", line 212, in run
    self.run_split(
  File "/home/florian_dueck04/AutoRecLab-group4/.venv/lib/python3.12/site-packages/omnirec/runner/coordinator.py", line 354, in run_split
    self.wait_for_job(root._predict, root)
  File "/home/florian_dueck04/AutoRecLab-group4/.venv/lib/python3.12/site-packages/omnirec/runner/coordinator.py", line 385, in wait_for_job
    state = root._status(job_id)
            ^^^^^^^^^^^^^^^^^^^^
  File "/home/florian_dueck04/AutoRecLab-group4/.venv/lib/python3.12/site-packages/rpyc/core/netref.py", line 239, in __call__
    return syncreq(_self, consts.HANDLE_CALL, args, kwargs)
           ^^^^^^^^^^^^^^^^^^^^^^^^^^^^^^^^^^^^^^^^^^^^^^^^
  File "/home/florian_dueck04/AutoRecLab-group4/.venv/lib/python3.12/site-packages/rpyc/core/netref.py", line 63, in syncreq
    return conn.sync_request(handler, proxy, *args)
           ^^^^^^^^^^^^^^^^^^^^^^^^^^^^^^^^^^^^^^^^
  File "/home/florian_dueck04/AutoRecLab-group4/.venv/lib/python3.12/site-packages/rpyc/core/protocol.py", line 744, in sync_request
    return _async_res.value
           ^^^^^^^^^^^^^^^^
  File "/home/florian_dueck04/AutoRecLab-group4/.venv/lib/python3.12/site-packages/rpyc/core/async_.py", line 111, in value
    raise self._obj
rpyc.core.vinegar/concurrent.futures.process._get_exception_class.<locals>.Derived: A process in the process pool was terminated abruptly while the future was running or pending.

========= Remote Traceback (1) =========
Traceback (most recent call last):
  File "/home/florian_dueck04/.omnirec/data/envs/LensKit_env/lib/python3.11/site-packages/rpyc/core/protocol.py", line 369, in _dispatch_request
    res = self._HANDLERS[handler](self, *args)
          ^^^^^^^^^^^^^^^^^^^^^^^^^^^^^^^^^^^^
  File "/home/florian_dueck04/.omnirec/data/envs/LensKit_env/lib/python3.11/site-packages/rpyc/core/protocol.py", line 863, in _handle_call
    return obj(*args, **dict(kwargs))
           ^^^^^^^^^^^^^^^^^^^^^^^^^^
  File "/home/florian_dueck04/.omnirec/data/envs/LensKit_env/lib/python3.11/site-packages/omnirec_runner/runner.py", line 143, in _status
    raise exc
concurrent.futures.process.BrokenProcessPool: A process in the process pool was terminated abruptly while the future was running or pending.

[2026/06/29 05:15:35] CRITICAL Stopping runner...                                                     coordinator.py:445
                                       MovieLens100K-c0b4b14e: Evaluation Results                                       
┏━━━━━━━━━━━━━━━━┳━━━━━━━━━━━━━━━━┳━━━━━━━━━━━━━━━━┳━━━━━━━━━━━━━━━━┳━━━━━━━━━━━━━━━━┳━━━━━━━━━━━━━━━━┳━━━━━━━━━━━━━━━━┓
┃ Algorithm      ┃ NDCG@1         ┃ NDCG@10        ┃ NDCG@5         ┃ Precision@1    ┃ Precision@10   ┃ Precision@5    ┃
┡━━━━━━━━━━━━━━━━╇━━━━━━━━━━━━━━━━╇━━━━━━━━━━━━━━━━╇━━━━━━━━━━━━━━━━╇━━━━━━━━━━━━━━━━╇━━━━━━━━━━━━━━━━╇━━━━━━━━━━━━━━━━┩
│ LensKit.Impli… │ 0.21739130434… │ 0.17711291461… │ 0.18869919378… │ 0.21739130434… │ 0.16861081654… │ 0.18197242841… │
│ LensKit.Impli… │ 0.21845174973… │ 0.18586644380… │ 0.19856243872… │ 0.21845174973… │ 0.17730646871… │ 0.19257688229… │
│ LensKit.Impli… │ 0.22481442205… │ 0.19299019938… │ 0.20400063714… │ 0.22481442205… │ 0.18451749734… │ 0.19660657476… │
│ LensKit.Impli… │ 0.22481442205… │ 0.18229935491… │ 0.19763743283… │ 0.22481442205… │ 0.17306468716… │ 0.19257688229… │
│ LensKit.Impli… │ 0.19936373276… │ 0.17947550541… │ 0.19265018154… │ 0.19936373276… │ 0.17285259809… │ 0.19088016967… │
│ LensKit.ItemK… │ 0.30858960763… │ 0.22721602590… │ 0.26126978431… │ 0.30858960763… │ 0.20572640509… │ 0.24814422057… │
│ LensKit.ItemK… │ 0.31177094379… │ 0.22989677306… │ 0.26072327638… │ 0.31177094379… │ 0.20837751855… │ 0.24496288441… │
│ LensKit.ItemK… │ 0.33510074231… │ 0.23550198991… │ 0.26354645456… │ 0.33510074231… │ 0.21463414634… │ 0.24623541887… │
│ LensKit.ItemK… │ 0.33828207847… │ 0.24187563759… │ 0.28632182802… │ 0.33828207847… │ 0.21346765641… │ 0.26850477200… │
│ LensKit.ItemK… │ 0.32873806998… │ 0.23046024493… │ 0.26515042983… │ 0.32873806998… │ 0.20625662778… │ 0.24750795334… │
│ LensKit.PopSc… │ 0.21739130434… │ 0.15543838106… │ 0.16902823582… │ 0.21739130434… │ 0.14273594909… │ 0.15503711558… │
│ LensKit.PopSc… │ 0.23860021208… │ 0.16335523029… │ 0.17613590329… │ 0.23860021208… │ 0.15100742311… │ 0.16182396606… │
│ LensKit.PopSc… │ 0.22269353128… │ 0.15437182921… │ 0.16595088256… │ 0.22269353128… │ 0.14178154825… │ 0.15058324496… │
│ LensKit.PopSc… │ 0.20784729586… │ 0.15619518987… │ 0.16689151706… │ 0.20784729586… │ 0.14612937433… │ 0.15567338282… │
│ LensKit.PopSc… │ 0.23435843054… │ 0.15783288049… │ 0.17160685629… │ 0.23435843054… │ 0.14559915164… │ 0.15843054082… │
└────────────────┴────────────────┴────────────────┴────────────────┴────────────────┴────────────────┴────────────────┘
                                   Amazon2014VideoGames-774b8a2c: Evaluation Results                                    
┏━━━━━━━━━━━━━━━━┳━━━━━━━━━━━━━━━━┳━━━━━━━━━━━━━━━━┳━━━━━━━━━━━━━━━━┳━━━━━━━━━━━━━━━━┳━━━━━━━━━━━━━━━━┳━━━━━━━━━━━━━━━━┓
┃ Algorithm      ┃ NDCG@1         ┃ NDCG@10        ┃ NDCG@5         ┃ Precision@1    ┃ Precision@10   ┃ Precision@5    ┃
┡━━━━━━━━━━━━━━━━╇━━━━━━━━━━━━━━━━╇━━━━━━━━━━━━━━━━╇━━━━━━━━━━━━━━━━╇━━━━━━━━━━━━━━━━╇━━━━━━━━━━━━━━━━╇━━━━━━━━━━━━━━━━┩
│ LensKit.ItemK… │ 0.02508903417… │ 0.01670547592… │ 0.01981671886… │ 0.02508903417… │ 0.01451655769… │ 0.01815765693… │
└────────────────┴────────────────┴────────────────┴────────────────┴────────────────┴────────────────┴────────────────┘
{'MovieLens100K-c0b4b14e':                                algorithm  fold       name   k     value
0   LensKit.ImplicitMFScorer-f0dd7ecb-11  None       NDCG   1  0.217391
1   LensKit.ImplicitMFScorer-f0dd7ecb-11  None       NDCG   5  0.188699
2   LensKit.ImplicitMFScorer-f0dd7ecb-11  None       NDCG  10  0.177113
3   LensKit.ImplicitMFScorer-f0dd7ecb-11  None  Precision   1  0.217391
4   LensKit.ImplicitMFScorer-f0dd7ecb-11  None  Precision   5  0.181972
..                                   ...   ...        ...  ..       ...
85         LensKit.PopScorer-f4aa5539-55  None       NDCG   5  0.171607
86         LensKit.PopScorer-f4aa5539-55  None       NDCG  10  0.157833
87         LensKit.PopScorer-f4aa5539-55  None  Precision   1  0.234358
88         LensKit.PopScorer-f4aa5539-55  None  Precision   5  0.158431
89         LensKit.PopScorer-f4aa5539-55  None  Precision  10  0.145599

[90 rows x 5 columns], 'Amazon2014VideoGames-774b8a2c':                            algorithm  fold       name   k     value
0  LensKit.ItemKNNScorer-c3d66610-11  None       NDCG   1  0.025089
1  LensKit.ItemKNNScorer-c3d66610-11  None       NDCG   5  0.019817
2  LensKit.ItemKNNScorer-c3d66610-11  None       NDCG  10  0.016705
3  LensKit.ItemKNNScorer-c3d66610-11  None  Precision   1  0.025089
4  LensKit.ItemKNNScorer-c3d66610-11  None  Precision   5  0.018158
5  LensKit.ItemKNNScorer-c3d66610-11  None  Precision  10  0.014517}
-- Seed 22
                      INFO     Canonicalized data set already exists, skipping download and       recsys_data_set.py:205
                               canonicalization.                                                                        
[2026/06/29 05:15:36] INFO     Making data set implicit with threshold 3.                      feedback_conversion.py:21
                      INFO     Minimum rating: 1.0                                             feedback_conversion.py:24
                      INFO     Maximum rating: 5.0                                             feedback_conversion.py:25
                      INFO     Number of interactions before: 1324753                          feedback_conversion.py:26
                      INFO     Number of interactions after: 1094400                           feedback_conversion.py:44
                      INFO     Pruning data set to 5-core.                                            core_pruning.py:19
                      INFO     Number of interactions before: 1094400                                 core_pruning.py:20
[2026/06/29 05:15:37] INFO     Number of interactions after: 177572                                   core_pruning.py:63
[2026/06/29 05:15:49] INFO     Reusing existing env 'LensKit_env' at                                          envs.py:48
                               /home/florian_dueck04/.omnirec/data/envs/LensKit_env                                     
                      INFO     Starting runner...                                                     coordinator.py:272
[2026/06/29 05:15:59] INFO     Runner started with pid: 12362                                         coordinator.py:297
                      INFO     Connecting to runner...                                                coordinator.py:135
[2026/06/29 05:16:00] INFO     Running phase 'Fit' for Amazon2014VideoGames/ImplicitMFScorer          coordinator.py:402
[2026/06/29 05:16:30] INFO     Running phase 'Predict' for Amazon2014VideoGames/ImplicitMFScorer      coordinator.py:402
Traceback (most recent call last):
  File "/home/florian_dueck04/AutoRecLab-group4/.venv/lib/python3.12/site-packages/omnirec/runner/coordinator.py", line 212, in run
    self.run_split(
  File "/home/florian_dueck04/AutoRecLab-group4/.venv/lib/python3.12/site-packages/omnirec/runner/coordinator.py", line 354, in run_split
    self.wait_for_job(root._predict, root)
  File "/home/florian_dueck04/AutoRecLab-group4/.venv/lib/python3.12/site-packages/omnirec/runner/coordinator.py", line 385, in wait_for_job
    state = root._status(job_id)
            ^^^^^^^^^^^^^^^^^^^^
  File "/home/florian_dueck04/AutoRecLab-group4/.venv/lib/python3.12/site-packages/rpyc/core/netref.py", line 239, in __call__
    return syncreq(_self, consts.HANDLE_CALL, args, kwargs)
           ^^^^^^^^^^^^^^^^^^^^^^^^^^^^^^^^^^^^^^^^^^^^^^^^
  File "/home/florian_dueck04/AutoRecLab-group4/.venv/lib/python3.12/site-packages/rpyc/core/netref.py", line 63, in syncreq
    return conn.sync_request(handler, proxy, *args)
           ^^^^^^^^^^^^^^^^^^^^^^^^^^^^^^^^^^^^^^^^
  File "/home/florian_dueck04/AutoRecLab-group4/.venv/lib/python3.12/site-packages/rpyc/core/protocol.py", line 744, in sync_request
    return _async_res.value
           ^^^^^^^^^^^^^^^^
  File "/home/florian_dueck04/AutoRecLab-group4/.venv/lib/python3.12/site-packages/rpyc/core/async_.py", line 111, in value
    raise self._obj
rpyc.core.vinegar/concurrent.futures.process._get_exception_class.<locals>.Derived: A process in the process pool was terminated abruptly while the future was running or pending.

========= Remote Traceback (1) =========
Traceback (most recent call last):
  File "/home/florian_dueck04/.omnirec/data/envs/LensKit_env/lib/python3.11/site-packages/rpyc/core/protocol.py", line 369, in _dispatch_request
    res = self._HANDLERS[handler](self, *args)
          ^^^^^^^^^^^^^^^^^^^^^^^^^^^^^^^^^^^^
  File "/home/florian_dueck04/.omnirec/data/envs/LensKit_env/lib/python3.11/site-packages/rpyc/core/protocol.py", line 863, in _handle_call
    return obj(*args, **dict(kwargs))
           ^^^^^^^^^^^^^^^^^^^^^^^^^^
  File "/home/florian_dueck04/.omnirec/data/envs/LensKit_env/lib/python3.11/site-packages/omnirec_runner/runner.py", line 143, in _status
    raise exc
concurrent.futures.process.BrokenProcessPool: A process in the process pool was terminated abruptly while the future was running or pending.

[2026/06/29 05:21:20] CRITICAL Stopping runner...                                                     coordinator.py:445
                      INFO     Reusing existing env 'LensKit_env' at                                          envs.py:48
                               /home/florian_dueck04/.omnirec/data/envs/LensKit_env                                     
                      INFO     Starting runner...                                                     coordinator.py:272
[2026/06/29 05:21:32] INFO     Runner started with pid: 12572                                         coordinator.py:297
                      INFO     Connecting to runner...                                                coordinator.py:135
                      INFO     Running phase 'Fit' for Amazon2014VideoGames/ItemKNNScorer             coordinator.py:402
[2026/06/29 05:21:42] INFO     Running phase 'Predict' for Amazon2014VideoGames/ItemKNNScorer         coordinator.py:402
[2026/06/29 05:22:52] INFO     Running phase 'Evaluate' for Amazon2014VideoGames/ItemKNNScorer        coordinator.py:402
[2026/06/29 05:23:56] INFO     Amazon2014VideoGames/ItemKNNScorer done!                               coordinator.py:373
                      CRITICAL Stopping runner...                                                     coordinator.py:445
                      INFO     Reusing existing env 'LensKit_env' at                                          envs.py:48
                               /home/florian_dueck04/.omnirec/data/envs/LensKit_env                                     
                      INFO     Starting runner...                                                     coordinator.py:272
[2026/06/29 05:23:59] INFO     Runner started with pid: 12702                                         coordinator.py:297
                      INFO     Connecting to runner...                                                coordinator.py:135
                      INFO     Running phase 'Fit' for Amazon2014VideoGames/PopScorer                 coordinator.py:402
[2026/06/29 05:24:09] INFO     Running phase 'Predict' for Amazon2014VideoGames/PopScorer             coordinator.py:402
Traceback (most recent call last):
  File "/home/florian_dueck04/AutoRecLab-group4/.venv/lib/python3.12/site-packages/omnirec/runner/coordinator.py", line 212, in run
    self.run_split(
  File "/home/florian_dueck04/AutoRecLab-group4/.venv/lib/python3.12/site-packages/omnirec/runner/coordinator.py", line 354, in run_split
    self.wait_for_job(root._predict, root)
  File "/home/florian_dueck04/AutoRecLab-group4/.venv/lib/python3.12/site-packages/omnirec/runner/coordinator.py", line 385, in wait_for_job
    state = root._status(job_id)
            ^^^^^^^^^^^^^^^^^^^^
  File "/home/florian_dueck04/AutoRecLab-group4/.venv/lib/python3.12/site-packages/rpyc/core/netref.py", line 239, in __call__
    return syncreq(_self, consts.HANDLE_CALL, args, kwargs)
           ^^^^^^^^^^^^^^^^^^^^^^^^^^^^^^^^^^^^^^^^^^^^^^^^
  File "/home/florian_dueck04/AutoRecLab-group4/.venv/lib/python3.12/site-packages/rpyc/core/netref.py", line 63, in syncreq
    return conn.sync_request(handler, proxy, *args)
           ^^^^^^^^^^^^^^^^^^^^^^^^^^^^^^^^^^^^^^^^
  File "/home/florian_dueck04/AutoRecLab-group4/.venv/lib/python3.12/site-packages/rpyc/core/protocol.py", line 744, in sync_request
    return _async_res.value
           ^^^^^^^^^^^^^^^^
  File "/home/florian_dueck04/AutoRecLab-group4/.venv/lib/python3.12/site-packages/rpyc/core/async_.py", line 111, in value
    raise self._obj
rpyc.core.vinegar/concurrent.futures.process._get_exception_class.<locals>.Derived: A process in the process pool was terminated abruptly while the future was running or pending.

========= Remote Traceback (1) =========
Traceback (most recent call last):
  File "/home/florian_dueck04/.omnirec/data/envs/LensKit_env/lib/python3.11/site-packages/rpyc/core/protocol.py", line 369, in _dispatch_request
    res = self._HANDLERS[handler](self, *args)
          ^^^^^^^^^^^^^^^^^^^^^^^^^^^^^^^^^^^^
  File "/home/florian_dueck04/.omnirec/data/envs/LensKit_env/lib/python3.11/site-packages/rpyc/core/protocol.py", line 863, in _handle_call
    return obj(*args, **dict(kwargs))
           ^^^^^^^^^^^^^^^^^^^^^^^^^^
  File "/home/florian_dueck04/.omnirec/data/envs/LensKit_env/lib/python3.11/site-packages/omnirec_runner/runner.py", line 143, in _status
    raise exc
concurrent.futures.process.BrokenProcessPool: A process in the process pool was terminated abruptly while the future was running or pending.

[2026/06/29 05:28:39] CRITICAL Stopping runner...                                                     coordinator.py:445
                                       MovieLens100K-c0b4b14e: Evaluation Results                                       
┏━━━━━━━━━━━━━━━━┳━━━━━━━━━━━━━━━━┳━━━━━━━━━━━━━━━━┳━━━━━━━━━━━━━━━━┳━━━━━━━━━━━━━━━━┳━━━━━━━━━━━━━━━━┳━━━━━━━━━━━━━━━━┓
┃ Algorithm      ┃ NDCG@1         ┃ NDCG@10        ┃ NDCG@5         ┃ Precision@1    ┃ Precision@10   ┃ Precision@5    ┃
┡━━━━━━━━━━━━━━━━╇━━━━━━━━━━━━━━━━╇━━━━━━━━━━━━━━━━╇━━━━━━━━━━━━━━━━╇━━━━━━━━━━━━━━━━╇━━━━━━━━━━━━━━━━╇━━━━━━━━━━━━━━━━┩
│ LensKit.Impli… │ 0.21739130434… │ 0.17711291461… │ 0.18869919378… │ 0.21739130434… │ 0.16861081654… │ 0.18197242841… │
│ LensKit.Impli… │ 0.21845174973… │ 0.18586644380… │ 0.19856243872… │ 0.21845174973… │ 0.17730646871… │ 0.19257688229… │
│ LensKit.Impli… │ 0.22481442205… │ 0.19299019938… │ 0.20400063714… │ 0.22481442205… │ 0.18451749734… │ 0.19660657476… │
│ LensKit.Impli… │ 0.22481442205… │ 0.18229935491… │ 0.19763743283… │ 0.22481442205… │ 0.17306468716… │ 0.19257688229… │
│ LensKit.Impli… │ 0.19936373276… │ 0.17947550541… │ 0.19265018154… │ 0.19936373276… │ 0.17285259809… │ 0.19088016967… │
│ LensKit.ItemK… │ 0.30858960763… │ 0.22721602590… │ 0.26126978431… │ 0.30858960763… │ 0.20572640509… │ 0.24814422057… │
│ LensKit.ItemK… │ 0.31177094379… │ 0.22989677306… │ 0.26072327638… │ 0.31177094379… │ 0.20837751855… │ 0.24496288441… │
│ LensKit.ItemK… │ 0.33510074231… │ 0.23550198991… │ 0.26354645456… │ 0.33510074231… │ 0.21463414634… │ 0.24623541887… │
│ LensKit.ItemK… │ 0.33828207847… │ 0.24187563759… │ 0.28632182802… │ 0.33828207847… │ 0.21346765641… │ 0.26850477200… │
│ LensKit.ItemK… │ 0.32873806998… │ 0.23046024493… │ 0.26515042983… │ 0.32873806998… │ 0.20625662778… │ 0.24750795334… │
│ LensKit.PopSc… │ 0.21739130434… │ 0.15543838106… │ 0.16902823582… │ 0.21739130434… │ 0.14273594909… │ 0.15503711558… │
│ LensKit.PopSc… │ 0.23860021208… │ 0.16335523029… │ 0.17613590329… │ 0.23860021208… │ 0.15100742311… │ 0.16182396606… │
│ LensKit.PopSc… │ 0.22269353128… │ 0.15437182921… │ 0.16595088256… │ 0.22269353128… │ 0.14178154825… │ 0.15058324496… │
│ LensKit.PopSc… │ 0.20784729586… │ 0.15619518987… │ 0.16689151706… │ 0.20784729586… │ 0.14612937433… │ 0.15567338282… │
│ LensKit.PopSc… │ 0.23435843054… │ 0.15783288049… │ 0.17160685629… │ 0.23435843054… │ 0.14559915164… │ 0.15843054082… │
└────────────────┴────────────────┴────────────────┴────────────────┴────────────────┴────────────────┴────────────────┘
                                   Amazon2014VideoGames-774b8a2c: Evaluation Results                                    
┏━━━━━━━━━━━━━━━━┳━━━━━━━━━━━━━━━━┳━━━━━━━━━━━━━━━━┳━━━━━━━━━━━━━━━━┳━━━━━━━━━━━━━━━━┳━━━━━━━━━━━━━━━━┳━━━━━━━━━━━━━━━━┓
┃ Algorithm      ┃ NDCG@1         ┃ NDCG@10        ┃ NDCG@5         ┃ Precision@1    ┃ Precision@10   ┃ Precision@5    ┃
┡━━━━━━━━━━━━━━━━╇━━━━━━━━━━━━━━━━╇━━━━━━━━━━━━━━━━╇━━━━━━━━━━━━━━━━╇━━━━━━━━━━━━━━━━╇━━━━━━━━━━━━━━━━╇━━━━━━━━━━━━━━━━┩
│ LensKit.ItemK… │ 0.02508903417… │ 0.01670547592… │ 0.01981671886… │ 0.02508903417… │ 0.01451655769… │ 0.01815765693… │
│ LensKit.ItemK… │ 0.02631159304… │ 0.01723709994… │ 0.02055761863… │ 0.02631159304… │ 0.01504278956… │ 0.01904002551… │
└────────────────┴────────────────┴────────────────┴────────────────┴────────────────┴────────────────┴────────────────┘
{'MovieLens100K-c0b4b14e':                                algorithm  fold       name   k     value
0   LensKit.ImplicitMFScorer-f0dd7ecb-11  None       NDCG   1  0.217391
1   LensKit.ImplicitMFScorer-f0dd7ecb-11  None       NDCG   5  0.188699
2   LensKit.ImplicitMFScorer-f0dd7ecb-11  None       NDCG  10  0.177113
3   LensKit.ImplicitMFScorer-f0dd7ecb-11  None  Precision   1  0.217391
4   LensKit.ImplicitMFScorer-f0dd7ecb-11  None  Precision   5  0.181972
..                                   ...   ...        ...  ..       ...
85         LensKit.PopScorer-f4aa5539-55  None       NDCG   5  0.171607
86         LensKit.PopScorer-f4aa5539-55  None       NDCG  10  0.157833
87         LensKit.PopScorer-f4aa5539-55  None  Precision   1  0.234358
88         LensKit.PopScorer-f4aa5539-55  None  Precision   5  0.158431
89         LensKit.PopScorer-f4aa5539-55  None  Precision  10  0.145599

[90 rows x 5 columns], 'Amazon2014VideoGames-774b8a2c':                            algorithm  fold       name   k     value
0  LensKit.ItemKNNScorer-c3d66610-11  None       NDCG   1  0.025089
1  LensKit.ItemKNNScorer-c3d66610-11  None       NDCG   5  0.019817
2  LensKit.ItemKNNScorer-c3d66610-11  None       NDCG  10  0.016705
3  LensKit.ItemKNNScorer-c3d66610-11  None  Precision   1  0.025089
4  LensKit.ItemKNNScorer-c3d66610-11  None  Precision   5  0.018158
5  LensKit.ItemKNNScorer-c3d66610-11  None  Precision  10  0.014517
0  LensKit.ItemKNNScorer-c3d66610-22  None       NDCG   1  0.026312
1  LensKit.ItemKNNScorer-c3d66610-22  None       NDCG   5  0.020558
2  LensKit.ItemKNNScorer-c3d66610-22  None       NDCG  10  0.017237
3  LensKit.ItemKNNScorer-c3d66610-22  None  Precision   1  0.026312
4  LensKit.ItemKNNScorer-c3d66610-22  None  Precision   5  0.019040
5  LensKit.ItemKNNScorer-c3d66610-22  None  Precision  10  0.015043}
-- Seed 33
[2026/06/29 05:28:40] INFO     Canonicalized data set already exists, skipping download and       recsys_data_set.py:205
                               canonicalization.                                                                        
                      INFO     Making data set implicit with threshold 3.                      feedback_conversion.py:21
                      INFO     Minimum rating: 1.0                                             feedback_conversion.py:24
                      INFO     Maximum rating: 5.0                                             feedback_conversion.py:25
                      INFO     Number of interactions before: 1324753                          feedback_conversion.py:26
                      INFO     Number of interactions after: 1094400                           feedback_conversion.py:44
                      INFO     Pruning data set to 5-core.                                            core_pruning.py:19
                      INFO     Number of interactions before: 1094400                                 core_pruning.py:20
[2026/06/29 05:28:41] INFO     Number of interactions after: 177572                                   core_pruning.py:63
[2026/06/29 05:28:54] INFO     Reusing existing env 'LensKit_env' at                                          envs.py:48
                               /home/florian_dueck04/.omnirec/data/envs/LensKit_env                                     
                      INFO     Starting runner...                                                     coordinator.py:272
[2026/06/29 05:29:04] INFO     Runner started with pid: 13358                                         coordinator.py:297
                      INFO     Connecting to runner...                                                coordinator.py:135
                      INFO     Running phase 'Fit' for Amazon2014VideoGames/ImplicitMFScorer          coordinator.py:402
[2026/06/29 05:29:44] INFO     Running phase 'Predict' for Amazon2014VideoGames/ImplicitMFScorer      coordinator.py:402
Traceback (most recent call last):
  File "/home/florian_dueck04/AutoRecLab-group4/.venv/lib/python3.12/site-packages/omnirec/runner/coordinator.py", line 212, in run
    self.run_split(
  File "/home/florian_dueck04/AutoRecLab-group4/.venv/lib/python3.12/site-packages/omnirec/runner/coordinator.py", line 354, in run_split
    self.wait_for_job(root._predict, root)
  File "/home/florian_dueck04/AutoRecLab-group4/.venv/lib/python3.12/site-packages/omnirec/runner/coordinator.py", line 385, in wait_for_job
    state = root._status(job_id)
            ^^^^^^^^^^^^^^^^^^^^
  File "/home/florian_dueck04/AutoRecLab-group4/.venv/lib/python3.12/site-packages/rpyc/core/netref.py", line 239, in __call__
    return syncreq(_self, consts.HANDLE_CALL, args, kwargs)
           ^^^^^^^^^^^^^^^^^^^^^^^^^^^^^^^^^^^^^^^^^^^^^^^^
  File "/home/florian_dueck04/AutoRecLab-group4/.venv/lib/python3.12/site-packages/rpyc/core/netref.py", line 63, in syncreq
    return conn.sync_request(handler, proxy, *args)
           ^^^^^^^^^^^^^^^^^^^^^^^^^^^^^^^^^^^^^^^^
  File "/home/florian_dueck04/AutoRecLab-group4/.venv/lib/python3.12/site-packages/rpyc/core/protocol.py", line 744, in sync_request
    return _async_res.value
           ^^^^^^^^^^^^^^^^
  File "/home/florian_dueck04/AutoRecLab-group4/.venv/lib/python3.12/site-packages/rpyc/core/async_.py", line 111, in value
    raise self._obj
rpyc.core.vinegar/concurrent.futures.process._get_exception_class.<locals>.Derived: A process in the process pool was terminated abruptly while the future was running or pending.

========= Remote Traceback (1) =========
Traceback (most recent call last):
  File "/home/florian_dueck04/.omnirec/data/envs/LensKit_env/lib/python3.11/site-packages/rpyc/core/protocol.py", line 369, in _dispatch_request
    res = self._HANDLERS[handler](self, *args)
          ^^^^^^^^^^^^^^^^^^^^^^^^^^^^^^^^^^^^
  File "/home/florian_dueck04/.omnirec/data/envs/LensKit_env/lib/python3.11/site-packages/rpyc/core/protocol.py", line 863, in _handle_call
    return obj(*args, **dict(kwargs))
           ^^^^^^^^^^^^^^^^^^^^^^^^^^
  File "/home/florian_dueck04/.omnirec/data/envs/LensKit_env/lib/python3.11/site-packages/omnirec_runner/runner.py", line 143, in _status
    raise exc
concurrent.futures.process.BrokenProcessPool: A process in the process pool was terminated abruptly while the future was running or pending.

[2026/06/29 05:34:45] CRITICAL Stopping runner...                                                     coordinator.py:445
                      INFO     Reusing existing env 'LensKit_env' at                                          envs.py:48
                               /home/florian_dueck04/.omnirec/data/envs/LensKit_env                                     
                      INFO     Starting runner...                                                     coordinator.py:272
[2026/06/29 05:34:53] INFO     Runner started with pid: 13654                                         coordinator.py:297
                      INFO     Connecting to runner...                                                coordinator.py:135
[2026/06/29 05:34:54] INFO     Running phase 'Fit' for Amazon2014VideoGames/ItemKNNScorer             coordinator.py:402
[2026/06/29 05:35:04] INFO     Running phase 'Predict' for Amazon2014VideoGames/ItemKNNScorer         coordinator.py:402
[2026/06/29 05:36:14] INFO     Running phase 'Evaluate' for Amazon2014VideoGames/ItemKNNScorer        coordinator.py:402
[2026/06/29 05:37:20] INFO     Amazon2014VideoGames/ItemKNNScorer done!                               coordinator.py:373
                      CRITICAL Stopping runner...                                                     coordinator.py:445
                      INFO     Reusing existing env 'LensKit_env' at                                          envs.py:48
                               /home/florian_dueck04/.omnirec/data/envs/LensKit_env                                     
                      INFO     Starting runner...                                                     coordinator.py:272
[2026/06/29 05:37:23] INFO     Runner started with pid: 13789                                         coordinator.py:297
                      INFO     Connecting to runner...                                                coordinator.py:135
                      INFO     Running phase 'Fit' for Amazon2014VideoGames/PopScorer                 coordinator.py:402
[2026/06/29 05:37:33] INFO     Running phase 'Predict' for Amazon2014VideoGames/PopScorer             coordinator.py:402
Traceback (most recent call last):
  File "/home/florian_dueck04/AutoRecLab-group4/.venv/lib/python3.12/site-packages/omnirec/runner/coordinator.py", line 212, in run
    self.run_split(
  File "/home/florian_dueck04/AutoRecLab-group4/.venv/lib/python3.12/site-packages/omnirec/runner/coordinator.py", line 354, in run_split
    self.wait_for_job(root._predict, root)
  File "/home/florian_dueck04/AutoRecLab-group4/.venv/lib/python3.12/site-packages/omnirec/runner/coordinator.py", line 385, in wait_for_job
    state = root._status(job_id)
            ^^^^^^^^^^^^^^^^^^^^
  File "/home/florian_dueck04/AutoRecLab-group4/.venv/lib/python3.12/site-packages/rpyc/core/netref.py", line 239, in __call__
    return syncreq(_self, consts.HANDLE_CALL, args, kwargs)
           ^^^^^^^^^^^^^^^^^^^^^^^^^^^^^^^^^^^^^^^^^^^^^^^^
  File "/home/florian_dueck04/AutoRecLab-group4/.venv/lib/python3.12/site-packages/rpyc/core/netref.py", line 63, in syncreq
    return conn.sync_request(handler, proxy, *args)
           ^^^^^^^^^^^^^^^^^^^^^^^^^^^^^^^^^^^^^^^^
  File "/home/florian_dueck04/AutoRecLab-group4/.venv/lib/python3.12/site-packages/rpyc/core/protocol.py", line 744, in sync_request
    return _async_res.value
           ^^^^^^^^^^^^^^^^
  File "/home/florian_dueck04/AutoRecLab-group4/.venv/lib/python3.12/site-packages/rpyc/core/async_.py", line 111, in value
    raise self._obj
rpyc.core.vinegar/concurrent.futures.process._get_exception_class.<locals>.Derived: A process in the process pool was terminated abruptly while the future was running or pending.

========= Remote Traceback (1) =========
Traceback (most recent call last):
  File "/home/florian_dueck04/.omnirec/data/envs/LensKit_env/lib/python3.11/site-packages/rpyc/core/protocol.py", line 369, in _dispatch_request
    res = self._HANDLERS[handler](self, *args)
          ^^^^^^^^^^^^^^^^^^^^^^^^^^^^^^^^^^^^
  File "/home/florian_dueck04/.omnirec/data/envs/LensKit_env/lib/python3.11/site-packages/rpyc/core/protocol.py", line 863, in _handle_call
    return obj(*args, **dict(kwargs))
           ^^^^^^^^^^^^^^^^^^^^^^^^^^
  File "/home/florian_dueck04/.omnirec/data/envs/LensKit_env/lib/python3.11/site-packages/omnirec_runner/runner.py", line 143, in _status
    raise exc
concurrent.futures.process.BrokenProcessPool: A process in the process pool was terminated abruptly while the future was running or pending.

[2026/06/29 05:42:14] CRITICAL Stopping runner...                                                     coordinator.py:445
                                       MovieLens100K-c0b4b14e: Evaluation Results                                       
┏━━━━━━━━━━━━━━━━┳━━━━━━━━━━━━━━━━┳━━━━━━━━━━━━━━━━┳━━━━━━━━━━━━━━━━┳━━━━━━━━━━━━━━━━┳━━━━━━━━━━━━━━━━┳━━━━━━━━━━━━━━━━┓
┃ Algorithm      ┃ NDCG@1         ┃ NDCG@10        ┃ NDCG@5         ┃ Precision@1    ┃ Precision@10   ┃ Precision@5    ┃
┡━━━━━━━━━━━━━━━━╇━━━━━━━━━━━━━━━━╇━━━━━━━━━━━━━━━━╇━━━━━━━━━━━━━━━━╇━━━━━━━━━━━━━━━━╇━━━━━━━━━━━━━━━━╇━━━━━━━━━━━━━━━━┩
│ LensKit.Impli… │ 0.21739130434… │ 0.17711291461… │ 0.18869919378… │ 0.21739130434… │ 0.16861081654… │ 0.18197242841… │
│ LensKit.Impli… │ 0.21845174973… │ 0.18586644380… │ 0.19856243872… │ 0.21845174973… │ 0.17730646871… │ 0.19257688229… │
│ LensKit.Impli… │ 0.22481442205… │ 0.19299019938… │ 0.20400063714… │ 0.22481442205… │ 0.18451749734… │ 0.19660657476… │
│ LensKit.Impli… │ 0.22481442205… │ 0.18229935491… │ 0.19763743283… │ 0.22481442205… │ 0.17306468716… │ 0.19257688229… │
│ LensKit.Impli… │ 0.19936373276… │ 0.17947550541… │ 0.19265018154… │ 0.19936373276… │ 0.17285259809… │ 0.19088016967… │
│ LensKit.ItemK… │ 0.30858960763… │ 0.22721602590… │ 0.26126978431… │ 0.30858960763… │ 0.20572640509… │ 0.24814422057… │
│ LensKit.ItemK… │ 0.31177094379… │ 0.22989677306… │ 0.26072327638… │ 0.31177094379… │ 0.20837751855… │ 0.24496288441… │
│ LensKit.ItemK… │ 0.33510074231… │ 0.23550198991… │ 0.26354645456… │ 0.33510074231… │ 0.21463414634… │ 0.24623541887… │
│ LensKit.ItemK… │ 0.33828207847… │ 0.24187563759… │ 0.28632182802… │ 0.33828207847… │ 0.21346765641… │ 0.26850477200… │
│ LensKit.ItemK… │ 0.32873806998… │ 0.23046024493… │ 0.26515042983… │ 0.32873806998… │ 0.20625662778… │ 0.24750795334… │
│ LensKit.PopSc… │ 0.21739130434… │ 0.15543838106… │ 0.16902823582… │ 0.21739130434… │ 0.14273594909… │ 0.15503711558… │
│ LensKit.PopSc… │ 0.23860021208… │ 0.16335523029… │ 0.17613590329… │ 0.23860021208… │ 0.15100742311… │ 0.16182396606… │
│ LensKit.PopSc… │ 0.22269353128… │ 0.15437182921… │ 0.16595088256… │ 0.22269353128… │ 0.14178154825… │ 0.15058324496… │
│ LensKit.PopSc… │ 0.20784729586… │ 0.15619518987… │ 0.16689151706… │ 0.20784729586… │ 0.14612937433… │ 0.15567338282… │
│ LensKit.PopSc… │ 0.23435843054… │ 0.15783288049… │ 0.17160685629… │ 0.23435843054… │ 0.14559915164… │ 0.15843054082… │
└────────────────┴────────────────┴────────────────┴────────────────┴────────────────┴────────────────┴────────────────┘
                                   Amazon2014VideoGames-774b8a2c: Evaluation Results                                    
┏━━━━━━━━━━━━━━━━┳━━━━━━━━━━━━━━━━┳━━━━━━━━━━━━━━━━┳━━━━━━━━━━━━━━━━┳━━━━━━━━━━━━━━━━┳━━━━━━━━━━━━━━━━┳━━━━━━━━━━━━━━━━┓
┃ Algorithm      ┃ NDCG@1         ┃ NDCG@10        ┃ NDCG@5         ┃ Precision@1    ┃ Precision@10   ┃ Precision@5    ┃
┡━━━━━━━━━━━━━━━━╇━━━━━━━━━━━━━━━━╇━━━━━━━━━━━━━━━━╇━━━━━━━━━━━━━━━━╇━━━━━━━━━━━━━━━━╇━━━━━━━━━━━━━━━━╇━━━━━━━━━━━━━━━━┩
│ LensKit.ItemK… │ 0.02508903417… │ 0.01670547592… │ 0.01981671886… │ 0.02508903417… │ 0.01451655769… │ 0.01815765693… │
│ LensKit.ItemK… │ 0.02631159304… │ 0.01723709994… │ 0.02055761863… │ 0.02631159304… │ 0.01504278956… │ 0.01904002551… │
│ LensKit.ItemK… │ 0.02407909424… │ 0.01584757308… │ 0.01877727587… │ 0.02407909424… │ 0.01390527826… │ 0.01745601445… │
└────────────────┴────────────────┴────────────────┴────────────────┴────────────────┴────────────────┴────────────────┘
{'MovieLens100K-c0b4b14e':                                algorithm  fold       name   k     value
0   LensKit.ImplicitMFScorer-f0dd7ecb-11  None       NDCG   1  0.217391
1   LensKit.ImplicitMFScorer-f0dd7ecb-11  None       NDCG   5  0.188699
2   LensKit.ImplicitMFScorer-f0dd7ecb-11  None       NDCG  10  0.177113
3   LensKit.ImplicitMFScorer-f0dd7ecb-11  None  Precision   1  0.217391
4   LensKit.ImplicitMFScorer-f0dd7ecb-11  None  Precision   5  0.181972
..                                   ...   ...        ...  ..       ...
85         LensKit.PopScorer-f4aa5539-55  None       NDCG   5  0.171607
86         LensKit.PopScorer-f4aa5539-55  None       NDCG  10  0.157833
87         LensKit.PopScorer-f4aa5539-55  None  Precision   1  0.234358
88         LensKit.PopScorer-f4aa5539-55  None  Precision   5  0.158431
89         LensKit.PopScorer-f4aa5539-55  None  Precision  10  0.145599

[90 rows x 5 columns], 'Amazon2014VideoGames-774b8a2c':                             algorithm  fold       name   k     value
0   LensKit.ItemKNNScorer-c3d66610-11  None       NDCG   1  0.025089
1   LensKit.ItemKNNScorer-c3d66610-11  None       NDCG   5  0.019817
2   LensKit.ItemKNNScorer-c3d66610-11  None       NDCG  10  0.016705
3   LensKit.ItemKNNScorer-c3d66610-11  None  Precision   1  0.025089
4   LensKit.ItemKNNScorer-c3d66610-11  None  Precision   5  0.018158
5   LensKit.ItemKNNScorer-c3d66610-11  None  Precision  10  0.014517
6   LensKit.ItemKNNScorer-c3d66610-22  None       NDCG   1  0.026312
7   LensKit.ItemKNNScorer-c3d66610-22  None       NDCG   5  0.020558
8   LensKit.ItemKNNScorer-c3d66610-22  None       NDCG  10  0.017237
9   LensKit.ItemKNNScorer-c3d66610-22  None  Precision   1  0.026312
10  LensKit.ItemKNNScorer-c3d66610-22  None  Precision   5  0.019040
11  LensKit.ItemKNNScorer-c3d66610-22  None  Precision  10  0.015043
0   LensKit.ItemKNNScorer-c3d66610-33  None       NDCG   1  0.024079
1   LensKit.ItemKNNScorer-c3d66610-33  None       NDCG   5  0.018777
2   LensKit.ItemKNNScorer-c3d66610-33  None       NDCG  10  0.015848
3   LensKit.ItemKNNScorer-c3d66610-33  None  Precision   1  0.024079
4   LensKit.ItemKNNScorer-c3d66610-33  None  Precision   5  0.017456
5   LensKit.ItemKNNScorer-c3d66610-33  None  Precision  10  0.013905}
-- Seed 44
                      INFO     Canonicalized data set already exists, skipping download and       recsys_data_set.py:205
                               canonicalization.                                                                        
                      INFO     Making data set implicit with threshold 3.                      feedback_conversion.py:21
                      INFO     Minimum rating: 1.0                                             feedback_conversion.py:24
                      INFO     Maximum rating: 5.0                                             feedback_conversion.py:25
                      INFO     Number of interactions before: 1324753                          feedback_conversion.py:26
                      INFO     Number of interactions after: 1094400                           feedback_conversion.py:44
                      INFO     Pruning data set to 5-core.                                            core_pruning.py:19
                      INFO     Number of interactions before: 1094400                                 core_pruning.py:20
[2026/06/29 05:42:16] INFO     Number of interactions after: 177572                                   core_pruning.py:63
[2026/06/29 05:42:28] INFO     Reusing existing env 'LensKit_env' at                                          envs.py:48
                               /home/florian_dueck04/.omnirec/data/envs/LensKit_env                                     
                      INFO     Starting runner...                                                     coordinator.py:272
[2026/06/29 05:42:37] INFO     Runner started with pid: 14158                                         coordinator.py:297
                      INFO     Connecting to runner...                                                coordinator.py:135
                      INFO     Running phase 'Fit' for Amazon2014VideoGames/ImplicitMFScorer          coordinator.py:402
[2026/06/29 05:43:17] INFO     Running phase 'Predict' for Amazon2014VideoGames/ImplicitMFScorer      coordinator.py:402
Traceback (most recent call last):
  File "/home/florian_dueck04/AutoRecLab-group4/.venv/lib/python3.12/site-packages/omnirec/runner/coordinator.py", line 212, in run
    self.run_split(
  File "/home/florian_dueck04/AutoRecLab-group4/.venv/lib/python3.12/site-packages/omnirec/runner/coordinator.py", line 354, in run_split
    self.wait_for_job(root._predict, root)
  File "/home/florian_dueck04/AutoRecLab-group4/.venv/lib/python3.12/site-packages/omnirec/runner/coordinator.py", line 385, in wait_for_job
    state = root._status(job_id)
            ^^^^^^^^^^^^^^^^^^^^
  File "/home/florian_dueck04/AutoRecLab-group4/.venv/lib/python3.12/site-packages/rpyc/core/netref.py", line 239, in __call__
    return syncreq(_self, consts.HANDLE_CALL, args, kwargs)
           ^^^^^^^^^^^^^^^^^^^^^^^^^^^^^^^^^^^^^^^^^^^^^^^^
  File "/home/florian_dueck04/AutoRecLab-group4/.venv/lib/python3.12/site-packages/rpyc/core/netref.py", line 63, in syncreq
    return conn.sync_request(handler, proxy, *args)
           ^^^^^^^^^^^^^^^^^^^^^^^^^^^^^^^^^^^^^^^^
  File "/home/florian_dueck04/AutoRecLab-group4/.venv/lib/python3.12/site-packages/rpyc/core/protocol.py", line 744, in sync_request
    return _async_res.value
           ^^^^^^^^^^^^^^^^
  File "/home/florian_dueck04/AutoRecLab-group4/.venv/lib/python3.12/site-packages/rpyc/core/async_.py", line 111, in value
    raise self._obj
rpyc.core.vinegar/concurrent.futures.process._get_exception_class.<locals>.Derived: A process in the process pool was terminated abruptly while the future was running or pending.

========= Remote Traceback (1) =========
Traceback (most recent call last):
  File "/home/florian_dueck04/.omnirec/data/envs/LensKit_env/lib/python3.11/site-packages/rpyc/core/protocol.py", line 369, in _dispatch_request
    res = self._HANDLERS[handler](self, *args)
          ^^^^^^^^^^^^^^^^^^^^^^^^^^^^^^^^^^^^
  File "/home/florian_dueck04/.omnirec/data/envs/LensKit_env/lib/python3.11/site-packages/rpyc/core/protocol.py", line 863, in _handle_call
    return obj(*args, **dict(kwargs))
           ^^^^^^^^^^^^^^^^^^^^^^^^^^
  File "/home/florian_dueck04/.omnirec/data/envs/LensKit_env/lib/python3.11/site-packages/omnirec_runner/runner.py", line 143, in _status
    raise exc
concurrent.futures.process.BrokenProcessPool: A process in the process pool was terminated abruptly while the future was running or pending.

[2026/06/29 05:48:08] CRITICAL Stopping runner...                                                     coordinator.py:445
[2026/06/29 05:48:09] INFO     Reusing existing env 'LensKit_env' at                                          envs.py:48
                               /home/florian_dueck04/.omnirec/data/envs/LensKit_env                                     
                      INFO     Starting runner...                                                     coordinator.py:272
[2026/06/29 05:48:18] INFO     Runner started with pid: 14341                                         coordinator.py:297
                      INFO     Connecting to runner...                                                coordinator.py:135
                      INFO     Running phase 'Fit' for Amazon2014VideoGames/ItemKNNScorer             coordinator.py:402
[2026/06/29 05:48:28] INFO     Running phase 'Predict' for Amazon2014VideoGames/ItemKNNScorer         coordinator.py:402
[2026/06/29 05:49:38] INFO     Running phase 'Evaluate' for Amazon2014VideoGames/ItemKNNScorer        coordinator.py:402
[2026/06/29 05:50:41] INFO     Amazon2014VideoGames/ItemKNNScorer done!                               coordinator.py:373
                      CRITICAL Stopping runner...                                                     coordinator.py:445
                      INFO     Reusing existing env 'LensKit_env' at                                          envs.py:48
                               /home/florian_dueck04/.omnirec/data/envs/LensKit_env                                     
                      INFO     Starting runner...                                                     coordinator.py:272
[2026/06/29 05:50:44] INFO     Runner started with pid: 14500                                         coordinator.py:297
                      INFO     Connecting to runner...                                                coordinator.py:135
                      INFO     Running phase 'Fit' for Amazon2014VideoGames/PopScorer                 coordinator.py:402
[2026/06/29 05:50:54] INFO     Running phase 'Predict' for Amazon2014VideoGames/PopScorer             coordinator.py:402
Traceback (most recent call last):
  File "/home/florian_dueck04/AutoRecLab-group4/.venv/lib/python3.12/site-packages/omnirec/runner/coordinator.py", line 212, in run
    self.run_split(
  File "/home/florian_dueck04/AutoRecLab-group4/.venv/lib/python3.12/site-packages/omnirec/runner/coordinator.py", line 354, in run_split
    self.wait_for_job(root._predict, root)
  File "/home/florian_dueck04/AutoRecLab-group4/.venv/lib/python3.12/site-packages/omnirec/runner/coordinator.py", line 385, in wait_for_job
    state = root._status(job_id)
            ^^^^^^^^^^^^^^^^^^^^
  File "/home/florian_dueck04/AutoRecLab-group4/.venv/lib/python3.12/site-packages/rpyc/core/netref.py", line 239, in __call__
    return syncreq(_self, consts.HANDLE_CALL, args, kwargs)
           ^^^^^^^^^^^^^^^^^^^^^^^^^^^^^^^^^^^^^^^^^^^^^^^^
  File "/home/florian_dueck04/AutoRecLab-group4/.venv/lib/python3.12/site-packages/rpyc/core/netref.py", line 63, in syncreq
    return conn.sync_request(handler, proxy, *args)
           ^^^^^^^^^^^^^^^^^^^^^^^^^^^^^^^^^^^^^^^^
  File "/home/florian_dueck04/AutoRecLab-group4/.venv/lib/python3.12/site-packages/rpyc/core/protocol.py", line 744, in sync_request
    return _async_res.value
           ^^^^^^^^^^^^^^^^
  File "/home/florian_dueck04/AutoRecLab-group4/.venv/lib/python3.12/site-packages/rpyc/core/async_.py", line 111, in value
    raise self._obj
rpyc.core.vinegar/concurrent.futures.process._get_exception_class.<locals>.Derived: A process in the process pool was terminated abruptly while the future was running or pending.

========= Remote Traceback (1) =========
Traceback (most recent call last):
  File "/home/florian_dueck04/.omnirec/data/envs/LensKit_env/lib/python3.11/site-packages/rpyc/core/protocol.py", line 369, in _dispatch_request
    res = self._HANDLERS[handler](self, *args)
          ^^^^^^^^^^^^^^^^^^^^^^^^^^^^^^^^^^^^
  File "/home/florian_dueck04/.omnirec/data/envs/LensKit_env/lib/python3.11/site-packages/rpyc/core/protocol.py", line 863, in _handle_call
    return obj(*args, **dict(kwargs))
           ^^^^^^^^^^^^^^^^^^^^^^^^^^
  File "/home/florian_dueck04/.omnirec/data/envs/LensKit_env/lib/python3.11/site-packages/omnirec_runner/runner.py", line 143, in _status
    raise exc
concurrent.futures.process.BrokenProcessPool: A process in the process pool was terminated abruptly while the future was running or pending.

[2026/06/29 05:55:24] CRITICAL Stopping runner...                                                     coordinator.py:445
                                       MovieLens100K-c0b4b14e: Evaluation Results                                       
┏━━━━━━━━━━━━━━━━┳━━━━━━━━━━━━━━━━┳━━━━━━━━━━━━━━━━┳━━━━━━━━━━━━━━━━┳━━━━━━━━━━━━━━━━┳━━━━━━━━━━━━━━━━┳━━━━━━━━━━━━━━━━┓
┃ Algorithm      ┃ NDCG@1         ┃ NDCG@10        ┃ NDCG@5         ┃ Precision@1    ┃ Precision@10   ┃ Precision@5    ┃
┡━━━━━━━━━━━━━━━━╇━━━━━━━━━━━━━━━━╇━━━━━━━━━━━━━━━━╇━━━━━━━━━━━━━━━━╇━━━━━━━━━━━━━━━━╇━━━━━━━━━━━━━━━━╇━━━━━━━━━━━━━━━━┩
│ LensKit.Impli… │ 0.21739130434… │ 0.17711291461… │ 0.18869919378… │ 0.21739130434… │ 0.16861081654… │ 0.18197242841… │
│ LensKit.Impli… │ 0.21845174973… │ 0.18586644380… │ 0.19856243872… │ 0.21845174973… │ 0.17730646871… │ 0.19257688229… │
│ LensKit.Impli… │ 0.22481442205… │ 0.19299019938… │ 0.20400063714… │ 0.22481442205… │ 0.18451749734… │ 0.19660657476… │
│ LensKit.Impli… │ 0.22481442205… │ 0.18229935491… │ 0.19763743283… │ 0.22481442205… │ 0.17306468716… │ 0.19257688229… │
│ LensKit.Impli… │ 0.19936373276… │ 0.17947550541… │ 0.19265018154… │ 0.19936373276… │ 0.17285259809… │ 0.19088016967… │
│ LensKit.ItemK… │ 0.30858960763… │ 0.22721602590… │ 0.26126978431… │ 0.30858960763… │ 0.20572640509… │ 0.24814422057… │
│ LensKit.ItemK… │ 0.31177094379… │ 0.22989677306… │ 0.26072327638… │ 0.31177094379… │ 0.20837751855… │ 0.24496288441… │
│ LensKit.ItemK… │ 0.33510074231… │ 0.23550198991… │ 0.26354645456… │ 0.33510074231… │ 0.21463414634… │ 0.24623541887… │
│ LensKit.ItemK… │ 0.33828207847… │ 0.24187563759… │ 0.28632182802… │ 0.33828207847… │ 0.21346765641… │ 0.26850477200… │
│ LensKit.ItemK… │ 0.32873806998… │ 0.23046024493… │ 0.26515042983… │ 0.32873806998… │ 0.20625662778… │ 0.24750795334… │
│ LensKit.PopSc… │ 0.21739130434… │ 0.15543838106… │ 0.16902823582… │ 0.21739130434… │ 0.14273594909… │ 0.15503711558… │
│ LensKit.PopSc… │ 0.23860021208… │ 0.16335523029… │ 0.17613590329… │ 0.23860021208… │ 0.15100742311… │ 0.16182396606… │
│ LensKit.PopSc… │ 0.22269353128… │ 0.15437182921… │ 0.16595088256… │ 0.22269353128… │ 0.14178154825… │ 0.15058324496… │
│ LensKit.PopSc… │ 0.20784729586… │ 0.15619518987… │ 0.16689151706… │ 0.20784729586… │ 0.14612937433… │ 0.15567338282… │
│ LensKit.PopSc… │ 0.23435843054… │ 0.15783288049… │ 0.17160685629… │ 0.23435843054… │ 0.14559915164… │ 0.15843054082… │
└────────────────┴────────────────┴────────────────┴────────────────┴────────────────┴────────────────┴────────────────┘
                                   Amazon2014VideoGames-774b8a2c: Evaluation Results                                    
┏━━━━━━━━━━━━━━━━┳━━━━━━━━━━━━━━━━┳━━━━━━━━━━━━━━━━┳━━━━━━━━━━━━━━━━┳━━━━━━━━━━━━━━━━┳━━━━━━━━━━━━━━━━┳━━━━━━━━━━━━━━━━┓
┃ Algorithm      ┃ NDCG@1         ┃ NDCG@10        ┃ NDCG@5         ┃ Precision@1    ┃ Precision@10   ┃ Precision@5    ┃
┡━━━━━━━━━━━━━━━━╇━━━━━━━━━━━━━━━━╇━━━━━━━━━━━━━━━━╇━━━━━━━━━━━━━━━━╇━━━━━━━━━━━━━━━━╇━━━━━━━━━━━━━━━━╇━━━━━━━━━━━━━━━━┩
│ LensKit.ItemK… │ 0.02508903417… │ 0.01670547592… │ 0.01981671886… │ 0.02508903417… │ 0.01451655769… │ 0.01815765693… │
│ LensKit.ItemK… │ 0.02631159304… │ 0.01723709994… │ 0.02055761863… │ 0.02631159304… │ 0.01504278956… │ 0.01904002551… │
│ LensKit.ItemK… │ 0.02407909424… │ 0.01584757308… │ 0.01877727587… │ 0.02407909424… │ 0.01390527826… │ 0.01745601445… │
│ LensKit.ItemK… │ 0.02551427204… │ 0.01720616507… │ 0.02039892967… │ 0.02551427204… │ 0.01509062882… │ 0.01895497794… │
└────────────────┴────────────────┴────────────────┴────────────────┴────────────────┴────────────────┴────────────────┘
{'MovieLens100K-c0b4b14e':                                algorithm  fold       name   k     value
0   LensKit.ImplicitMFScorer-f0dd7ecb-11  None       NDCG   1  0.217391
1   LensKit.ImplicitMFScorer-f0dd7ecb-11  None       NDCG   5  0.188699
2   LensKit.ImplicitMFScorer-f0dd7ecb-11  None       NDCG  10  0.177113
3   LensKit.ImplicitMFScorer-f0dd7ecb-11  None  Precision   1  0.217391
4   LensKit.ImplicitMFScorer-f0dd7ecb-11  None  Precision   5  0.181972
..                                   ...   ...        ...  ..       ...
85         LensKit.PopScorer-f4aa5539-55  None       NDCG   5  0.171607
86         LensKit.PopScorer-f4aa5539-55  None       NDCG  10  0.157833
87         LensKit.PopScorer-f4aa5539-55  None  Precision   1  0.234358
88         LensKit.PopScorer-f4aa5539-55  None  Precision   5  0.158431
89         LensKit.PopScorer-f4aa5539-55  None  Precision  10  0.145599

[90 rows x 5 columns], 'Amazon2014VideoGames-774b8a2c':                             algorithm  fold       name   k     value
0   LensKit.ItemKNNScorer-c3d66610-11  None       NDCG   1  0.025089
1   LensKit.ItemKNNScorer-c3d66610-11  None       NDCG   5  0.019817
2   LensKit.ItemKNNScorer-c3d66610-11  None       NDCG  10  0.016705
3   LensKit.ItemKNNScorer-c3d66610-11  None  Precision   1  0.025089
4   LensKit.ItemKNNScorer-c3d66610-11  None  Precision   5  0.018158
5   LensKit.ItemKNNScorer-c3d66610-11  None  Precision  10  0.014517
6   LensKit.ItemKNNScorer-c3d66610-22  None       NDCG   1  0.026312
7   LensKit.ItemKNNScorer-c3d66610-22  None       NDCG   5  0.020558
8   LensKit.ItemKNNScorer-c3d66610-22  None       NDCG  10  0.017237
9   LensKit.ItemKNNScorer-c3d66610-22  None  Precision   1  0.026312
10  LensKit.ItemKNNScorer-c3d66610-22  None  Precision   5  0.019040
11  LensKit.ItemKNNScorer-c3d66610-22  None  Precision  10  0.015043
12  LensKit.ItemKNNScorer-c3d66610-33  None       NDCG   1  0.024079
13  LensKit.ItemKNNScorer-c3d66610-33  None       NDCG   5  0.018777
14  LensKit.ItemKNNScorer-c3d66610-33  None       NDCG  10  0.015848
15  LensKit.ItemKNNScorer-c3d66610-33  None  Precision   1  0.024079
16  LensKit.ItemKNNScorer-c3d66610-33  None  Precision   5  0.017456
17  LensKit.ItemKNNScorer-c3d66610-33  None  Precision  10  0.013905
0   LensKit.ItemKNNScorer-c3d66610-44  None       NDCG   1  0.025514
1   LensKit.ItemKNNScorer-c3d66610-44  None       NDCG   5  0.020399
2   LensKit.ItemKNNScorer-c3d66610-44  None       NDCG  10  0.017206
3   LensKit.ItemKNNScorer-c3d66610-44  None  Precision   1  0.025514
4   LensKit.ItemKNNScorer-c3d66610-44  None  Precision   5  0.018955
5   LensKit.ItemKNNScorer-c3d66610-44  None  Precision  10  0.015091}
-- Seed 55
                      INFO     Canonicalized data set already exists, skipping download and       recsys_data_set.py:205
                               canonicalization.                                                                        
[2026/06/29 05:55:25] INFO     Making data set implicit with threshold 3.                      feedback_conversion.py:21
                      INFO     Minimum rating: 1.0                                             feedback_conversion.py:24
                      INFO     Maximum rating: 5.0                                             feedback_conversion.py:25
                      INFO     Number of interactions before: 1324753                          feedback_conversion.py:26
                      INFO     Number of interactions after: 1094400                           feedback_conversion.py:44
                      INFO     Pruning data set to 5-core.                                            core_pruning.py:19
                      INFO     Number of interactions before: 1094400                                 core_pruning.py:20
[2026/06/29 05:55:26] INFO     Number of interactions after: 177572                                   core_pruning.py:63
[2026/06/29 05:55:39] INFO     Reusing existing env 'LensKit_env' at                                          envs.py:48
                               /home/florian_dueck04/.omnirec/data/envs/LensKit_env                                     
                      INFO     Starting runner...                                                     coordinator.py:272
[2026/06/29 05:55:48] INFO     Runner started with pid: 14662                                         coordinator.py:297
                      INFO     Connecting to runner...                                                coordinator.py:135
                      INFO     Running phase 'Fit' for Amazon2014VideoGames/ImplicitMFScorer          coordinator.py:402
[2026/06/29 05:56:28] INFO     Running phase 'Predict' for Amazon2014VideoGames/ImplicitMFScorer      coordinator.py:402
Traceback (most recent call last):
  File "/home/florian_dueck04/AutoRecLab-group4/.venv/lib/python3.12/site-packages/omnirec/runner/coordinator.py", line 212, in run
    self.run_split(
  File "/home/florian_dueck04/AutoRecLab-group4/.venv/lib/python3.12/site-packages/omnirec/runner/coordinator.py", line 354, in run_split
    self.wait_for_job(root._predict, root)
  File "/home/florian_dueck04/AutoRecLab-group4/.venv/lib/python3.12/site-packages/omnirec/runner/coordinator.py", line 385, in wait_for_job
    state = root._status(job_id)
            ^^^^^^^^^^^^^^^^^^^^
  File "/home/florian_dueck04/AutoRecLab-group4/.venv/lib/python3.12/site-packages/rpyc/core/netref.py", line 239, in __call__
    return syncreq(_self, consts.HANDLE_CALL, args, kwargs)
           ^^^^^^^^^^^^^^^^^^^^^^^^^^^^^^^^^^^^^^^^^^^^^^^^
  File "/home/florian_dueck04/AutoRecLab-group4/.venv/lib/python3.12/site-packages/rpyc/core/netref.py", line 63, in syncreq
    return conn.sync_request(handler, proxy, *args)
           ^^^^^^^^^^^^^^^^^^^^^^^^^^^^^^^^^^^^^^^^
  File "/home/florian_dueck04/AutoRecLab-group4/.venv/lib/python3.12/site-packages/rpyc/core/protocol.py", line 744, in sync_request
    return _async_res.value
           ^^^^^^^^^^^^^^^^
  File "/home/florian_dueck04/AutoRecLab-group4/.venv/lib/python3.12/site-packages/rpyc/core/async_.py", line 111, in value
    raise self._obj
rpyc.core.vinegar/concurrent.futures.process._get_exception_class.<locals>.Derived: A process in the process pool was terminated abruptly while the future was running or pending.

========= Remote Traceback (1) =========
Traceback (most recent call last):
  File "/home/florian_dueck04/.omnirec/data/envs/LensKit_env/lib/python3.11/site-packages/rpyc/core/protocol.py", line 369, in _dispatch_request
    res = self._HANDLERS[handler](self, *args)
          ^^^^^^^^^^^^^^^^^^^^^^^^^^^^^^^^^^^^
  File "/home/florian_dueck04/.omnirec/data/envs/LensKit_env/lib/python3.11/site-packages/rpyc/core/protocol.py", line 863, in _handle_call
    return obj(*args, **dict(kwargs))
           ^^^^^^^^^^^^^^^^^^^^^^^^^^
  File "/home/florian_dueck04/.omnirec/data/envs/LensKit_env/lib/python3.11/site-packages/omnirec_runner/runner.py", line 143, in _status
    raise exc
concurrent.futures.process.BrokenProcessPool: A process in the process pool was terminated abruptly while the future was running or pending.

[2026/06/29 06:01:38] CRITICAL Stopping runner...                                                     coordinator.py:445
                      INFO     Reusing existing env 'LensKit_env' at                                          envs.py:48
                               /home/florian_dueck04/.omnirec/data/envs/LensKit_env                                     
                      INFO     Starting runner...                                                     coordinator.py:272
[2026/06/29 06:01:48] INFO     Runner started with pid: 14872                                         coordinator.py:297
                      INFO     Connecting to runner...                                                coordinator.py:135
                      INFO     Running phase 'Fit' for Amazon2014VideoGames/ItemKNNScorer             coordinator.py:402
[2026/06/29 06:01:58] INFO     Running phase 'Predict' for Amazon2014VideoGames/ItemKNNScorer         coordinator.py:402
[2026/06/29 06:03:09] INFO     Running phase 'Evaluate' for Amazon2014VideoGames/ItemKNNScorer        coordinator.py:402
[2026/06/29 06:04:13] INFO     Amazon2014VideoGames/ItemKNNScorer done!                               coordinator.py:373
                      CRITICAL Stopping runner...                                                     coordinator.py:445
[2026/06/29 06:04:14] INFO     Reusing existing env 'LensKit_env' at                                          envs.py:48
                               /home/florian_dueck04/.omnirec/data/envs/LensKit_env                                     
                      INFO     Starting runner...                                                     coordinator.py:272
[2026/06/29 06:04:16] INFO     Runner started with pid: 15003                                         coordinator.py:297
                      INFO     Connecting to runner...                                                coordinator.py:135
                      INFO     Running phase 'Fit' for Amazon2014VideoGames/PopScorer                 coordinator.py:402
[2026/06/29 06:04:26] INFO     Running phase 'Predict' for Amazon2014VideoGames/PopScorer             coordinator.py:402
Traceback (most recent call last):
  File "/home/florian_dueck04/AutoRecLab-group4/.venv/lib/python3.12/site-packages/omnirec/runner/coordinator.py", line 212, in run
    self.run_split(
  File "/home/florian_dueck04/AutoRecLab-group4/.venv/lib/python3.12/site-packages/omnirec/runner/coordinator.py", line 354, in run_split
    self.wait_for_job(root._predict, root)
  File "/home/florian_dueck04/AutoRecLab-group4/.venv/lib/python3.12/site-packages/omnirec/runner/coordinator.py", line 385, in wait_for_job
    state = root._status(job_id)
            ^^^^^^^^^^^^^^^^^^^^
  File "/home/florian_dueck04/AutoRecLab-group4/.venv/lib/python3.12/site-packages/rpyc/core/netref.py", line 239, in __call__
    return syncreq(_self, consts.HANDLE_CALL, args, kwargs)
           ^^^^^^^^^^^^^^^^^^^^^^^^^^^^^^^^^^^^^^^^^^^^^^^^
  File "/home/florian_dueck04/AutoRecLab-group4/.venv/lib/python3.12/site-packages/rpyc/core/netref.py", line 63, in syncreq
    return conn.sync_request(handler, proxy, *args)
           ^^^^^^^^^^^^^^^^^^^^^^^^^^^^^^^^^^^^^^^^
  File "/home/florian_dueck04/AutoRecLab-group4/.venv/lib/python3.12/site-packages/rpyc/core/protocol.py", line 744, in sync_request
    return _async_res.value
           ^^^^^^^^^^^^^^^^
  File "/home/florian_dueck04/AutoRecLab-group4/.venv/lib/python3.12/site-packages/rpyc/core/async_.py", line 111, in value
    raise self._obj
rpyc.core.vinegar/concurrent.futures.process._get_exception_class.<locals>.Derived: A process in the process pool was terminated abruptly while the future was running or pending.

========= Remote Traceback (1) =========
Traceback (most recent call last):
  File "/home/florian_dueck04/.omnirec/data/envs/LensKit_env/lib/python3.11/site-packages/rpyc/core/protocol.py", line 369, in _dispatch_request
    res = self._HANDLERS[handler](self, *args)
          ^^^^^^^^^^^^^^^^^^^^^^^^^^^^^^^^^^^^
  File "/home/florian_dueck04/.omnirec/data/envs/LensKit_env/lib/python3.11/site-packages/rpyc/core/protocol.py", line 863, in _handle_call
    return obj(*args, **dict(kwargs))
           ^^^^^^^^^^^^^^^^^^^^^^^^^^
  File "/home/florian_dueck04/.omnirec/data/envs/LensKit_env/lib/python3.11/site-packages/omnirec_runner/runner.py", line 143, in _status
    raise exc
concurrent.futures.process.BrokenProcessPool: A process in the process pool was terminated abruptly while the future was running or pending.

[2026/06/29 06:08:57] CRITICAL Stopping runner...                                                     coordinator.py:445
                                       MovieLens100K-c0b4b14e: Evaluation Results                                       
┏━━━━━━━━━━━━━━━━┳━━━━━━━━━━━━━━━━┳━━━━━━━━━━━━━━━━┳━━━━━━━━━━━━━━━━┳━━━━━━━━━━━━━━━━┳━━━━━━━━━━━━━━━━┳━━━━━━━━━━━━━━━━┓
┃ Algorithm      ┃ NDCG@1         ┃ NDCG@10        ┃ NDCG@5         ┃ Precision@1    ┃ Precision@10   ┃ Precision@5    ┃
┡━━━━━━━━━━━━━━━━╇━━━━━━━━━━━━━━━━╇━━━━━━━━━━━━━━━━╇━━━━━━━━━━━━━━━━╇━━━━━━━━━━━━━━━━╇━━━━━━━━━━━━━━━━╇━━━━━━━━━━━━━━━━┩
│ LensKit.Impli… │ 0.21739130434… │ 0.17711291461… │ 0.18869919378… │ 0.21739130434… │ 0.16861081654… │ 0.18197242841… │
│ LensKit.Impli… │ 0.21845174973… │ 0.18586644380… │ 0.19856243872… │ 0.21845174973… │ 0.17730646871… │ 0.19257688229… │
│ LensKit.Impli… │ 0.22481442205… │ 0.19299019938… │ 0.20400063714… │ 0.22481442205… │ 0.18451749734… │ 0.19660657476… │
│ LensKit.Impli… │ 0.22481442205… │ 0.18229935491… │ 0.19763743283… │ 0.22481442205… │ 0.17306468716… │ 0.19257688229… │
│ LensKit.Impli… │ 0.19936373276… │ 0.17947550541… │ 0.19265018154… │ 0.19936373276… │ 0.17285259809… │ 0.19088016967… │
│ LensKit.ItemK… │ 0.30858960763… │ 0.22721602590… │ 0.26126978431… │ 0.30858960763… │ 0.20572640509… │ 0.24814422057… │
│ LensKit.ItemK… │ 0.31177094379… │ 0.22989677306… │ 0.26072327638… │ 0.31177094379… │ 0.20837751855… │ 0.24496288441… │
│ LensKit.ItemK… │ 0.33510074231… │ 0.23550198991… │ 0.26354645456… │ 0.33510074231… │ 0.21463414634… │ 0.24623541887… │
│ LensKit.ItemK… │ 0.33828207847… │ 0.24187563759… │ 0.28632182802… │ 0.33828207847… │ 0.21346765641… │ 0.26850477200… │
│ LensKit.ItemK… │ 0.32873806998… │ 0.23046024493… │ 0.26515042983… │ 0.32873806998… │ 0.20625662778… │ 0.24750795334… │
│ LensKit.PopSc… │ 0.21739130434… │ 0.15543838106… │ 0.16902823582… │ 0.21739130434… │ 0.14273594909… │ 0.15503711558… │
│ LensKit.PopSc… │ 0.23860021208… │ 0.16335523029… │ 0.17613590329… │ 0.23860021208… │ 0.15100742311… │ 0.16182396606… │
│ LensKit.PopSc… │ 0.22269353128… │ 0.15437182921… │ 0.16595088256… │ 0.22269353128… │ 0.14178154825… │ 0.15058324496… │
│ LensKit.PopSc… │ 0.20784729586… │ 0.15619518987… │ 0.16689151706… │ 0.20784729586… │ 0.14612937433… │ 0.15567338282… │
│ LensKit.PopSc… │ 0.23435843054… │ 0.15783288049… │ 0.17160685629… │ 0.23435843054… │ 0.14559915164… │ 0.15843054082… │
└────────────────┴────────────────┴────────────────┴────────────────┴────────────────┴────────────────┴────────────────┘
                                   Amazon2014VideoGames-774b8a2c: Evaluation Results                                    
┏━━━━━━━━━━━━━━━━┳━━━━━━━━━━━━━━━━┳━━━━━━━━━━━━━━━━┳━━━━━━━━━━━━━━━━┳━━━━━━━━━━━━━━━━┳━━━━━━━━━━━━━━━━┳━━━━━━━━━━━━━━━━┓
┃ Algorithm      ┃ NDCG@1         ┃ NDCG@10        ┃ NDCG@5         ┃ Precision@1    ┃ Precision@10   ┃ Precision@5    ┃
┡━━━━━━━━━━━━━━━━╇━━━━━━━━━━━━━━━━╇━━━━━━━━━━━━━━━━╇━━━━━━━━━━━━━━━━╇━━━━━━━━━━━━━━━━╇━━━━━━━━━━━━━━━━╇━━━━━━━━━━━━━━━━┩
│ LensKit.ItemK… │ 0.02508903417… │ 0.01670547592… │ 0.01981671886… │ 0.02508903417… │ 0.01451655769… │ 0.01815765693… │
│ LensKit.ItemK… │ 0.02631159304… │ 0.01723709994… │ 0.02055761863… │ 0.02631159304… │ 0.01504278956… │ 0.01904002551… │
│ LensKit.ItemK… │ 0.02407909424… │ 0.01584757308… │ 0.01877727587… │ 0.02407909424… │ 0.01390527826… │ 0.01745601445… │
│ LensKit.ItemK… │ 0.02551427204… │ 0.01720616507… │ 0.02039892967… │ 0.02551427204… │ 0.01509062882… │ 0.01895497794… │
│ LensKit.ItemK… │ 0.02663052144… │ 0.01611673659… │ 0.01914764351… │ 0.02663052144… │ 0.01384149258… │ 0.01723276457… │
└────────────────┴────────────────┴────────────────┴────────────────┴────────────────┴────────────────┴────────────────┘
{'MovieLens100K-c0b4b14e':                                algorithm  fold       name   k     value
0   LensKit.ImplicitMFScorer-f0dd7ecb-11  None       NDCG   1  0.217391
1   LensKit.ImplicitMFScorer-f0dd7ecb-11  None       NDCG   5  0.188699
2   LensKit.ImplicitMFScorer-f0dd7ecb-11  None       NDCG  10  0.177113
3   LensKit.ImplicitMFScorer-f0dd7ecb-11  None  Precision   1  0.217391
4   LensKit.ImplicitMFScorer-f0dd7ecb-11  None  Precision   5  0.181972
..                                   ...   ...        ...  ..       ...
85         LensKit.PopScorer-f4aa5539-55  None       NDCG   5  0.171607
86         LensKit.PopScorer-f4aa5539-55  None       NDCG  10  0.157833
87         LensKit.PopScorer-f4aa5539-55  None  Precision   1  0.234358
88         LensKit.PopScorer-f4aa5539-55  None  Precision   5  0.158431
89         LensKit.PopScorer-f4aa5539-55  None  Precision  10  0.145599

[90 rows x 5 columns], 'Amazon2014VideoGames-774b8a2c':                             algorithm  fold       name   k     value
0   LensKit.ItemKNNScorer-c3d66610-11  None       NDCG   1  0.025089
1   LensKit.ItemKNNScorer-c3d66610-11  None       NDCG   5  0.019817
2   LensKit.ItemKNNScorer-c3d66610-11  None       NDCG  10  0.016705
3   LensKit.ItemKNNScorer-c3d66610-11  None  Precision   1  0.025089
4   LensKit.ItemKNNScorer-c3d66610-11  None  Precision   5  0.018158
5   LensKit.ItemKNNScorer-c3d66610-11  None  Precision  10  0.014517
6   LensKit.ItemKNNScorer-c3d66610-22  None       NDCG   1  0.026312
7   LensKit.ItemKNNScorer-c3d66610-22  None       NDCG   5  0.020558
8   LensKit.ItemKNNScorer-c3d66610-22  None       NDCG  10  0.017237
9   LensKit.ItemKNNScorer-c3d66610-22  None  Precision   1  0.026312
10  LensKit.ItemKNNScorer-c3d66610-22  None  Precision   5  0.019040
11  LensKit.ItemKNNScorer-c3d66610-22  None  Precision  10  0.015043
12  LensKit.ItemKNNScorer-c3d66610-33  None       NDCG   1  0.024079
13  LensKit.ItemKNNScorer-c3d66610-33  None       NDCG   5  0.018777
14  LensKit.ItemKNNScorer-c3d66610-33  None       NDCG  10  0.015848
15  LensKit.ItemKNNScorer-c3d66610-33  None  Precision   1  0.024079
16  LensKit.ItemKNNScorer-c3d66610-33  None  Precision   5  0.017456
17  LensKit.ItemKNNScorer-c3d66610-33  None  Precision  10  0.013905
18  LensKit.ItemKNNScorer-c3d66610-44  None       NDCG   1  0.025514
19  LensKit.ItemKNNScorer-c3d66610-44  None       NDCG   5  0.020399
20  LensKit.ItemKNNScorer-c3d66610-44  None       NDCG  10  0.017206
21  LensKit.ItemKNNScorer-c3d66610-44  None  Precision   1  0.025514
22  LensKit.ItemKNNScorer-c3d66610-44  None  Precision   5  0.018955
23  LensKit.ItemKNNScorer-c3d66610-44  None  Precision  10  0.015091
0   LensKit.ItemKNNScorer-c3d66610-55  None       NDCG   1  0.026631
1   LensKit.ItemKNNScorer-c3d66610-55  None       NDCG   5  0.019148
2   LensKit.ItemKNNScorer-c3d66610-55  None       NDCG  10  0.016117
3   LensKit.ItemKNNScorer-c3d66610-55  None  Precision   1  0.026631
4   LensKit.ItemKNNScorer-c3d66610-55  None  Precision   5  0.017233
5   LensKit.ItemKNNScorer-c3d66610-55  None  Precision  10  0.013841}

=== Dataset: HetrecLastFM ===
-- Seed 11
                      INFO     Canonicalized data set already exists, skipping download and       recsys_data_set.py:205
                               canonicalization.                                                                        
                      INFO     Pruning data set to 5-core.                                            core_pruning.py:19
                      INFO     Number of interactions before: 71064                                   core_pruning.py:20
                      INFO     Number of interactions after: 52551                                    core_pruning.py:63
[2026/06/29 06:08:58] INFO     Reusing existing env 'LensKit_env' at                                          envs.py:48
                               /home/florian_dueck04/.omnirec/data/envs/LensKit_env                                     
                      INFO     Starting runner...                                                     coordinator.py:272
[2026/06/29 06:09:06] INFO     Runner started with pid: 15183                                         coordinator.py:297
                      INFO     Connecting to runner...                                                coordinator.py:135
                      INFO     Running phase 'Fit' for HetrecLastFM/ImplicitMFScorer                  coordinator.py:402
[2026/06/29 06:09:16] INFO     Running phase 'Predict' for HetrecLastFM/ImplicitMFScorer              coordinator.py:402
[2026/06/29 06:09:36] INFO     Running phase 'Evaluate' for HetrecLastFM/ImplicitMFScorer             coordinator.py:402
Traceback (most recent call last):
  File "/home/florian_dueck04/AutoRecLab-group4/.venv/lib/python3.12/site-packages/omnirec/runner/coordinator.py", line 212, in run
    self.run_split(
  File "/home/florian_dueck04/AutoRecLab-group4/.venv/lib/python3.12/site-packages/omnirec/runner/coordinator.py", line 365, in run_split
    self._evaluator.run_evaluation(
  File "/home/florian_dueck04/AutoRecLab-group4/.venv/lib/python3.12/site-packages/omnirec/runner/evaluation.py", line 54, in run_evaluation
    mr = m.calculate(predictions, test)
         ^^^^^^^^^^^^^^^^^^^^^^^^^^^^^^
  File "/home/florian_dueck04/AutoRecLab-group4/.venv/lib/python3.12/site-packages/omnirec/metrics/ranking.py", line 74, in calculate
    top_k_dict = self.make_topk_dict(predictions)
                 ^^^^^^^^^^^^^^^^^^^^^^^^^^^^^^^^
  File "/home/florian_dueck04/AutoRecLab-group4/.venv/lib/python3.12/site-packages/omnirec/metrics/ranking.py", line 24, in make_topk_dict
    for user, group in predictions.sort_values("rank").groupby("user"):
                       ^^^^^^^^^^^^^^^^^^^^^^^^^^^^^^^
  File "/home/florian_dueck04/AutoRecLab-group4/.venv/lib/python3.12/site-packages/pandas/core/frame.py", line 7211, in sort_values
    k = self._get_label_or_level_values(by[0], axis=axis)
        ^^^^^^^^^^^^^^^^^^^^^^^^^^^^^^^^^^^^^^^^^^^^^^^^^
  File "/home/florian_dueck04/AutoRecLab-group4/.venv/lib/python3.12/site-packages/pandas/core/generic.py", line 1914, in _get_label_or_level_values
    raise KeyError(key)
KeyError: 'rank'
                      CRITICAL Stopping runner...                                                     coordinator.py:445
                      INFO     Reusing existing env 'LensKit_env' at                                          envs.py:48
                               /home/florian_dueck04/.omnirec/data/envs/LensKit_env                                     
                      INFO     Starting runner...                                                     coordinator.py:272
[2026/06/29 06:09:39] INFO     Runner started with pid: 15285                                         coordinator.py:297
                      INFO     Connecting to runner...                                                coordinator.py:135
                      INFO     Running phase 'Fit' for HetrecLastFM/ItemKNNScorer                     coordinator.py:402
[2026/06/29 06:09:49] INFO     Running phase 'Predict' for HetrecLastFM/ItemKNNScorer                 coordinator.py:402
[2026/06/29 06:09:59] INFO     Running phase 'Evaluate' for HetrecLastFM/ItemKNNScorer                coordinator.py:402
Traceback (most recent call last):
  File "/home/florian_dueck04/AutoRecLab-group4/.venv/lib/python3.12/site-packages/omnirec/runner/coordinator.py", line 212, in run
    self.run_split(
  File "/home/florian_dueck04/AutoRecLab-group4/.venv/lib/python3.12/site-packages/omnirec/runner/coordinator.py", line 365, in run_split
    self._evaluator.run_evaluation(
  File "/home/florian_dueck04/AutoRecLab-group4/.venv/lib/python3.12/site-packages/omnirec/runner/evaluation.py", line 54, in run_evaluation
    mr = m.calculate(predictions, test)
         ^^^^^^^^^^^^^^^^^^^^^^^^^^^^^^
  File "/home/florian_dueck04/AutoRecLab-group4/.venv/lib/python3.12/site-packages/omnirec/metrics/ranking.py", line 74, in calculate
    top_k_dict = self.make_topk_dict(predictions)
                 ^^^^^^^^^^^^^^^^^^^^^^^^^^^^^^^^
  File "/home/florian_dueck04/AutoRecLab-group4/.venv/lib/python3.12/site-packages/omnirec/metrics/ranking.py", line 24, in make_topk_dict
    for user, group in predictions.sort_values("rank").groupby("user"):
                       ^^^^^^^^^^^^^^^^^^^^^^^^^^^^^^^
  File "/home/florian_dueck04/AutoRecLab-group4/.venv/lib/python3.12/site-packages/pandas/core/frame.py", line 7211, in sort_values
    k = self._get_label_or_level_values(by[0], axis=axis)
        ^^^^^^^^^^^^^^^^^^^^^^^^^^^^^^^^^^^^^^^^^^^^^^^^^
  File "/home/florian_dueck04/AutoRecLab-group4/.venv/lib/python3.12/site-packages/pandas/core/generic.py", line 1914, in _get_label_or_level_values
    raise KeyError(key)
KeyError: 'rank'
                      CRITICAL Stopping runner...                                                     coordinator.py:445
                      INFO     Reusing existing env 'LensKit_env' at                                          envs.py:48
                               /home/florian_dueck04/.omnirec/data/envs/LensKit_env                                     
                      INFO     Starting runner...                                                     coordinator.py:272
[2026/06/29 06:10:02] INFO     Runner started with pid: 15378                                         coordinator.py:297
                      INFO     Connecting to runner...                                                coordinator.py:135
                      INFO     Running phase 'Fit' for HetrecLastFM/PopScorer                         coordinator.py:402
[2026/06/29 06:10:12] INFO     Running phase 'Predict' for HetrecLastFM/PopScorer                     coordinator.py:402
[2026/06/29 06:10:22] INFO     Running phase 'Evaluate' for HetrecLastFM/PopScorer                    coordinator.py:402
Traceback (most recent call last):
  File "/home/florian_dueck04/AutoRecLab-group4/.venv/lib/python3.12/site-packages/omnirec/runner/coordinator.py", line 212, in run
    self.run_split(
  File "/home/florian_dueck04/AutoRecLab-group4/.venv/lib/python3.12/site-packages/omnirec/runner/coordinator.py", line 365, in run_split
    self._evaluator.run_evaluation(
  File "/home/florian_dueck04/AutoRecLab-group4/.venv/lib/python3.12/site-packages/omnirec/runner/evaluation.py", line 54, in run_evaluation
    mr = m.calculate(predictions, test)
         ^^^^^^^^^^^^^^^^^^^^^^^^^^^^^^
  File "/home/florian_dueck04/AutoRecLab-group4/.venv/lib/python3.12/site-packages/omnirec/metrics/ranking.py", line 74, in calculate
    top_k_dict = self.make_topk_dict(predictions)
                 ^^^^^^^^^^^^^^^^^^^^^^^^^^^^^^^^
  File "/home/florian_dueck04/AutoRecLab-group4/.venv/lib/python3.12/site-packages/omnirec/metrics/ranking.py", line 24, in make_topk_dict
    for user, group in predictions.sort_values("rank").groupby("user"):
                       ^^^^^^^^^^^^^^^^^^^^^^^^^^^^^^^
  File "/home/florian_dueck04/AutoRecLab-group4/.venv/lib/python3.12/site-packages/pandas/core/frame.py", line 7211, in sort_values
    k = self._get_label_or_level_values(by[0], axis=axis)
        ^^^^^^^^^^^^^^^^^^^^^^^^^^^^^^^^^^^^^^^^^^^^^^^^^
  File "/home/florian_dueck04/AutoRecLab-group4/.venv/lib/python3.12/site-packages/pandas/core/generic.py", line 1914, in _get_label_or_level_values
    raise KeyError(key)
KeyError: 'rank'
                      CRITICAL Stopping runner...                                                     coordinator.py:445
                                       MovieLens100K-c0b4b14e: Evaluation Results                                       
┏━━━━━━━━━━━━━━━━┳━━━━━━━━━━━━━━━━┳━━━━━━━━━━━━━━━━┳━━━━━━━━━━━━━━━━┳━━━━━━━━━━━━━━━━┳━━━━━━━━━━━━━━━━┳━━━━━━━━━━━━━━━━┓
┃ Algorithm      ┃ NDCG@1         ┃ NDCG@10        ┃ NDCG@5         ┃ Precision@1    ┃ Precision@10   ┃ Precision@5    ┃
┡━━━━━━━━━━━━━━━━╇━━━━━━━━━━━━━━━━╇━━━━━━━━━━━━━━━━╇━━━━━━━━━━━━━━━━╇━━━━━━━━━━━━━━━━╇━━━━━━━━━━━━━━━━╇━━━━━━━━━━━━━━━━┩
│ LensKit.Impli… │ 0.21739130434… │ 0.17711291461… │ 0.18869919378… │ 0.21739130434… │ 0.16861081654… │ 0.18197242841… │
│ LensKit.Impli… │ 0.21845174973… │ 0.18586644380… │ 0.19856243872… │ 0.21845174973… │ 0.17730646871… │ 0.19257688229… │
│ LensKit.Impli… │ 0.22481442205… │ 0.19299019938… │ 0.20400063714… │ 0.22481442205… │ 0.18451749734… │ 0.19660657476… │
│ LensKit.Impli… │ 0.22481442205… │ 0.18229935491… │ 0.19763743283… │ 0.22481442205… │ 0.17306468716… │ 0.19257688229… │
│ LensKit.Impli… │ 0.19936373276… │ 0.17947550541… │ 0.19265018154… │ 0.19936373276… │ 0.17285259809… │ 0.19088016967… │
│ LensKit.ItemK… │ 0.30858960763… │ 0.22721602590… │ 0.26126978431… │ 0.30858960763… │ 0.20572640509… │ 0.24814422057… │
│ LensKit.ItemK… │ 0.31177094379… │ 0.22989677306… │ 0.26072327638… │ 0.31177094379… │ 0.20837751855… │ 0.24496288441… │
│ LensKit.ItemK… │ 0.33510074231… │ 0.23550198991… │ 0.26354645456… │ 0.33510074231… │ 0.21463414634… │ 0.24623541887… │
│ LensKit.ItemK… │ 0.33828207847… │ 0.24187563759… │ 0.28632182802… │ 0.33828207847… │ 0.21346765641… │ 0.26850477200… │
│ LensKit.ItemK… │ 0.32873806998… │ 0.23046024493… │ 0.26515042983… │ 0.32873806998… │ 0.20625662778… │ 0.24750795334… │
│ LensKit.PopSc… │ 0.21739130434… │ 0.15543838106… │ 0.16902823582… │ 0.21739130434… │ 0.14273594909… │ 0.15503711558… │
│ LensKit.PopSc… │ 0.23860021208… │ 0.16335523029… │ 0.17613590329… │ 0.23860021208… │ 0.15100742311… │ 0.16182396606… │
│ LensKit.PopSc… │ 0.22269353128… │ 0.15437182921… │ 0.16595088256… │ 0.22269353128… │ 0.14178154825… │ 0.15058324496… │
│ LensKit.PopSc… │ 0.20784729586… │ 0.15619518987… │ 0.16689151706… │ 0.20784729586… │ 0.14612937433… │ 0.15567338282… │
│ LensKit.PopSc… │ 0.23435843054… │ 0.15783288049… │ 0.17160685629… │ 0.23435843054… │ 0.14559915164… │ 0.15843054082… │
└────────────────┴────────────────┴────────────────┴────────────────┴────────────────┴────────────────┴────────────────┘
                                   Amazon2014VideoGames-774b8a2c: Evaluation Results                                    
┏━━━━━━━━━━━━━━━━┳━━━━━━━━━━━━━━━━┳━━━━━━━━━━━━━━━━┳━━━━━━━━━━━━━━━━┳━━━━━━━━━━━━━━━━┳━━━━━━━━━━━━━━━━┳━━━━━━━━━━━━━━━━┓
┃ Algorithm      ┃ NDCG@1         ┃ NDCG@10        ┃ NDCG@5         ┃ Precision@1    ┃ Precision@10   ┃ Precision@5    ┃
┡━━━━━━━━━━━━━━━━╇━━━━━━━━━━━━━━━━╇━━━━━━━━━━━━━━━━╇━━━━━━━━━━━━━━━━╇━━━━━━━━━━━━━━━━╇━━━━━━━━━━━━━━━━╇━━━━━━━━━━━━━━━━┩
│ LensKit.ItemK… │ 0.02508903417… │ 0.01670547592… │ 0.01981671886… │ 0.02508903417… │ 0.01451655769… │ 0.01815765693… │
│ LensKit.ItemK… │ 0.02631159304… │ 0.01723709994… │ 0.02055761863… │ 0.02631159304… │ 0.01504278956… │ 0.01904002551… │
│ LensKit.ItemK… │ 0.02407909424… │ 0.01584757308… │ 0.01877727587… │ 0.02407909424… │ 0.01390527826… │ 0.01745601445… │
│ LensKit.ItemK… │ 0.02551427204… │ 0.01720616507… │ 0.02039892967… │ 0.02551427204… │ 0.01509062882… │ 0.01895497794… │
│ LensKit.ItemK… │ 0.02663052144… │ 0.01611673659… │ 0.01914764351… │ 0.02663052144… │ 0.01384149258… │ 0.01723276457… │
└────────────────┴────────────────┴────────────────┴────────────────┴────────────────┴────────────────┴────────────────┘
{'MovieLens100K-c0b4b14e':                                algorithm  fold       name   k     value
0   LensKit.ImplicitMFScorer-f0dd7ecb-11  None       NDCG   1  0.217391
1   LensKit.ImplicitMFScorer-f0dd7ecb-11  None       NDCG   5  0.188699
2   LensKit.ImplicitMFScorer-f0dd7ecb-11  None       NDCG  10  0.177113
3   LensKit.ImplicitMFScorer-f0dd7ecb-11  None  Precision   1  0.217391
4   LensKit.ImplicitMFScorer-f0dd7ecb-11  None  Precision   5  0.181972
..                                   ...   ...        ...  ..       ...
85         LensKit.PopScorer-f4aa5539-55  None       NDCG   5  0.171607
86         LensKit.PopScorer-f4aa5539-55  None       NDCG  10  0.157833
87         LensKit.PopScorer-f4aa5539-55  None  Precision   1  0.234358
88         LensKit.PopScorer-f4aa5539-55  None  Precision   5  0.158431
89         LensKit.PopScorer-f4aa5539-55  None  Precision  10  0.145599

[90 rows x 5 columns], 'Amazon2014VideoGames-774b8a2c':                             algorithm  fold       name   k     value
0   LensKit.ItemKNNScorer-c3d66610-11  None       NDCG   1  0.025089
1   LensKit.ItemKNNScorer-c3d66610-11  None       NDCG   5  0.019817
2   LensKit.ItemKNNScorer-c3d66610-11  None       NDCG  10  0.016705
3   LensKit.ItemKNNScorer-c3d66610-11  None  Precision   1  0.025089
4   LensKit.ItemKNNScorer-c3d66610-11  None  Precision   5  0.018158
5   LensKit.ItemKNNScorer-c3d66610-11  None  Precision  10  0.014517
6   LensKit.ItemKNNScorer-c3d66610-22  None       NDCG   1  0.026312
7   LensKit.ItemKNNScorer-c3d66610-22  None       NDCG   5  0.020558
8   LensKit.ItemKNNScorer-c3d66610-22  None       NDCG  10  0.017237
9   LensKit.ItemKNNScorer-c3d66610-22  None  Precision   1  0.026312
10  LensKit.ItemKNNScorer-c3d66610-22  None  Precision   5  0.019040
11  LensKit.ItemKNNScorer-c3d66610-22  None  Precision  10  0.015043
12  LensKit.ItemKNNScorer-c3d66610-33  None       NDCG   1  0.024079
13  LensKit.ItemKNNScorer-c3d66610-33  None       NDCG   5  0.018777
14  LensKit.ItemKNNScorer-c3d66610-33  None       NDCG  10  0.015848
15  LensKit.ItemKNNScorer-c3d66610-33  None  Precision   1  0.024079
16  LensKit.ItemKNNScorer-c3d66610-33  None  Precision   5  0.017456
17  LensKit.ItemKNNScorer-c3d66610-33  None  Precision  10  0.013905
18  LensKit.ItemKNNScorer-c3d66610-44  None       NDCG   1  0.025514
19  LensKit.ItemKNNScorer-c3d66610-44  None       NDCG   5  0.020399
20  LensKit.ItemKNNScorer-c3d66610-44  None       NDCG  10  0.017206
21  LensKit.ItemKNNScorer-c3d66610-44  None  Precision   1  0.025514
22  LensKit.ItemKNNScorer-c3d66610-44  None  Precision   5  0.018955
23  LensKit.ItemKNNScorer-c3d66610-44  None  Precision  10  0.015091
24  LensKit.ItemKNNScorer-c3d66610-55  None       NDCG   1  0.026631
25  LensKit.ItemKNNScorer-c3d66610-55  None       NDCG   5  0.019148
26  LensKit.ItemKNNScorer-c3d66610-55  None       NDCG  10  0.016117
27  LensKit.ItemKNNScorer-c3d66610-55  None  Precision   1  0.026631
28  LensKit.ItemKNNScorer-c3d66610-55  None  Precision   5  0.017233
29  LensKit.ItemKNNScorer-c3d66610-55  None  Precision  10  0.013841}
-- Seed 22
                      INFO     Canonicalized data set already exists, skipping download and       recsys_data_set.py:205
                               canonicalization.                                                                        
                      INFO     Pruning data set to 5-core.                                            core_pruning.py:19
                      INFO     Number of interactions before: 71064                                   core_pruning.py:20
                      INFO     Number of interactions after: 52551                                    core_pruning.py:63
[2026/06/29 06:10:23] INFO     Reusing existing env 'LensKit_env' at                                          envs.py:48
                               /home/florian_dueck04/.omnirec/data/envs/LensKit_env                                     
                      INFO     Starting runner...                                                     coordinator.py:272
[2026/06/29 06:10:25] INFO     Runner started with pid: 15468                                         coordinator.py:297
                      INFO     Connecting to runner...                                                coordinator.py:135
                      INFO     Running phase 'Fit' for HetrecLastFM/ImplicitMFScorer                  coordinator.py:402
[2026/06/29 06:10:35] INFO     Running phase 'Predict' for HetrecLastFM/ImplicitMFScorer              coordinator.py:402
[2026/06/29 06:10:55] INFO     Running phase 'Evaluate' for HetrecLastFM/ImplicitMFScorer             coordinator.py:402
Traceback (most recent call last):
  File "/home/florian_dueck04/AutoRecLab-group4/.venv/lib/python3.12/site-packages/omnirec/runner/coordinator.py", line 212, in run
    self.run_split(
  File "/home/florian_dueck04/AutoRecLab-group4/.venv/lib/python3.12/site-packages/omnirec/runner/coordinator.py", line 365, in run_split
    self._evaluator.run_evaluation(
  File "/home/florian_dueck04/AutoRecLab-group4/.venv/lib/python3.12/site-packages/omnirec/runner/evaluation.py", line 54, in run_evaluation
    mr = m.calculate(predictions, test)
         ^^^^^^^^^^^^^^^^^^^^^^^^^^^^^^
  File "/home/florian_dueck04/AutoRecLab-group4/.venv/lib/python3.12/site-packages/omnirec/metrics/ranking.py", line 74, in calculate
    top_k_dict = self.make_topk_dict(predictions)
                 ^^^^^^^^^^^^^^^^^^^^^^^^^^^^^^^^
  File "/home/florian_dueck04/AutoRecLab-group4/.venv/lib/python3.12/site-packages/omnirec/metrics/ranking.py", line 24, in make_topk_dict
    for user, group in predictions.sort_values("rank").groupby("user"):
                       ^^^^^^^^^^^^^^^^^^^^^^^^^^^^^^^
  File "/home/florian_dueck04/AutoRecLab-group4/.venv/lib/python3.12/site-packages/pandas/core/frame.py", line 7211, in sort_values
    k = self._get_label_or_level_values(by[0], axis=axis)
        ^^^^^^^^^^^^^^^^^^^^^^^^^^^^^^^^^^^^^^^^^^^^^^^^^
  File "/home/florian_dueck04/AutoRecLab-group4/.venv/lib/python3.12/site-packages/pandas/core/generic.py", line 1914, in _get_label_or_level_values
    raise KeyError(key)
KeyError: 'rank'
                      CRITICAL Stopping runner...                                                     coordinator.py:445
[2026/06/29 06:10:56] INFO     Reusing existing env 'LensKit_env' at                                          envs.py:48
                               /home/florian_dueck04/.omnirec/data/envs/LensKit_env                                     
                      INFO     Starting runner...                                                     coordinator.py:272
[2026/06/29 06:10:58] INFO     Runner started with pid: 15565                                         coordinator.py:297
                      INFO     Connecting to runner...                                                coordinator.py:135
                      INFO     Running phase 'Fit' for HetrecLastFM/ItemKNNScorer                     coordinator.py:402
[2026/06/29 06:11:08] INFO     Running phase 'Predict' for HetrecLastFM/ItemKNNScorer                 coordinator.py:402
[2026/06/29 06:11:18] INFO     Running phase 'Evaluate' for HetrecLastFM/ItemKNNScorer                coordinator.py:402
Traceback (most recent call last):
  File "/home/florian_dueck04/AutoRecLab-group4/.venv/lib/python3.12/site-packages/omnirec/runner/coordinator.py", line 212, in run
    self.run_split(
  File "/home/florian_dueck04/AutoRecLab-group4/.venv/lib/python3.12/site-packages/omnirec/runner/coordinator.py", line 365, in run_split
    self._evaluator.run_evaluation(
  File "/home/florian_dueck04/AutoRecLab-group4/.venv/lib/python3.12/site-packages/omnirec/runner/evaluation.py", line 54, in run_evaluation
    mr = m.calculate(predictions, test)
         ^^^^^^^^^^^^^^^^^^^^^^^^^^^^^^
  File "/home/florian_dueck04/AutoRecLab-group4/.venv/lib/python3.12/site-packages/omnirec/metrics/ranking.py", line 74, in calculate
    top_k_dict = self.make_topk_dict(predictions)
                 ^^^^^^^^^^^^^^^^^^^^^^^^^^^^^^^^
  File "/home/florian_dueck04/AutoRecLab-group4/.venv/lib/python3.12/site-packages/omnirec/metrics/ranking.py", line 24, in make_topk_dict
    for user, group in predictions.sort_values("rank").groupby("user"):
                       ^^^^^^^^^^^^^^^^^^^^^^^^^^^^^^^
  File "/home/florian_dueck04/AutoRecLab-group4/.venv/lib/python3.12/site-packages/pandas/core/frame.py", line 7211, in sort_values
    k = self._get_label_or_level_values(by[0], axis=axis)
        ^^^^^^^^^^^^^^^^^^^^^^^^^^^^^^^^^^^^^^^^^^^^^^^^^
  File "/home/florian_dueck04/AutoRecLab-group4/.venv/lib/python3.12/site-packages/pandas/core/generic.py", line 1914, in _get_label_or_level_values
    raise KeyError(key)
KeyError: 'rank'
                      CRITICAL Stopping runner...                                                     coordinator.py:445
                      INFO     Reusing existing env 'LensKit_env' at                                          envs.py:48
                               /home/florian_dueck04/.omnirec/data/envs/LensKit_env                                     
                      INFO     Starting runner...                                                     coordinator.py:272
[2026/06/29 06:11:21] INFO     Runner started with pid: 15663                                         coordinator.py:297
                      INFO     Connecting to runner...                                                coordinator.py:135
                      INFO     Running phase 'Fit' for HetrecLastFM/PopScorer                         coordinator.py:402
[2026/06/29 06:11:31] INFO     Running phase 'Predict' for HetrecLastFM/PopScorer                     coordinator.py:402
[2026/06/29 06:11:41] INFO     Running phase 'Evaluate' for HetrecLastFM/PopScorer                    coordinator.py:402
Traceback (most recent call last):
  File "/home/florian_dueck04/AutoRecLab-group4/.venv/lib/python3.12/site-packages/omnirec/runner/coordinator.py", line 212, in run
    self.run_split(
  File "/home/florian_dueck04/AutoRecLab-group4/.venv/lib/python3.12/site-packages/omnirec/runner/coordinator.py", line 365, in run_split
    self._evaluator.run_evaluation(
  File "/home/florian_dueck04/AutoRecLab-group4/.venv/lib/python3.12/site-packages/omnirec/runner/evaluation.py", line 54, in run_evaluation
    mr = m.calculate(predictions, test)
         ^^^^^^^^^^^^^^^^^^^^^^^^^^^^^^
  File "/home/florian_dueck04/AutoRecLab-group4/.venv/lib/python3.12/site-packages/omnirec/metrics/ranking.py", line 74, in calculate
    top_k_dict = self.make_topk_dict(predictions)
                 ^^^^^^^^^^^^^^^^^^^^^^^^^^^^^^^^
  File "/home/florian_dueck04/AutoRecLab-group4/.venv/lib/python3.12/site-packages/omnirec/metrics/ranking.py", line 24, in make_topk_dict
    for user, group in predictions.sort_values("rank").groupby("user"):
                       ^^^^^^^^^^^^^^^^^^^^^^^^^^^^^^^
  File "/home/florian_dueck04/AutoRecLab-group4/.venv/lib/python3.12/site-packages/pandas/core/frame.py", line 7211, in sort_values
    k = self._get_label_or_level_values(by[0], axis=axis)
        ^^^^^^^^^^^^^^^^^^^^^^^^^^^^^^^^^^^^^^^^^^^^^^^^^
  File "/home/florian_dueck04/AutoRecLab-group4/.venv/lib/python3.12/site-packages/pandas/core/generic.py", line 1914, in _get_label_or_level_values
    raise KeyError(key)
KeyError: 'rank'
                      CRITICAL Stopping runner...                                                     coordinator.py:445
                                       MovieLens100K-c0b4b14e: Evaluation Results                                       
┏━━━━━━━━━━━━━━━━┳━━━━━━━━━━━━━━━━┳━━━━━━━━━━━━━━━━┳━━━━━━━━━━━━━━━━┳━━━━━━━━━━━━━━━━┳━━━━━━━━━━━━━━━━┳━━━━━━━━━━━━━━━━┓
┃ Algorithm      ┃ NDCG@1         ┃ NDCG@10        ┃ NDCG@5         ┃ Precision@1    ┃ Precision@10   ┃ Precision@5    ┃
┡━━━━━━━━━━━━━━━━╇━━━━━━━━━━━━━━━━╇━━━━━━━━━━━━━━━━╇━━━━━━━━━━━━━━━━╇━━━━━━━━━━━━━━━━╇━━━━━━━━━━━━━━━━╇━━━━━━━━━━━━━━━━┩
│ LensKit.Impli… │ 0.21739130434… │ 0.17711291461… │ 0.18869919378… │ 0.21739130434… │ 0.16861081654… │ 0.18197242841… │
│ LensKit.Impli… │ 0.21845174973… │ 0.18586644380… │ 0.19856243872… │ 0.21845174973… │ 0.17730646871… │ 0.19257688229… │
│ LensKit.Impli… │ 0.22481442205… │ 0.19299019938… │ 0.20400063714… │ 0.22481442205… │ 0.18451749734… │ 0.19660657476… │
│ LensKit.Impli… │ 0.22481442205… │ 0.18229935491… │ 0.19763743283… │ 0.22481442205… │ 0.17306468716… │ 0.19257688229… │
│ LensKit.Impli… │ 0.19936373276… │ 0.17947550541… │ 0.19265018154… │ 0.19936373276… │ 0.17285259809… │ 0.19088016967… │
│ LensKit.ItemK… │ 0.30858960763… │ 0.22721602590… │ 0.26126978431… │ 0.30858960763… │ 0.20572640509… │ 0.24814422057… │
│ LensKit.ItemK… │ 0.31177094379… │ 0.22989677306… │ 0.26072327638… │ 0.31177094379… │ 0.20837751855… │ 0.24496288441… │
│ LensKit.ItemK… │ 0.33510074231… │ 0.23550198991… │ 0.26354645456… │ 0.33510074231… │ 0.21463414634… │ 0.24623541887… │
│ LensKit.ItemK… │ 0.33828207847… │ 0.24187563759… │ 0.28632182802… │ 0.33828207847… │ 0.21346765641… │ 0.26850477200… │
│ LensKit.ItemK… │ 0.32873806998… │ 0.23046024493… │ 0.26515042983… │ 0.32873806998… │ 0.20625662778… │ 0.24750795334… │
│ LensKit.PopSc… │ 0.21739130434… │ 0.15543838106… │ 0.16902823582… │ 0.21739130434… │ 0.14273594909… │ 0.15503711558… │
│ LensKit.PopSc… │ 0.23860021208… │ 0.16335523029… │ 0.17613590329… │ 0.23860021208… │ 0.15100742311… │ 0.16182396606… │
│ LensKit.PopSc… │ 0.22269353128… │ 0.15437182921… │ 0.16595088256… │ 0.22269353128… │ 0.14178154825… │ 0.15058324496… │
│ LensKit.PopSc… │ 0.20784729586… │ 0.15619518987… │ 0.16689151706… │ 0.20784729586… │ 0.14612937433… │ 0.15567338282… │
│ LensKit.PopSc… │ 0.23435843054… │ 0.15783288049… │ 0.17160685629… │ 0.23435843054… │ 0.14559915164… │ 0.15843054082… │
└────────────────┴────────────────┴────────────────┴────────────────┴────────────────┴────────────────┴────────────────┘
                                   Amazon2014VideoGames-774b8a2c: Evaluation Results                                    
┏━━━━━━━━━━━━━━━━┳━━━━━━━━━━━━━━━━┳━━━━━━━━━━━━━━━━┳━━━━━━━━━━━━━━━━┳━━━━━━━━━━━━━━━━┳━━━━━━━━━━━━━━━━┳━━━━━━━━━━━━━━━━┓
┃ Algorithm      ┃ NDCG@1         ┃ NDCG@10        ┃ NDCG@5         ┃ Precision@1    ┃ Precision@10   ┃ Precision@5    ┃
┡━━━━━━━━━━━━━━━━╇━━━━━━━━━━━━━━━━╇━━━━━━━━━━━━━━━━╇━━━━━━━━━━━━━━━━╇━━━━━━━━━━━━━━━━╇━━━━━━━━━━━━━━━━╇━━━━━━━━━━━━━━━━┩
│ LensKit.ItemK… │ 0.02508903417… │ 0.01670547592… │ 0.01981671886… │ 0.02508903417… │ 0.01451655769… │ 0.01815765693… │
│ LensKit.ItemK… │ 0.02631159304… │ 0.01723709994… │ 0.02055761863… │ 0.02631159304… │ 0.01504278956… │ 0.01904002551… │
│ LensKit.ItemK… │ 0.02407909424… │ 0.01584757308… │ 0.01877727587… │ 0.02407909424… │ 0.01390527826… │ 0.01745601445… │
│ LensKit.ItemK… │ 0.02551427204… │ 0.01720616507… │ 0.02039892967… │ 0.02551427204… │ 0.01509062882… │ 0.01895497794… │
│ LensKit.ItemK… │ 0.02663052144… │ 0.01611673659… │ 0.01914764351… │ 0.02663052144… │ 0.01384149258… │ 0.01723276457… │
└────────────────┴────────────────┴────────────────┴────────────────┴────────────────┴────────────────┴────────────────┘
{'MovieLens100K-c0b4b14e':                                algorithm  fold       name   k     value
0   LensKit.ImplicitMFScorer-f0dd7ecb-11  None       NDCG   1  0.217391
1   LensKit.ImplicitMFScorer-f0dd7ecb-11  None       NDCG   5  0.188699
2   LensKit.ImplicitMFScorer-f0dd7ecb-11  None       NDCG  10  0.177113
3   LensKit.ImplicitMFScorer-f0dd7ecb-11  None  Precision   1  0.217391
4   LensKit.ImplicitMFScorer-f0dd7ecb-11  None  Precision   5  0.181972
..                                   ...   ...        ...  ..       ...
85         LensKit.PopScorer-f4aa5539-55  None       NDCG   5  0.171607
86         LensKit.PopScorer-f4aa5539-55  None       NDCG  10  0.157833
87         LensKit.PopScorer-f4aa5539-55  None  Precision   1  0.234358
88         LensKit.PopScorer-f4aa5539-55  None  Precision   5  0.158431
89         LensKit.PopScorer-f4aa5539-55  None  Precision  10  0.145599

[90 rows x 5 columns], 'Amazon2014VideoGames-774b8a2c':                             algorithm  fold       name   k     value
0   LensKit.ItemKNNScorer-c3d66610-11  None       NDCG   1  0.025089
1   LensKit.ItemKNNScorer-c3d66610-11  None       NDCG   5  0.019817
2   LensKit.ItemKNNScorer-c3d66610-11  None       NDCG  10  0.016705
3   LensKit.ItemKNNScorer-c3d66610-11  None  Precision   1  0.025089
4   LensKit.ItemKNNScorer-c3d66610-11  None  Precision   5  0.018158
5   LensKit.ItemKNNScorer-c3d66610-11  None  Precision  10  0.014517
6   LensKit.ItemKNNScorer-c3d66610-22  None       NDCG   1  0.026312
7   LensKit.ItemKNNScorer-c3d66610-22  None       NDCG   5  0.020558
8   LensKit.ItemKNNScorer-c3d66610-22  None       NDCG  10  0.017237
9   LensKit.ItemKNNScorer-c3d66610-22  None  Precision   1  0.026312
10  LensKit.ItemKNNScorer-c3d66610-22  None  Precision   5  0.019040
11  LensKit.ItemKNNScorer-c3d66610-22  None  Precision  10  0.015043
12  LensKit.ItemKNNScorer-c3d66610-33  None       NDCG   1  0.024079
13  LensKit.ItemKNNScorer-c3d66610-33  None       NDCG   5  0.018777
14  LensKit.ItemKNNScorer-c3d66610-33  None       NDCG  10  0.015848
15  LensKit.ItemKNNScorer-c3d66610-33  None  Precision   1  0.024079
16  LensKit.ItemKNNScorer-c3d66610-33  None  Precision   5  0.017456
17  LensKit.ItemKNNScorer-c3d66610-33  None  Precision  10  0.013905
18  LensKit.ItemKNNScorer-c3d66610-44  None       NDCG   1  0.025514
19  LensKit.ItemKNNScorer-c3d66610-44  None       NDCG   5  0.020399
20  LensKit.ItemKNNScorer-c3d66610-44  None       NDCG  10  0.017206
21  LensKit.ItemKNNScorer-c3d66610-44  None  Precision   1  0.025514
22  LensKit.ItemKNNScorer-c3d66610-44  None  Precision   5  0.018955
23  LensKit.ItemKNNScorer-c3d66610-44  None  Precision  10  0.015091
24  LensKit.ItemKNNScorer-c3d66610-55  None       NDCG   1  0.026631
25  LensKit.ItemKNNScorer-c3d66610-55  None       NDCG   5  0.019148
26  LensKit.ItemKNNScorer-c3d66610-55  None       NDCG  10  0.016117
27  LensKit.ItemKNNScorer-c3d66610-55  None  Precision   1  0.026631
28  LensKit.ItemKNNScorer-c3d66610-55  None  Precision   5  0.017233
29  LensKit.ItemKNNScorer-c3d66610-55  None  Precision  10  0.013841}
-- Seed 33
                      INFO     Canonicalized data set already exists, skipping download and       recsys_data_set.py:205
                               canonicalization.                                                                        
                      INFO     Pruning data set to 5-core.                                            core_pruning.py:19
                      INFO     Number of interactions before: 71064                                   core_pruning.py:20
                      INFO     Number of interactions after: 52551                                    core_pruning.py:63
[2026/06/29 06:11:42] INFO     Reusing existing env 'LensKit_env' at                                          envs.py:48
                               /home/florian_dueck04/.omnirec/data/envs/LensKit_env                                     
                      INFO     Starting runner...                                                     coordinator.py:272
[2026/06/29 06:11:45] INFO     Runner started with pid: 15752                                         coordinator.py:297
                      INFO     Connecting to runner...                                                coordinator.py:135
                      INFO     Running phase 'Fit' for HetrecLastFM/ImplicitMFScorer                  coordinator.py:402
[2026/06/29 06:11:55] INFO     Running phase 'Predict' for HetrecLastFM/ImplicitMFScorer              coordinator.py:402
[2026/06/29 06:12:15] INFO     Running phase 'Evaluate' for HetrecLastFM/ImplicitMFScorer             coordinator.py:402
Traceback (most recent call last):
  File "/home/florian_dueck04/AutoRecLab-group4/.venv/lib/python3.12/site-packages/omnirec/runner/coordinator.py", line 212, in run
    self.run_split(
  File "/home/florian_dueck04/AutoRecLab-group4/.venv/lib/python3.12/site-packages/omnirec/runner/coordinator.py", line 365, in run_split
    self._evaluator.run_evaluation(
  File "/home/florian_dueck04/AutoRecLab-group4/.venv/lib/python3.12/site-packages/omnirec/runner/evaluation.py", line 54, in run_evaluation
    mr = m.calculate(predictions, test)
         ^^^^^^^^^^^^^^^^^^^^^^^^^^^^^^
  File "/home/florian_dueck04/AutoRecLab-group4/.venv/lib/python3.12/site-packages/omnirec/metrics/ranking.py", line 74, in calculate
    top_k_dict = self.make_topk_dict(predictions)
                 ^^^^^^^^^^^^^^^^^^^^^^^^^^^^^^^^
  File "/home/florian_dueck04/AutoRecLab-group4/.venv/lib/python3.12/site-packages/omnirec/metrics/ranking.py", line 24, in make_topk_dict
    for user, group in predictions.sort_values("rank").groupby("user"):
                       ^^^^^^^^^^^^^^^^^^^^^^^^^^^^^^^
  File "/home/florian_dueck04/AutoRecLab-group4/.venv/lib/python3.12/site-packages/pandas/core/frame.py", line 7211, in sort_values
    k = self._get_label_or_level_values(by[0], axis=axis)
        ^^^^^^^^^^^^^^^^^^^^^^^^^^^^^^^^^^^^^^^^^^^^^^^^^
  File "/home/florian_dueck04/AutoRecLab-group4/.venv/lib/python3.12/site-packages/pandas/core/generic.py", line 1914, in _get_label_or_level_values
    raise KeyError(key)
KeyError: 'rank'
                      CRITICAL Stopping runner...                                                     coordinator.py:445
                      INFO     Reusing existing env 'LensKit_env' at                                          envs.py:48
                               /home/florian_dueck04/.omnirec/data/envs/LensKit_env                                     
                      INFO     Starting runner...                                                     coordinator.py:272
[2026/06/29 06:12:17] INFO     Runner started with pid: 15850                                         coordinator.py:297
                      INFO     Connecting to runner...                                                coordinator.py:135
                      INFO     Running phase 'Fit' for HetrecLastFM/ItemKNNScorer                     coordinator.py:402
[2026/06/29 06:12:27] INFO     Running phase 'Predict' for HetrecLastFM/ItemKNNScorer                 coordinator.py:402
[2026/06/29 06:12:37] INFO     Running phase 'Evaluate' for HetrecLastFM/ItemKNNScorer                coordinator.py:402
Traceback (most recent call last):
  File "/home/florian_dueck04/AutoRecLab-group4/.venv/lib/python3.12/site-packages/omnirec/runner/coordinator.py", line 212, in run
    self.run_split(
  File "/home/florian_dueck04/AutoRecLab-group4/.venv/lib/python3.12/site-packages/omnirec/runner/coordinator.py", line 365, in run_split
    self._evaluator.run_evaluation(
  File "/home/florian_dueck04/AutoRecLab-group4/.venv/lib/python3.12/site-packages/omnirec/runner/evaluation.py", line 54, in run_evaluation
    mr = m.calculate(predictions, test)
         ^^^^^^^^^^^^^^^^^^^^^^^^^^^^^^
  File "/home/florian_dueck04/AutoRecLab-group4/.venv/lib/python3.12/site-packages/omnirec/metrics/ranking.py", line 74, in calculate
    top_k_dict = self.make_topk_dict(predictions)
                 ^^^^^^^^^^^^^^^^^^^^^^^^^^^^^^^^
  File "/home/florian_dueck04/AutoRecLab-group4/.venv/lib/python3.12/site-packages/omnirec/metrics/ranking.py", line 24, in make_topk_dict
    for user, group in predictions.sort_values("rank").groupby("user"):
                       ^^^^^^^^^^^^^^^^^^^^^^^^^^^^^^^
  File "/home/florian_dueck04/AutoRecLab-group4/.venv/lib/python3.12/site-packages/pandas/core/frame.py", line 7211, in sort_values
    k = self._get_label_or_level_values(by[0], axis=axis)
        ^^^^^^^^^^^^^^^^^^^^^^^^^^^^^^^^^^^^^^^^^^^^^^^^^
  File "/home/florian_dueck04/AutoRecLab-group4/.venv/lib/python3.12/site-packages/pandas/core/generic.py", line 1914, in _get_label_or_level_values
    raise KeyError(key)
KeyError: 'rank'
                      CRITICAL Stopping runner...                                                     coordinator.py:445
[2026/06/29 06:12:38] INFO     Reusing existing env 'LensKit_env' at                                          envs.py:48
                               /home/florian_dueck04/.omnirec/data/envs/LensKit_env                                     
                      INFO     Starting runner...                                                     coordinator.py:272
[2026/06/29 06:12:40] INFO     Runner started with pid: 15944                                         coordinator.py:297
                      INFO     Connecting to runner...                                                coordinator.py:135
                      INFO     Running phase 'Fit' for HetrecLastFM/PopScorer                         coordinator.py:402
[2026/06/29 06:12:50] INFO     Running phase 'Predict' for HetrecLastFM/PopScorer                     coordinator.py:402
[2026/06/29 06:13:00] INFO     Running phase 'Evaluate' for HetrecLastFM/PopScorer                    coordinator.py:402
Traceback (most recent call last):
  File "/home/florian_dueck04/AutoRecLab-group4/.venv/lib/python3.12/site-packages/omnirec/runner/coordinator.py", line 212, in run
    self.run_split(
  File "/home/florian_dueck04/AutoRecLab-group4/.venv/lib/python3.12/site-packages/omnirec/runner/coordinator.py", line 365, in run_split
    self._evaluator.run_evaluation(
  File "/home/florian_dueck04/AutoRecLab-group4/.venv/lib/python3.12/site-packages/omnirec/runner/evaluation.py", line 54, in run_evaluation
    mr = m.calculate(predictions, test)
         ^^^^^^^^^^^^^^^^^^^^^^^^^^^^^^
  File "/home/florian_dueck04/AutoRecLab-group4/.venv/lib/python3.12/site-packages/omnirec/metrics/ranking.py", line 74, in calculate
    top_k_dict = self.make_topk_dict(predictions)
                 ^^^^^^^^^^^^^^^^^^^^^^^^^^^^^^^^
  File "/home/florian_dueck04/AutoRecLab-group4/.venv/lib/python3.12/site-packages/omnirec/metrics/ranking.py", line 24, in make_topk_dict
    for user, group in predictions.sort_values("rank").groupby("user"):
                       ^^^^^^^^^^^^^^^^^^^^^^^^^^^^^^^
  File "/home/florian_dueck04/AutoRecLab-group4/.venv/lib/python3.12/site-packages/pandas/core/frame.py", line 7211, in sort_values
    k = self._get_label_or_level_values(by[0], axis=axis)
        ^^^^^^^^^^^^^^^^^^^^^^^^^^^^^^^^^^^^^^^^^^^^^^^^^
  File "/home/florian_dueck04/AutoRecLab-group4/.venv/lib/python3.12/site-packages/pandas/core/generic.py", line 1914, in _get_label_or_level_values
    raise KeyError(key)
KeyError: 'rank'
                      CRITICAL Stopping runner...                                                     coordinator.py:445
                                       MovieLens100K-c0b4b14e: Evaluation Results                                       
┏━━━━━━━━━━━━━━━━┳━━━━━━━━━━━━━━━━┳━━━━━━━━━━━━━━━━┳━━━━━━━━━━━━━━━━┳━━━━━━━━━━━━━━━━┳━━━━━━━━━━━━━━━━┳━━━━━━━━━━━━━━━━┓
┃ Algorithm      ┃ NDCG@1         ┃ NDCG@10        ┃ NDCG@5         ┃ Precision@1    ┃ Precision@10   ┃ Precision@5    ┃
┡━━━━━━━━━━━━━━━━╇━━━━━━━━━━━━━━━━╇━━━━━━━━━━━━━━━━╇━━━━━━━━━━━━━━━━╇━━━━━━━━━━━━━━━━╇━━━━━━━━━━━━━━━━╇━━━━━━━━━━━━━━━━┩
│ LensKit.Impli… │ 0.21739130434… │ 0.17711291461… │ 0.18869919378… │ 0.21739130434… │ 0.16861081654… │ 0.18197242841… │
│ LensKit.Impli… │ 0.21845174973… │ 0.18586644380… │ 0.19856243872… │ 0.21845174973… │ 0.17730646871… │ 0.19257688229… │
│ LensKit.Impli… │ 0.22481442205… │ 0.19299019938… │ 0.20400063714… │ 0.22481442205… │ 0.18451749734… │ 0.19660657476… │
│ LensKit.Impli… │ 0.22481442205… │ 0.18229935491… │ 0.19763743283… │ 0.22481442205… │ 0.17306468716… │ 0.19257688229… │
│ LensKit.Impli… │ 0.19936373276… │ 0.17947550541… │ 0.19265018154… │ 0.19936373276… │ 0.17285259809… │ 0.19088016967… │
│ LensKit.ItemK… │ 0.30858960763… │ 0.22721602590… │ 0.26126978431… │ 0.30858960763… │ 0.20572640509… │ 0.24814422057… │
│ LensKit.ItemK… │ 0.31177094379… │ 0.22989677306… │ 0.26072327638… │ 0.31177094379… │ 0.20837751855… │ 0.24496288441… │
│ LensKit.ItemK… │ 0.33510074231… │ 0.23550198991… │ 0.26354645456… │ 0.33510074231… │ 0.21463414634… │ 0.24623541887… │
│ LensKit.ItemK… │ 0.33828207847… │ 0.24187563759… │ 0.28632182802… │ 0.33828207847… │ 0.21346765641… │ 0.26850477200… │
│ LensKit.ItemK… │ 0.32873806998… │ 0.23046024493… │ 0.26515042983… │ 0.32873806998… │ 0.20625662778… │ 0.24750795334… │
│ LensKit.PopSc… │ 0.21739130434… │ 0.15543838106… │ 0.16902823582… │ 0.21739130434… │ 0.14273594909… │ 0.15503711558… │
│ LensKit.PopSc… │ 0.23860021208… │ 0.16335523029… │ 0.17613590329… │ 0.23860021208… │ 0.15100742311… │ 0.16182396606… │
│ LensKit.PopSc… │ 0.22269353128… │ 0.15437182921… │ 0.16595088256… │ 0.22269353128… │ 0.14178154825… │ 0.15058324496… │
│ LensKit.PopSc… │ 0.20784729586… │ 0.15619518987… │ 0.16689151706… │ 0.20784729586… │ 0.14612937433… │ 0.15567338282… │
│ LensKit.PopSc… │ 0.23435843054… │ 0.15783288049… │ 0.17160685629… │ 0.23435843054… │ 0.14559915164… │ 0.15843054082… │
└────────────────┴────────────────┴────────────────┴────────────────┴────────────────┴────────────────┴────────────────┘
                                   Amazon2014VideoGames-774b8a2c: Evaluation Results                                    
┏━━━━━━━━━━━━━━━━┳━━━━━━━━━━━━━━━━┳━━━━━━━━━━━━━━━━┳━━━━━━━━━━━━━━━━┳━━━━━━━━━━━━━━━━┳━━━━━━━━━━━━━━━━┳━━━━━━━━━━━━━━━━┓
┃ Algorithm      ┃ NDCG@1         ┃ NDCG@10        ┃ NDCG@5         ┃ Precision@1    ┃ Precision@10   ┃ Precision@5    ┃
┡━━━━━━━━━━━━━━━━╇━━━━━━━━━━━━━━━━╇━━━━━━━━━━━━━━━━╇━━━━━━━━━━━━━━━━╇━━━━━━━━━━━━━━━━╇━━━━━━━━━━━━━━━━╇━━━━━━━━━━━━━━━━┩
│ LensKit.ItemK… │ 0.02508903417… │ 0.01670547592… │ 0.01981671886… │ 0.02508903417… │ 0.01451655769… │ 0.01815765693… │
│ LensKit.ItemK… │ 0.02631159304… │ 0.01723709994… │ 0.02055761863… │ 0.02631159304… │ 0.01504278956… │ 0.01904002551… │
│ LensKit.ItemK… │ 0.02407909424… │ 0.01584757308… │ 0.01877727587… │ 0.02407909424… │ 0.01390527826… │ 0.01745601445… │
│ LensKit.ItemK… │ 0.02551427204… │ 0.01720616507… │ 0.02039892967… │ 0.02551427204… │ 0.01509062882… │ 0.01895497794… │
│ LensKit.ItemK… │ 0.02663052144… │ 0.01611673659… │ 0.01914764351… │ 0.02663052144… │ 0.01384149258… │ 0.01723276457… │
└────────────────┴────────────────┴────────────────┴────────────────┴────────────────┴────────────────┴────────────────┘
{'MovieLens100K-c0b4b14e':                                algorithm  fold       name   k     value
0   LensKit.ImplicitMFScorer-f0dd7ecb-11  None       NDCG   1  0.217391
1   LensKit.ImplicitMFScorer-f0dd7ecb-11  None       NDCG   5  0.188699
2   LensKit.ImplicitMFScorer-f0dd7ecb-11  None       NDCG  10  0.177113
3   LensKit.ImplicitMFScorer-f0dd7ecb-11  None  Precision   1  0.217391
4   LensKit.ImplicitMFScorer-f0dd7ecb-11  None  Precision   5  0.181972
..                                   ...   ...        ...  ..       ...
85         LensKit.PopScorer-f4aa5539-55  None       NDCG   5  0.171607
86         LensKit.PopScorer-f4aa5539-55  None       NDCG  10  0.157833
87         LensKit.PopScorer-f4aa5539-55  None  Precision   1  0.234358
88         LensKit.PopScorer-f4aa5539-55  None  Precision   5  0.158431
89         LensKit.PopScorer-f4aa5539-55  None  Precision  10  0.145599

[90 rows x 5 columns], 'Amazon2014VideoGames-774b8a2c':                             algorithm  fold       name   k     value
0   LensKit.ItemKNNScorer-c3d66610-11  None       NDCG   1  0.025089
1   LensKit.ItemKNNScorer-c3d66610-11  None       NDCG   5  0.019817
2   LensKit.ItemKNNScorer-c3d66610-11  None       NDCG  10  0.016705
3   LensKit.ItemKNNScorer-c3d66610-11  None  Precision   1  0.025089
4   LensKit.ItemKNNScorer-c3d66610-11  None  Precision   5  0.018158
5   LensKit.ItemKNNScorer-c3d66610-11  None  Precision  10  0.014517
6   LensKit.ItemKNNScorer-c3d66610-22  None       NDCG   1  0.026312
7   LensKit.ItemKNNScorer-c3d66610-22  None       NDCG   5  0.020558
8   LensKit.ItemKNNScorer-c3d66610-22  None       NDCG  10  0.017237
9   LensKit.ItemKNNScorer-c3d66610-22  None  Precision   1  0.026312
10  LensKit.ItemKNNScorer-c3d66610-22  None  Precision   5  0.019040
11  LensKit.ItemKNNScorer-c3d66610-22  None  Precision  10  0.015043
12  LensKit.ItemKNNScorer-c3d66610-33  None       NDCG   1  0.024079
13  LensKit.ItemKNNScorer-c3d66610-33  None       NDCG   5  0.018777
14  LensKit.ItemKNNScorer-c3d66610-33  None       NDCG  10  0.015848
15  LensKit.ItemKNNScorer-c3d66610-33  None  Precision   1  0.024079
16  LensKit.ItemKNNScorer-c3d66610-33  None  Precision   5  0.017456
17  LensKit.ItemKNNScorer-c3d66610-33  None  Precision  10  0.013905
18  LensKit.ItemKNNScorer-c3d66610-44  None       NDCG   1  0.025514
19  LensKit.ItemKNNScorer-c3d66610-44  None       NDCG   5  0.020399
20  LensKit.ItemKNNScorer-c3d66610-44  None       NDCG  10  0.017206
21  LensKit.ItemKNNScorer-c3d66610-44  None  Precision   1  0.025514
22  LensKit.ItemKNNScorer-c3d66610-44  None  Precision   5  0.018955
23  LensKit.ItemKNNScorer-c3d66610-44  None  Precision  10  0.015091
24  LensKit.ItemKNNScorer-c3d66610-55  None       NDCG   1  0.026631
25  LensKit.ItemKNNScorer-c3d66610-55  None       NDCG   5  0.019148
26  LensKit.ItemKNNScorer-c3d66610-55  None       NDCG  10  0.016117
27  LensKit.ItemKNNScorer-c3d66610-55  None  Precision   1  0.026631
28  LensKit.ItemKNNScorer-c3d66610-55  None  Precision   5  0.017233
29  LensKit.ItemKNNScorer-c3d66610-55  None  Precision  10  0.013841}
-- Seed 44
                      INFO     Canonicalized data set already exists, skipping download and       recsys_data_set.py:205
                               canonicalization.                                                                        
                      INFO     Pruning data set to 5-core.                                            core_pruning.py:19
                      INFO     Number of interactions before: 71064                                   core_pruning.py:20
                      INFO     Number of interactions after: 52551                                    core_pruning.py:63
[2026/06/29 06:13:01] INFO     Reusing existing env 'LensKit_env' at                                          envs.py:48
                               /home/florian_dueck04/.omnirec/data/envs/LensKit_env                                     
                      INFO     Starting runner...                                                     coordinator.py:272
[2026/06/29 06:13:04] INFO     Runner started with pid: 16031                                         coordinator.py:297
                      INFO     Connecting to runner...                                                coordinator.py:135
                      INFO     Running phase 'Fit' for HetrecLastFM/ImplicitMFScorer                  coordinator.py:402
[2026/06/29 06:13:14] INFO     Running phase 'Predict' for HetrecLastFM/ImplicitMFScorer              coordinator.py:402
[2026/06/29 06:13:34] INFO     Running phase 'Evaluate' for HetrecLastFM/ImplicitMFScorer             coordinator.py:402
Traceback (most recent call last):
  File "/home/florian_dueck04/AutoRecLab-group4/.venv/lib/python3.12/site-packages/omnirec/runner/coordinator.py", line 212, in run
    self.run_split(
  File "/home/florian_dueck04/AutoRecLab-group4/.venv/lib/python3.12/site-packages/omnirec/runner/coordinator.py", line 365, in run_split
    self._evaluator.run_evaluation(
  File "/home/florian_dueck04/AutoRecLab-group4/.venv/lib/python3.12/site-packages/omnirec/runner/evaluation.py", line 54, in run_evaluation
    mr = m.calculate(predictions, test)
         ^^^^^^^^^^^^^^^^^^^^^^^^^^^^^^
  File "/home/florian_dueck04/AutoRecLab-group4/.venv/lib/python3.12/site-packages/omnirec/metrics/ranking.py", line 74, in calculate
    top_k_dict = self.make_topk_dict(predictions)
                 ^^^^^^^^^^^^^^^^^^^^^^^^^^^^^^^^
  File "/home/florian_dueck04/AutoRecLab-group4/.venv/lib/python3.12/site-packages/omnirec/metrics/ranking.py", line 24, in make_topk_dict
    for user, group in predictions.sort_values("rank").groupby("user"):
                       ^^^^^^^^^^^^^^^^^^^^^^^^^^^^^^^
  File "/home/florian_dueck04/AutoRecLab-group4/.venv/lib/python3.12/site-packages/pandas/core/frame.py", line 7211, in sort_values
    k = self._get_label_or_level_values(by[0], axis=axis)
        ^^^^^^^^^^^^^^^^^^^^^^^^^^^^^^^^^^^^^^^^^^^^^^^^^
  File "/home/florian_dueck04/AutoRecLab-group4/.venv/lib/python3.12/site-packages/pandas/core/generic.py", line 1914, in _get_label_or_level_values
    raise KeyError(key)
KeyError: 'rank'
                      CRITICAL Stopping runner...                                                     coordinator.py:445
                      INFO     Reusing existing env 'LensKit_env' at                                          envs.py:48
                               /home/florian_dueck04/.omnirec/data/envs/LensKit_env                                     
                      INFO     Starting runner...                                                     coordinator.py:272
[2026/06/29 06:13:36] INFO     Runner started with pid: 16129                                         coordinator.py:297
                      INFO     Connecting to runner...                                                coordinator.py:135
                      INFO     Running phase 'Fit' for HetrecLastFM/ItemKNNScorer                     coordinator.py:402
[2026/06/29 06:13:46] INFO     Running phase 'Predict' for HetrecLastFM/ItemKNNScorer                 coordinator.py:402
[2026/06/29 06:13:56] INFO     Running phase 'Evaluate' for HetrecLastFM/ItemKNNScorer                coordinator.py:402
Traceback (most recent call last):
  File "/home/florian_dueck04/AutoRecLab-group4/.venv/lib/python3.12/site-packages/omnirec/runner/coordinator.py", line 212, in run
    self.run_split(
  File "/home/florian_dueck04/AutoRecLab-group4/.venv/lib/python3.12/site-packages/omnirec/runner/coordinator.py", line 365, in run_split
    self._evaluator.run_evaluation(
  File "/home/florian_dueck04/AutoRecLab-group4/.venv/lib/python3.12/site-packages/omnirec/runner/evaluation.py", line 54, in run_evaluation
    mr = m.calculate(predictions, test)
         ^^^^^^^^^^^^^^^^^^^^^^^^^^^^^^
  File "/home/florian_dueck04/AutoRecLab-group4/.venv/lib/python3.12/site-packages/omnirec/metrics/ranking.py", line 74, in calculate
    top_k_dict = self.make_topk_dict(predictions)
                 ^^^^^^^^^^^^^^^^^^^^^^^^^^^^^^^^
  File "/home/florian_dueck04/AutoRecLab-group4/.venv/lib/python3.12/site-packages/omnirec/metrics/ranking.py", line 24, in make_topk_dict
    for user, group in predictions.sort_values("rank").groupby("user"):
                       ^^^^^^^^^^^^^^^^^^^^^^^^^^^^^^^
  File "/home/florian_dueck04/AutoRecLab-group4/.venv/lib/python3.12/site-packages/pandas/core/frame.py", line 7211, in sort_values
    k = self._get_label_or_level_values(by[0], axis=axis)
        ^^^^^^^^^^^^^^^^^^^^^^^^^^^^^^^^^^^^^^^^^^^^^^^^^
  File "/home/florian_dueck04/AutoRecLab-group4/.venv/lib/python3.12/site-packages/pandas/core/generic.py", line 1914, in _get_label_or_level_values
    raise KeyError(key)
KeyError: 'rank'
[2026/06/29 06:13:57] CRITICAL Stopping runner...                                                     coordinator.py:445
                      INFO     Reusing existing env 'LensKit_env' at                                          envs.py:48
                               /home/florian_dueck04/.omnirec/data/envs/LensKit_env                                     
                      INFO     Starting runner...                                                     coordinator.py:272
[2026/06/29 06:13:59] INFO     Runner started with pid: 16223                                         coordinator.py:297
                      INFO     Connecting to runner...                                                coordinator.py:135
                      INFO     Running phase 'Fit' for HetrecLastFM/PopScorer                         coordinator.py:402
[2026/06/29 06:14:09] INFO     Running phase 'Predict' for HetrecLastFM/PopScorer                     coordinator.py:402
[2026/06/29 06:14:19] INFO     Running phase 'Evaluate' for HetrecLastFM/PopScorer                    coordinator.py:402
Traceback (most recent call last):
  File "/home/florian_dueck04/AutoRecLab-group4/.venv/lib/python3.12/site-packages/omnirec/runner/coordinator.py", line 212, in run
    self.run_split(
  File "/home/florian_dueck04/AutoRecLab-group4/.venv/lib/python3.12/site-packages/omnirec/runner/coordinator.py", line 365, in run_split
    self._evaluator.run_evaluation(
  File "/home/florian_dueck04/AutoRecLab-group4/.venv/lib/python3.12/site-packages/omnirec/runner/evaluation.py", line 54, in run_evaluation
    mr = m.calculate(predictions, test)
         ^^^^^^^^^^^^^^^^^^^^^^^^^^^^^^
  File "/home/florian_dueck04/AutoRecLab-group4/.venv/lib/python3.12/site-packages/omnirec/metrics/ranking.py", line 74, in calculate
    top_k_dict = self.make_topk_dict(predictions)
                 ^^^^^^^^^^^^^^^^^^^^^^^^^^^^^^^^
  File "/home/florian_dueck04/AutoRecLab-group4/.venv/lib/python3.12/site-packages/omnirec/metrics/ranking.py", line 24, in make_topk_dict
    for user, group in predictions.sort_values("rank").groupby("user"):
                       ^^^^^^^^^^^^^^^^^^^^^^^^^^^^^^^
  File "/home/florian_dueck04/AutoRecLab-group4/.venv/lib/python3.12/site-packages/pandas/core/frame.py", line 7211, in sort_values
    k = self._get_label_or_level_values(by[0], axis=axis)
        ^^^^^^^^^^^^^^^^^^^^^^^^^^^^^^^^^^^^^^^^^^^^^^^^^
  File "/home/florian_dueck04/AutoRecLab-group4/.venv/lib/python3.12/site-packages/pandas/core/generic.py", line 1914, in _get_label_or_level_values
    raise KeyError(key)
KeyError: 'rank'
                      CRITICAL Stopping runner...                                                     coordinator.py:445
                                       MovieLens100K-c0b4b14e: Evaluation Results                                       
┏━━━━━━━━━━━━━━━━┳━━━━━━━━━━━━━━━━┳━━━━━━━━━━━━━━━━┳━━━━━━━━━━━━━━━━┳━━━━━━━━━━━━━━━━┳━━━━━━━━━━━━━━━━┳━━━━━━━━━━━━━━━━┓
┃ Algorithm      ┃ NDCG@1         ┃ NDCG@10        ┃ NDCG@5         ┃ Precision@1    ┃ Precision@10   ┃ Precision@5    ┃
┡━━━━━━━━━━━━━━━━╇━━━━━━━━━━━━━━━━╇━━━━━━━━━━━━━━━━╇━━━━━━━━━━━━━━━━╇━━━━━━━━━━━━━━━━╇━━━━━━━━━━━━━━━━╇━━━━━━━━━━━━━━━━┩
│ LensKit.Impli… │ 0.21739130434… │ 0.17711291461… │ 0.18869919378… │ 0.21739130434… │ 0.16861081654… │ 0.18197242841… │
│ LensKit.Impli… │ 0.21845174973… │ 0.18586644380… │ 0.19856243872… │ 0.21845174973… │ 0.17730646871… │ 0.19257688229… │
│ LensKit.Impli… │ 0.22481442205… │ 0.19299019938… │ 0.20400063714… │ 0.22481442205… │ 0.18451749734… │ 0.19660657476… │
│ LensKit.Impli… │ 0.22481442205… │ 0.18229935491… │ 0.19763743283… │ 0.22481442205… │ 0.17306468716… │ 0.19257688229… │
│ LensKit.Impli… │ 0.19936373276… │ 0.17947550541… │ 0.19265018154… │ 0.19936373276… │ 0.17285259809… │ 0.19088016967… │
│ LensKit.ItemK… │ 0.30858960763… │ 0.22721602590… │ 0.26126978431… │ 0.30858960763… │ 0.20572640509… │ 0.24814422057… │
│ LensKit.ItemK… │ 0.31177094379… │ 0.22989677306… │ 0.26072327638… │ 0.31177094379… │ 0.20837751855… │ 0.24496288441… │
│ LensKit.ItemK… │ 0.33510074231… │ 0.23550198991… │ 0.26354645456… │ 0.33510074231… │ 0.21463414634… │ 0.24623541887… │
│ LensKit.ItemK… │ 0.33828207847… │ 0.24187563759… │ 0.28632182802… │ 0.33828207847… │ 0.21346765641… │ 0.26850477200… │
│ LensKit.ItemK… │ 0.32873806998… │ 0.23046024493… │ 0.26515042983… │ 0.32873806998… │ 0.20625662778… │ 0.24750795334… │
│ LensKit.PopSc… │ 0.21739130434… │ 0.15543838106… │ 0.16902823582… │ 0.21739130434… │ 0.14273594909… │ 0.15503711558… │
│ LensKit.PopSc… │ 0.23860021208… │ 0.16335523029… │ 0.17613590329… │ 0.23860021208… │ 0.15100742311… │ 0.16182396606… │
│ LensKit.PopSc… │ 0.22269353128… │ 0.15437182921… │ 0.16595088256… │ 0.22269353128… │ 0.14178154825… │ 0.15058324496… │
│ LensKit.PopSc… │ 0.20784729586… │ 0.15619518987… │ 0.16689151706… │ 0.20784729586… │ 0.14612937433… │ 0.15567338282… │
│ LensKit.PopSc… │ 0.23435843054… │ 0.15783288049… │ 0.17160685629… │ 0.23435843054… │ 0.14559915164… │ 0.15843054082… │
└────────────────┴────────────────┴────────────────┴────────────────┴────────────────┴────────────────┴────────────────┘
                                   Amazon2014VideoGames-774b8a2c: Evaluation Results                                    
┏━━━━━━━━━━━━━━━━┳━━━━━━━━━━━━━━━━┳━━━━━━━━━━━━━━━━┳━━━━━━━━━━━━━━━━┳━━━━━━━━━━━━━━━━┳━━━━━━━━━━━━━━━━┳━━━━━━━━━━━━━━━━┓
┃ Algorithm      ┃ NDCG@1         ┃ NDCG@10        ┃ NDCG@5         ┃ Precision@1    ┃ Precision@10   ┃ Precision@5    ┃
┡━━━━━━━━━━━━━━━━╇━━━━━━━━━━━━━━━━╇━━━━━━━━━━━━━━━━╇━━━━━━━━━━━━━━━━╇━━━━━━━━━━━━━━━━╇━━━━━━━━━━━━━━━━╇━━━━━━━━━━━━━━━━┩
│ LensKit.ItemK… │ 0.02508903417… │ 0.01670547592… │ 0.01981671886… │ 0.02508903417… │ 0.01451655769… │ 0.01815765693… │
│ LensKit.ItemK… │ 0.02631159304… │ 0.01723709994… │ 0.02055761863… │ 0.02631159304… │ 0.01504278956… │ 0.01904002551… │
│ LensKit.ItemK… │ 0.02407909424… │ 0.01584757308… │ 0.01877727587… │ 0.02407909424… │ 0.01390527826… │ 0.01745601445… │
│ LensKit.ItemK… │ 0.02551427204… │ 0.01720616507… │ 0.02039892967… │ 0.02551427204… │ 0.01509062882… │ 0.01895497794… │
│ LensKit.ItemK… │ 0.02663052144… │ 0.01611673659… │ 0.01914764351… │ 0.02663052144… │ 0.01384149258… │ 0.01723276457… │
└────────────────┴────────────────┴────────────────┴────────────────┴────────────────┴────────────────┴────────────────┘
{'MovieLens100K-c0b4b14e':                                algorithm  fold       name   k     value
0   LensKit.ImplicitMFScorer-f0dd7ecb-11  None       NDCG   1  0.217391
1   LensKit.ImplicitMFScorer-f0dd7ecb-11  None       NDCG   5  0.188699
2   LensKit.ImplicitMFScorer-f0dd7ecb-11  None       NDCG  10  0.177113
3   LensKit.ImplicitMFScorer-f0dd7ecb-11  None  Precision   1  0.217391
4   LensKit.ImplicitMFScorer-f0dd7ecb-11  None  Precision   5  0.181972
..                                   ...   ...        ...  ..       ...
85         LensKit.PopScorer-f4aa5539-55  None       NDCG   5  0.171607
86         LensKit.PopScorer-f4aa5539-55  None       NDCG  10  0.157833
87         LensKit.PopScorer-f4aa5539-55  None  Precision   1  0.234358
88         LensKit.PopScorer-f4aa5539-55  None  Precision   5  0.158431
89         LensKit.PopScorer-f4aa5539-55  None  Precision  10  0.145599

[90 rows x 5 columns], 'Amazon2014VideoGames-774b8a2c':                             algorithm  fold       name   k     value
0   LensKit.ItemKNNScorer-c3d66610-11  None       NDCG   1  0.025089
1   LensKit.ItemKNNScorer-c3d66610-11  None       NDCG   5  0.019817
2   LensKit.ItemKNNScorer-c3d66610-11  None       NDCG  10  0.016705
3   LensKit.ItemKNNScorer-c3d66610-11  None  Precision   1  0.025089
4   LensKit.ItemKNNScorer-c3d66610-11  None  Precision   5  0.018158
5   LensKit.ItemKNNScorer-c3d66610-11  None  Precision  10  0.014517
6   LensKit.ItemKNNScorer-c3d66610-22  None       NDCG   1  0.026312
7   LensKit.ItemKNNScorer-c3d66610-22  None       NDCG   5  0.020558
8   LensKit.ItemKNNScorer-c3d66610-22  None       NDCG  10  0.017237
9   LensKit.ItemKNNScorer-c3d66610-22  None  Precision   1  0.026312
10  LensKit.ItemKNNScorer-c3d66610-22  None  Precision   5  0.019040
11  LensKit.ItemKNNScorer-c3d66610-22  None  Precision  10  0.015043
12  LensKit.ItemKNNScorer-c3d66610-33  None       NDCG   1  0.024079
13  LensKit.ItemKNNScorer-c3d66610-33  None       NDCG   5  0.018777
14  LensKit.ItemKNNScorer-c3d66610-33  None       NDCG  10  0.015848
15  LensKit.ItemKNNScorer-c3d66610-33  None  Precision   1  0.024079
16  LensKit.ItemKNNScorer-c3d66610-33  None  Precision   5  0.017456
17  LensKit.ItemKNNScorer-c3d66610-33  None  Precision  10  0.013905
18  LensKit.ItemKNNScorer-c3d66610-44  None       NDCG   1  0.025514
19  LensKit.ItemKNNScorer-c3d66610-44  None       NDCG   5  0.020399
20  LensKit.ItemKNNScorer-c3d66610-44  None       NDCG  10  0.017206
21  LensKit.ItemKNNScorer-c3d66610-44  None  Precision   1  0.025514
22  LensKit.ItemKNNScorer-c3d66610-44  None  Precision   5  0.018955
23  LensKit.ItemKNNScorer-c3d66610-44  None  Precision  10  0.015091
24  LensKit.ItemKNNScorer-c3d66610-55  None       NDCG   1  0.026631
25  LensKit.ItemKNNScorer-c3d66610-55  None       NDCG   5  0.019148
26  LensKit.ItemKNNScorer-c3d66610-55  None       NDCG  10  0.016117
27  LensKit.ItemKNNScorer-c3d66610-55  None  Precision   1  0.026631
28  LensKit.ItemKNNScorer-c3d66610-55  None  Precision   5  0.017233
29  LensKit.ItemKNNScorer-c3d66610-55  None  Precision  10  0.013841}
-- Seed 55
                      INFO     Canonicalized data set already exists, skipping download and       recsys_data_set.py:205
                               canonicalization.                                                                        
                      INFO     Pruning data set to 5-core.                                            core_pruning.py:19
                      INFO     Number of interactions before: 71064                                   core_pruning.py:20
                      INFO     Number of interactions after: 52551                                    core_pruning.py:63
[2026/06/29 06:14:20] INFO     Reusing existing env 'LensKit_env' at                                          envs.py:48
                               /home/florian_dueck04/.omnirec/data/envs/LensKit_env                                     
                      INFO     Starting runner...                                                     coordinator.py:272
[2026/06/29 06:14:23] INFO     Runner started with pid: 16315                                         coordinator.py:297
                      INFO     Connecting to runner...                                                coordinator.py:135
                      INFO     Running phase 'Fit' for HetrecLastFM/ImplicitMFScorer                  coordinator.py:402
[2026/06/29 06:14:33] INFO     Running phase 'Predict' for HetrecLastFM/ImplicitMFScorer              coordinator.py:402
[2026/06/29 06:14:53] INFO     Running phase 'Evaluate' for HetrecLastFM/ImplicitMFScorer             coordinator.py:402
Traceback (most recent call last):
  File "/home/florian_dueck04/AutoRecLab-group4/.venv/lib/python3.12/site-packages/omnirec/runner/coordinator.py", line 212, in run
    self.run_split(
  File "/home/florian_dueck04/AutoRecLab-group4/.venv/lib/python3.12/site-packages/omnirec/runner/coordinator.py", line 365, in run_split
    self._evaluator.run_evaluation(
  File "/home/florian_dueck04/AutoRecLab-group4/.venv/lib/python3.12/site-packages/omnirec/runner/evaluation.py", line 54, in run_evaluation
    mr = m.calculate(predictions, test)
         ^^^^^^^^^^^^^^^^^^^^^^^^^^^^^^
  File "/home/florian_dueck04/AutoRecLab-group4/.venv/lib/python3.12/site-packages/omnirec/metrics/ranking.py", line 74, in calculate
    top_k_dict = self.make_topk_dict(predictions)
                 ^^^^^^^^^^^^^^^^^^^^^^^^^^^^^^^^
  File "/home/florian_dueck04/AutoRecLab-group4/.venv/lib/python3.12/site-packages/omnirec/metrics/ranking.py", line 24, in make_topk_dict
    for user, group in predictions.sort_values("rank").groupby("user"):
                       ^^^^^^^^^^^^^^^^^^^^^^^^^^^^^^^
  File "/home/florian_dueck04/AutoRecLab-group4/.venv/lib/python3.12/site-packages/pandas/core/frame.py", line 7211, in sort_values
    k = self._get_label_or_level_values(by[0], axis=axis)
        ^^^^^^^^^^^^^^^^^^^^^^^^^^^^^^^^^^^^^^^^^^^^^^^^^
  File "/home/florian_dueck04/AutoRecLab-group4/.venv/lib/python3.12/site-packages/pandas/core/generic.py", line 1914, in _get_label_or_level_values
    raise KeyError(key)
KeyError: 'rank'
                      CRITICAL Stopping runner...                                                     coordinator.py:445
                      INFO     Reusing existing env 'LensKit_env' at                                          envs.py:48
                               /home/florian_dueck04/.omnirec/data/envs/LensKit_env                                     
                      INFO     Starting runner...                                                     coordinator.py:272
[2026/06/29 06:14:56] INFO     Runner started with pid: 16410                                         coordinator.py:297
                      INFO     Connecting to runner...                                                coordinator.py:135
                      INFO     Running phase 'Fit' for HetrecLastFM/ItemKNNScorer                     coordinator.py:402
[2026/06/29 06:15:06] INFO     Running phase 'Predict' for HetrecLastFM/ItemKNNScorer                 coordinator.py:402
[2026/06/29 06:15:16] INFO     Running phase 'Evaluate' for HetrecLastFM/ItemKNNScorer                coordinator.py:402
Traceback (most recent call last):
  File "/home/florian_dueck04/AutoRecLab-group4/.venv/lib/python3.12/site-packages/omnirec/runner/coordinator.py", line 212, in run
    self.run_split(
  File "/home/florian_dueck04/AutoRecLab-group4/.venv/lib/python3.12/site-packages/omnirec/runner/coordinator.py", line 365, in run_split
    self._evaluator.run_evaluation(
  File "/home/florian_dueck04/AutoRecLab-group4/.venv/lib/python3.12/site-packages/omnirec/runner/evaluation.py", line 54, in run_evaluation
    mr = m.calculate(predictions, test)
         ^^^^^^^^^^^^^^^^^^^^^^^^^^^^^^
  File "/home/florian_dueck04/AutoRecLab-group4/.venv/lib/python3.12/site-packages/omnirec/metrics/ranking.py", line 74, in calculate
    top_k_dict = self.make_topk_dict(predictions)
                 ^^^^^^^^^^^^^^^^^^^^^^^^^^^^^^^^
  File "/home/florian_dueck04/AutoRecLab-group4/.venv/lib/python3.12/site-packages/omnirec/metrics/ranking.py", line 24, in make_topk_dict
    for user, group in predictions.sort_values("rank").groupby("user"):
                       ^^^^^^^^^^^^^^^^^^^^^^^^^^^^^^^
  File "/home/florian_dueck04/AutoRecLab-group4/.venv/lib/python3.12/site-packages/pandas/core/frame.py", line 7211, in sort_values
    k = self._get_label_or_level_values(by[0], axis=axis)
        ^^^^^^^^^^^^^^^^^^^^^^^^^^^^^^^^^^^^^^^^^^^^^^^^^
  File "/home/florian_dueck04/AutoRecLab-group4/.venv/lib/python3.12/site-packages/pandas/core/generic.py", line 1914, in _get_label_or_level_values
    raise KeyError(key)
KeyError: 'rank'
                      CRITICAL Stopping runner...                                                     coordinator.py:445
                      INFO     Reusing existing env 'LensKit_env' at                                          envs.py:48
                               /home/florian_dueck04/.omnirec/data/envs/LensKit_env                                     
                      INFO     Starting runner...                                                     coordinator.py:272
[2026/06/29 06:15:18] INFO     Runner started with pid: 16508                                         coordinator.py:297
                      INFO     Connecting to runner...                                                coordinator.py:135
                      INFO     Running phase 'Fit' for HetrecLastFM/PopScorer                         coordinator.py:402
[2026/06/29 06:15:28] INFO     Running phase 'Predict' for HetrecLastFM/PopScorer                     coordinator.py:402
[2026/06/29 06:15:38] INFO     Running phase 'Evaluate' for HetrecLastFM/PopScorer                    coordinator.py:402
Traceback (most recent call last):
  File "/home/florian_dueck04/AutoRecLab-group4/.venv/lib/python3.12/site-packages/omnirec/runner/coordinator.py", line 212, in run
    self.run_split(
  File "/home/florian_dueck04/AutoRecLab-group4/.venv/lib/python3.12/site-packages/omnirec/runner/coordinator.py", line 365, in run_split
    self._evaluator.run_evaluation(
  File "/home/florian_dueck04/AutoRecLab-group4/.venv/lib/python3.12/site-packages/omnirec/runner/evaluation.py", line 54, in run_evaluation
    mr = m.calculate(predictions, test)
         ^^^^^^^^^^^^^^^^^^^^^^^^^^^^^^
  File "/home/florian_dueck04/AutoRecLab-group4/.venv/lib/python3.12/site-packages/omnirec/metrics/ranking.py", line 74, in calculate
    top_k_dict = self.make_topk_dict(predictions)
                 ^^^^^^^^^^^^^^^^^^^^^^^^^^^^^^^^
  File "/home/florian_dueck04/AutoRecLab-group4/.venv/lib/python3.12/site-packages/omnirec/metrics/ranking.py", line 24, in make_topk_dict
    for user, group in predictions.sort_values("rank").groupby("user"):
                       ^^^^^^^^^^^^^^^^^^^^^^^^^^^^^^^
  File "/home/florian_dueck04/AutoRecLab-group4/.venv/lib/python3.12/site-packages/pandas/core/frame.py", line 7211, in sort_values
    k = self._get_label_or_level_values(by[0], axis=axis)
        ^^^^^^^^^^^^^^^^^^^^^^^^^^^^^^^^^^^^^^^^^^^^^^^^^
  File "/home/florian_dueck04/AutoRecLab-group4/.venv/lib/python3.12/site-packages/pandas/core/generic.py", line 1914, in _get_label_or_level_values
    raise KeyError(key)
KeyError: 'rank'
                      CRITICAL Stopping runner...                                                     coordinator.py:445
                                       MovieLens100K-c0b4b14e: Evaluation Results                                       
┏━━━━━━━━━━━━━━━━┳━━━━━━━━━━━━━━━━┳━━━━━━━━━━━━━━━━┳━━━━━━━━━━━━━━━━┳━━━━━━━━━━━━━━━━┳━━━━━━━━━━━━━━━━┳━━━━━━━━━━━━━━━━┓
┃ Algorithm      ┃ NDCG@1         ┃ NDCG@10        ┃ NDCG@5         ┃ Precision@1    ┃ Precision@10   ┃ Precision@5    ┃
┡━━━━━━━━━━━━━━━━╇━━━━━━━━━━━━━━━━╇━━━━━━━━━━━━━━━━╇━━━━━━━━━━━━━━━━╇━━━━━━━━━━━━━━━━╇━━━━━━━━━━━━━━━━╇━━━━━━━━━━━━━━━━┩
│ LensKit.Impli… │ 0.21739130434… │ 0.17711291461… │ 0.18869919378… │ 0.21739130434… │ 0.16861081654… │ 0.18197242841… │
│ LensKit.Impli… │ 0.21845174973… │ 0.18586644380… │ 0.19856243872… │ 0.21845174973… │ 0.17730646871… │ 0.19257688229… │
│ LensKit.Impli… │ 0.22481442205… │ 0.19299019938… │ 0.20400063714… │ 0.22481442205… │ 0.18451749734… │ 0.19660657476… │
│ LensKit.Impli… │ 0.22481442205… │ 0.18229935491… │ 0.19763743283… │ 0.22481442205… │ 0.17306468716… │ 0.19257688229… │
│ LensKit.Impli… │ 0.19936373276… │ 0.17947550541… │ 0.19265018154… │ 0.19936373276… │ 0.17285259809… │ 0.19088016967… │
│ LensKit.ItemK… │ 0.30858960763… │ 0.22721602590… │ 0.26126978431… │ 0.30858960763… │ 0.20572640509… │ 0.24814422057… │
│ LensKit.ItemK… │ 0.31177094379… │ 0.22989677306… │ 0.26072327638… │ 0.31177094379… │ 0.20837751855… │ 0.24496288441… │
│ LensKit.ItemK… │ 0.33510074231… │ 0.23550198991… │ 0.26354645456… │ 0.33510074231… │ 0.21463414634… │ 0.24623541887… │
│ LensKit.ItemK… │ 0.33828207847… │ 0.24187563759… │ 0.28632182802… │ 0.33828207847… │ 0.21346765641… │ 0.26850477200… │
│ LensKit.ItemK… │ 0.32873806998… │ 0.23046024493… │ 0.26515042983… │ 0.32873806998… │ 0.20625662778… │ 0.24750795334… │
│ LensKit.PopSc… │ 0.21739130434… │ 0.15543838106… │ 0.16902823582… │ 0.21739130434… │ 0.14273594909… │ 0.15503711558… │
│ LensKit.PopSc… │ 0.23860021208… │ 0.16335523029… │ 0.17613590329… │ 0.23860021208… │ 0.15100742311… │ 0.16182396606… │
│ LensKit.PopSc… │ 0.22269353128… │ 0.15437182921… │ 0.16595088256… │ 0.22269353128… │ 0.14178154825… │ 0.15058324496… │
│ LensKit.PopSc… │ 0.20784729586… │ 0.15619518987… │ 0.16689151706… │ 0.20784729586… │ 0.14612937433… │ 0.15567338282… │
│ LensKit.PopSc… │ 0.23435843054… │ 0.15783288049… │ 0.17160685629… │ 0.23435843054… │ 0.14559915164… │ 0.15843054082… │
└────────────────┴────────────────┴────────────────┴────────────────┴────────────────┴────────────────┴────────────────┘
                                   Amazon2014VideoGames-774b8a2c: Evaluation Results                                    
┏━━━━━━━━━━━━━━━━┳━━━━━━━━━━━━━━━━┳━━━━━━━━━━━━━━━━┳━━━━━━━━━━━━━━━━┳━━━━━━━━━━━━━━━━┳━━━━━━━━━━━━━━━━┳━━━━━━━━━━━━━━━━┓
┃ Algorithm      ┃ NDCG@1         ┃ NDCG@10        ┃ NDCG@5         ┃ Precision@1    ┃ Precision@10   ┃ Precision@5    ┃
┡━━━━━━━━━━━━━━━━╇━━━━━━━━━━━━━━━━╇━━━━━━━━━━━━━━━━╇━━━━━━━━━━━━━━━━╇━━━━━━━━━━━━━━━━╇━━━━━━━━━━━━━━━━╇━━━━━━━━━━━━━━━━┩
│ LensKit.ItemK… │ 0.02508903417… │ 0.01670547592… │ 0.01981671886… │ 0.02508903417… │ 0.01451655769… │ 0.01815765693… │
│ LensKit.ItemK… │ 0.02631159304… │ 0.01723709994… │ 0.02055761863… │ 0.02631159304… │ 0.01504278956… │ 0.01904002551… │
│ LensKit.ItemK… │ 0.02407909424… │ 0.01584757308… │ 0.01877727587… │ 0.02407909424… │ 0.01390527826… │ 0.01745601445… │
│ LensKit.ItemK… │ 0.02551427204… │ 0.01720616507… │ 0.02039892967… │ 0.02551427204… │ 0.01509062882… │ 0.01895497794… │
│ LensKit.ItemK… │ 0.02663052144… │ 0.01611673659… │ 0.01914764351… │ 0.02663052144… │ 0.01384149258… │ 0.01723276457… │
└────────────────┴────────────────┴────────────────┴────────────────┴────────────────┴────────────────┴────────────────┘
{'MovieLens100K-c0b4b14e':                                algorithm  fold       name   k     value
0   LensKit.ImplicitMFScorer-f0dd7ecb-11  None       NDCG   1  0.217391
1   LensKit.ImplicitMFScorer-f0dd7ecb-11  None       NDCG   5  0.188699
2   LensKit.ImplicitMFScorer-f0dd7ecb-11  None       NDCG  10  0.177113
3   LensKit.ImplicitMFScorer-f0dd7ecb-11  None  Precision   1  0.217391
4   LensKit.ImplicitMFScorer-f0dd7ecb-11  None  Precision   5  0.181972
..                                   ...   ...        ...  ..       ...
85         LensKit.PopScorer-f4aa5539-55  None       NDCG   5  0.171607
86         LensKit.PopScorer-f4aa5539-55  None       NDCG  10  0.157833
87         LensKit.PopScorer-f4aa5539-55  None  Precision   1  0.234358
88         LensKit.PopScorer-f4aa5539-55  None  Precision   5  0.158431
89         LensKit.PopScorer-f4aa5539-55  None  Precision  10  0.145599

[90 rows x 5 columns], 'Amazon2014VideoGames-774b8a2c':                             algorithm  fold       name   k     value
0   LensKit.ItemKNNScorer-c3d66610-11  None       NDCG   1  0.025089
1   LensKit.ItemKNNScorer-c3d66610-11  None       NDCG   5  0.019817
2   LensKit.ItemKNNScorer-c3d66610-11  None       NDCG  10  0.016705
3   LensKit.ItemKNNScorer-c3d66610-11  None  Precision   1  0.025089
4   LensKit.ItemKNNScorer-c3d66610-11  None  Precision   5  0.018158
5   LensKit.ItemKNNScorer-c3d66610-11  None  Precision  10  0.014517
6   LensKit.ItemKNNScorer-c3d66610-22  None       NDCG   1  0.026312
7   LensKit.ItemKNNScorer-c3d66610-22  None       NDCG   5  0.020558
8   LensKit.ItemKNNScorer-c3d66610-22  None       NDCG  10  0.017237
9   LensKit.ItemKNNScorer-c3d66610-22  None  Precision   1  0.026312
10  LensKit.ItemKNNScorer-c3d66610-22  None  Precision   5  0.019040
11  LensKit.ItemKNNScorer-c3d66610-22  None  Precision  10  0.015043
12  LensKit.ItemKNNScorer-c3d66610-33  None       NDCG   1  0.024079
13  LensKit.ItemKNNScorer-c3d66610-33  None       NDCG   5  0.018777
14  LensKit.ItemKNNScorer-c3d66610-33  None       NDCG  10  0.015848
15  LensKit.ItemKNNScorer-c3d66610-33  None  Precision   1  0.024079
16  LensKit.ItemKNNScorer-c3d66610-33  None  Precision   5  0.017456
17  LensKit.ItemKNNScorer-c3d66610-33  None  Precision  10  0.013905
18  LensKit.ItemKNNScorer-c3d66610-44  None       NDCG   1  0.025514
19  LensKit.ItemKNNScorer-c3d66610-44  None       NDCG   5  0.020399
20  LensKit.ItemKNNScorer-c3d66610-44  None       NDCG  10  0.017206
21  LensKit.ItemKNNScorer-c3d66610-44  None  Precision   1  0.025514
22  LensKit.ItemKNNScorer-c3d66610-44  None  Precision   5  0.018955
23  LensKit.ItemKNNScorer-c3d66610-44  None  Precision  10  0.015091
24  LensKit.ItemKNNScorer-c3d66610-55  None       NDCG   1  0.026631
25  LensKit.ItemKNNScorer-c3d66610-55  None       NDCG   5  0.019148
26  LensKit.ItemKNNScorer-c3d66610-55  None       NDCG  10  0.016117
27  LensKit.ItemKNNScorer-c3d66610-55  None  Precision   1  0.026631
28  LensKit.ItemKNNScorer-c3d66610-55  None  Precision   5  0.017233
29  LensKit.ItemKNNScorer-c3d66610-55  None  Precision  10  0.013841}

=== Aggregated Summary ===
                  dataset                             algorithm  ...  std  count
0    Amazon2014VideoGames  LensKit.ImplicitMFScorer-f0dd7ecb-11  ...  0.0      5
1    Amazon2014VideoGames  LensKit.ImplicitMFScorer-f0dd7ecb-11  ...  0.0      5
2    Amazon2014VideoGames  LensKit.ImplicitMFScorer-f0dd7ecb-11  ...  0.0      5
3    Amazon2014VideoGames  LensKit.ImplicitMFScorer-f0dd7ecb-11  ...  0.0      5
4    Amazon2014VideoGames  LensKit.ImplicitMFScorer-f0dd7ecb-11  ...  0.0      5
..                    ...                                   ...  ...  ...    ...
265         MovieLens100K         LensKit.PopScorer-f4aa5539-55  ...  NaN      1
266         MovieLens100K         LensKit.PopScorer-f4aa5539-55  ...  NaN      1
267         MovieLens100K         LensKit.PopScorer-f4aa5539-55  ...  NaN      1
268         MovieLens100K         LensKit.PopScorer-f4aa5539-55  ...  NaN      1
269         MovieLens100K         LensKit.PopScorer-f4aa5539-55  ...  NaN      1

[270 rows x 7 columns]

=== Short Statistical Analysis ===
Amazon2014VideoGames | LensKit.ImplicitMFScorer-f0dd7ecb-11 | NDCG@1: mean=0.2174, std=0.0000, cv=0.000
Amazon2014VideoGames | LensKit.ImplicitMFScorer-f0dd7ecb-11 | NDCG@5: mean=0.1887, std=0.0000, cv=0.000
Amazon2014VideoGames | LensKit.ImplicitMFScorer-f0dd7ecb-11 | NDCG@10: mean=0.1771, std=0.0000, cv=0.000
Amazon2014VideoGames | LensKit.ImplicitMFScorer-f0dd7ecb-11 | Precision@1: mean=0.2174, std=0.0000, cv=0.000
Amazon2014VideoGames | LensKit.ImplicitMFScorer-f0dd7ecb-11 | Precision@5: mean=0.1820, std=0.0000, cv=0.000
Amazon2014VideoGames | LensKit.ImplicitMFScorer-f0dd7ecb-11 | Precision@10: mean=0.1686, std=0.0000, cv=0.000
Amazon2014VideoGames | LensKit.ImplicitMFScorer-f0dd7ecb-22 | NDCG@1: mean=0.2185, std=0.0000, cv=0.000
Amazon2014VideoGames | LensKit.ImplicitMFScorer-f0dd7ecb-22 | NDCG@5: mean=0.1986, std=0.0000, cv=0.000
Amazon2014VideoGames | LensKit.ImplicitMFScorer-f0dd7ecb-22 | NDCG@10: mean=0.1859, std=0.0000, cv=0.000
Amazon2014VideoGames | LensKit.ImplicitMFScorer-f0dd7ecb-22 | Precision@1: mean=0.2185, std=0.0000, cv=0.000
Amazon2014VideoGames | LensKit.ImplicitMFScorer-f0dd7ecb-22 | Precision@5: mean=0.1926, std=0.0000, cv=0.000
Amazon2014VideoGames | LensKit.ImplicitMFScorer-f0dd7ecb-22 | Precision@10: mean=0.1773, std=0.0000, cv=0.000
Amazon2014VideoGames | LensKit.ImplicitMFScorer-f0dd7ecb-33 | NDCG@1: mean=0.2248, std=0.0000, cv=0.000
Amazon2014VideoGames | LensKit.ImplicitMFScorer-f0dd7ecb-33 | NDCG@5: mean=0.2040, std=0.0000, cv=0.000
Amazon2014VideoGames | LensKit.ImplicitMFScorer-f0dd7ecb-33 | NDCG@10: mean=0.1930, std=0.0000, cv=0.000
Amazon2014VideoGames | LensKit.ImplicitMFScorer-f0dd7ecb-33 | Precision@1: mean=0.2248, std=0.0000, cv=0.000
Amazon2014VideoGames | LensKit.ImplicitMFScorer-f0dd7ecb-33 | Precision@5: mean=0.1966, std=0.0000, cv=0.000
Amazon2014VideoGames | LensKit.ImplicitMFScorer-f0dd7ecb-33 | Precision@10: mean=0.1845, std=0.0000, cv=0.000
Amazon2014VideoGames | LensKit.ImplicitMFScorer-f0dd7ecb-44 | NDCG@1: mean=0.2248, std=0.0000, cv=0.000
Amazon2014VideoGames | LensKit.ImplicitMFScorer-f0dd7ecb-44 | NDCG@5: mean=0.1976, std=0.0000, cv=0.000
Amazon2014VideoGames | LensKit.ImplicitMFScorer-f0dd7ecb-44 | NDCG@10: mean=0.1823, std=0.0000, cv=0.000
Amazon2014VideoGames | LensKit.ImplicitMFScorer-f0dd7ecb-44 | Precision@1: mean=0.2248, std=0.0000, cv=0.000
Amazon2014VideoGames | LensKit.ImplicitMFScorer-f0dd7ecb-44 | Precision@5: mean=0.1926, std=0.0000, cv=0.000
Amazon2014VideoGames | LensKit.ImplicitMFScorer-f0dd7ecb-44 | Precision@10: mean=0.1731, std=0.0000, cv=0.000
Amazon2014VideoGames | LensKit.ImplicitMFScorer-f0dd7ecb-55 | NDCG@1: mean=0.1994, std=0.0000, cv=0.000
Amazon2014VideoGames | LensKit.ImplicitMFScorer-f0dd7ecb-55 | NDCG@5: mean=0.1927, std=0.0000, cv=0.000
Amazon2014VideoGames | LensKit.ImplicitMFScorer-f0dd7ecb-55 | NDCG@10: mean=0.1795, std=0.0000, cv=0.000
Amazon2014VideoGames | LensKit.ImplicitMFScorer-f0dd7ecb-55 | Precision@1: mean=0.1994, std=0.0000, cv=0.000
Amazon2014VideoGames | LensKit.ImplicitMFScorer-f0dd7ecb-55 | Precision@5: mean=0.1909, std=0.0000, cv=0.000
Amazon2014VideoGames | LensKit.ImplicitMFScorer-f0dd7ecb-55 | Precision@10: mean=0.1729, std=0.0000, cv=0.000
Amazon2014VideoGames | LensKit.ItemKNNScorer-c3d66610-11 | NDCG@1: mean=0.1668, std=0.1418, cv=0.850
Amazon2014VideoGames | LensKit.ItemKNNScorer-c3d66610-11 | NDCG@5: mean=0.1405, std=0.1207, cv=0.859
Amazon2014VideoGames | LensKit.ItemKNNScorer-c3d66610-11 | NDCG@10: mean=0.1220, std=0.1053, cv=0.863
Amazon2014VideoGames | LensKit.ItemKNNScorer-c3d66610-11 | Precision@1: mean=0.1668, std=0.1418, cv=0.850
Amazon2014VideoGames | LensKit.ItemKNNScorer-c3d66610-11 | Precision@5: mean=0.1332, std=0.1150, cv=0.864
Amazon2014VideoGames | LensKit.ItemKNNScorer-c3d66610-11 | Precision@10: mean=0.1101, std=0.0956, cv=0.868
Amazon2014VideoGames | LensKit.ItemKNNScorer-c3d66610-22 | NDCG@1: mean=0.1849, std=0.1418, cv=0.767
Amazon2014VideoGames | LensKit.ItemKNNScorer-c3d66610-22 | NDCG@5: mean=0.1540, std=0.1193, cv=0.775
Amazon2014VideoGames | LensKit.ItemKNNScorer-c3d66610-22 | NDCG@10: mean=0.1354, std=0.1057, cv=0.781
Amazon2014VideoGames | LensKit.ItemKNNScorer-c3d66610-22 | Precision@1: mean=0.1849, std=0.1418, cv=0.767
Amazon2014VideoGames | LensKit.ItemKNNScorer-c3d66610-22 | Precision@5: mean=0.1446, std=0.1123, cv=0.777
Amazon2014VideoGames | LensKit.ItemKNNScorer-c3d66610-22 | Precision@10: mean=0.1225, std=0.0961, cv=0.785
Amazon2014VideoGames | LensKit.ItemKNNScorer-c3d66610-33 | NDCG@1: mean=0.2185, std=0.1506, cv=0.689
Amazon2014VideoGames | LensKit.ItemKNNScorer-c3d66610-33 | NDCG@5: mean=0.1718, std=0.1185, cv=0.690
Amazon2014VideoGames | LensKit.ItemKNNScorer-c3d66610-33 | NDCG@10: mean=0.1531, std=0.1063, cv=0.694
Amazon2014VideoGames | LensKit.ItemKNNScorer-c3d66610-33 | Precision@1: mean=0.2185, std=0.1506, cv=0.689
Amazon2014VideoGames | LensKit.ItemKNNScorer-c3d66610-33 | Precision@5: mean=0.1604, std=0.1108, cv=0.690
Amazon2014VideoGames | LensKit.ItemKNNScorer-c3d66610-33 | Precision@10: mean=0.1394, std=0.0972, cv=0.697
Amazon2014VideoGames | LensKit.ItemKNNScorer-c3d66610-44 | NDCG@1: mean=0.2489, std=0.1413, cv=0.568
Amazon2014VideoGames | LensKit.ItemKNNScorer-c3d66610-44 | NDCG@5: mean=0.2103, std=0.1201, cv=0.571
Amazon2014VideoGames | LensKit.ItemKNNScorer-c3d66610-44 | NDCG@10: mean=0.1777, std=0.1015, cv=0.571
Amazon2014VideoGames | LensKit.ItemKNNScorer-c3d66610-44 | Precision@1: mean=0.2489, std=0.1413, cv=0.568
Amazon2014VideoGames | LensKit.ItemKNNScorer-c3d66610-44 | Precision@5: mean=0.1972, std=0.1127, cv=0.572
Amazon2014VideoGames | LensKit.ItemKNNScorer-c3d66610-44 | Precision@10: mean=0.1568, std=0.0896, cv=0.572
Amazon2014VideoGames | LensKit.ItemKNNScorer-c3d66610-55 | NDCG@1: mean=0.2784, std=0.1126, cv=0.404
Amazon2014VideoGames | LensKit.ItemKNNScorer-c3d66610-55 | NDCG@5: mean=0.2241, std=0.0917, cv=0.409
Amazon2014VideoGames | LensKit.ItemKNNScorer-c3d66610-55 | NDCG@10: mean=0.1947, std=0.0799, cv=0.410
Amazon2014VideoGames | LensKit.ItemKNNScorer-c3d66610-55 | Precision@1: mean=0.2784, std=0.1126, cv=0.404
Amazon2014VideoGames | LensKit.ItemKNNScorer-c3d66610-55 | Precision@5: mean=0.2091, std=0.0858, cv=0.410
Amazon2014VideoGames | LensKit.ItemKNNScorer-c3d66610-55 | Precision@10: mean=0.1742, std=0.0717, cv=0.412
Amazon2014VideoGames | LensKit.PopScorer-f4aa5539-11 | NDCG@1: mean=0.2174, std=0.0000, cv=0.000
Amazon2014VideoGames | LensKit.PopScorer-f4aa5539-11 | NDCG@5: mean=0.1690, std=0.0000, cv=0.000
Amazon2014VideoGames | LensKit.PopScorer-f4aa5539-11 | NDCG@10: mean=0.1554, std=0.0000, cv=0.000
Amazon2014VideoGames | LensKit.PopScorer-f4aa5539-11 | Precision@1: mean=0.2174, std=0.0000, cv=0.000
Amazon2014VideoGames | LensKit.PopScorer-f4aa5539-11 | Precision@5: mean=0.1550, std=0.0000, cv=0.000
Amazon2014VideoGames | LensKit.PopScorer-f4aa5539-11 | Precision@10: mean=0.1427, std=0.0000, cv=0.000
Amazon2014VideoGames | LensKit.PopScorer-f4aa5539-22 | NDCG@1: mean=0.2386, std=0.0000, cv=0.000
Amazon2014VideoGames | LensKit.PopScorer-f4aa5539-22 | NDCG@5: mean=0.1761, std=0.0000, cv=0.000
Amazon2014VideoGames | LensKit.PopScorer-f4aa5539-22 | NDCG@10: mean=0.1634, std=0.0000, cv=0.000
Amazon2014VideoGames | LensKit.PopScorer-f4aa5539-22 | Precision@1: mean=0.2386, std=0.0000, cv=0.000
Amazon2014VideoGames | LensKit.PopScorer-f4aa5539-22 | Precision@5: mean=0.1618, std=0.0000, cv=0.000
Amazon2014VideoGames | LensKit.PopScorer-f4aa5539-22 | Precision@10: mean=0.1510, std=0.0000, cv=0.000
Amazon2014VideoGames | LensKit.PopScorer-f4aa5539-33 | NDCG@1: mean=0.2227, std=0.0000, cv=0.000
Amazon2014VideoGames | LensKit.PopScorer-f4aa5539-33 | NDCG@5: mean=0.1660, std=0.0000, cv=0.000
Amazon2014VideoGames | LensKit.PopScorer-f4aa5539-33 | NDCG@10: mean=0.1544, std=0.0000, cv=0.000
Amazon2014VideoGames | LensKit.PopScorer-f4aa5539-33 | Precision@1: mean=0.2227, std=0.0000, cv=0.000
Amazon2014VideoGames | LensKit.PopScorer-f4aa5539-33 | Precision@5: mean=0.1506, std=0.0000, cv=0.000
Amazon2014VideoGames | LensKit.PopScorer-f4aa5539-33 | Precision@10: mean=0.1418, std=0.0000, cv=0.000
Amazon2014VideoGames | LensKit.PopScorer-f4aa5539-44 | NDCG@1: mean=0.2078, std=0.0000, cv=0.000
Amazon2014VideoGames | LensKit.PopScorer-f4aa5539-44 | NDCG@5: mean=0.1669, std=0.0000, cv=0.000
Amazon2014VideoGames | LensKit.PopScorer-f4aa5539-44 | NDCG@10: mean=0.1562, std=0.0000, cv=0.000
Amazon2014VideoGames | LensKit.PopScorer-f4aa5539-44 | Precision@1: mean=0.2078, std=0.0000, cv=0.000
Amazon2014VideoGames | LensKit.PopScorer-f4aa5539-44 | Precision@5: mean=0.1557, std=0.0000, cv=0.000
Amazon2014VideoGames | LensKit.PopScorer-f4aa5539-44 | Precision@10: mean=0.1461, std=0.0000, cv=0.000
Amazon2014VideoGames | LensKit.PopScorer-f4aa5539-55 | NDCG@1: mean=0.2344, std=0.0000, cv=0.000
Amazon2014VideoGames | LensKit.PopScorer-f4aa5539-55 | NDCG@5: mean=0.1716, std=0.0000, cv=0.000
Amazon2014VideoGames | LensKit.PopScorer-f4aa5539-55 | NDCG@10: mean=0.1578, std=0.0000, cv=0.000
Amazon2014VideoGames | LensKit.PopScorer-f4aa5539-55 | Precision@1: mean=0.2344, std=0.0000, cv=0.000
Amazon2014VideoGames | LensKit.PopScorer-f4aa5539-55 | Precision@5: mean=0.1584, std=0.0000, cv=0.000
Amazon2014VideoGames | LensKit.PopScorer-f4aa5539-55 | Precision@10: mean=0.1456, std=0.0000, cv=0.000
HetrecLastFM | LensKit.ImplicitMFScorer-f0dd7ecb-11 | NDCG@1: mean=0.2174, std=0.0000, cv=0.000
HetrecLastFM | LensKit.ImplicitMFScorer-f0dd7ecb-11 | NDCG@5: mean=0.1887, std=0.0000, cv=0.000
HetrecLastFM | LensKit.ImplicitMFScorer-f0dd7ecb-11 | NDCG@10: mean=0.1771, std=0.0000, cv=0.000
HetrecLastFM | LensKit.ImplicitMFScorer-f0dd7ecb-11 | Precision@1: mean=0.2174, std=0.0000, cv=0.000
HetrecLastFM | LensKit.ImplicitMFScorer-f0dd7ecb-11 | Precision@5: mean=0.1820, std=0.0000, cv=0.000
HetrecLastFM | LensKit.ImplicitMFScorer-f0dd7ecb-11 | Precision@10: mean=0.1686, std=0.0000, cv=0.000
HetrecLastFM | LensKit.ImplicitMFScorer-f0dd7ecb-22 | NDCG@1: mean=0.2185, std=0.0000, cv=0.000
HetrecLastFM | LensKit.ImplicitMFScorer-f0dd7ecb-22 | NDCG@5: mean=0.1986, std=0.0000, cv=0.000
HetrecLastFM | LensKit.ImplicitMFScorer-f0dd7ecb-22 | NDCG@10: mean=0.1859, std=0.0000, cv=0.000
HetrecLastFM | LensKit.ImplicitMFScorer-f0dd7ecb-22 | Precision@1: mean=0.2185, std=0.0000, cv=0.000
HetrecLastFM | LensKit.ImplicitMFScorer-f0dd7ecb-22 | Precision@5: mean=0.1926, std=0.0000, cv=0.000
HetrecLastFM | LensKit.ImplicitMFScorer-f0dd7ecb-22 | Precision@10: mean=0.1773, std=0.0000, cv=0.000
HetrecLastFM | LensKit.ImplicitMFScorer-f0dd7ecb-33 | NDCG@1: mean=0.2248, std=0.0000, cv=0.000
HetrecLastFM | LensKit.ImplicitMFScorer-f0dd7ecb-33 | NDCG@5: mean=0.2040, std=0.0000, cv=0.000
HetrecLastFM | LensKit.ImplicitMFScorer-f0dd7ecb-33 | NDCG@10: mean=0.1930, std=0.0000, cv=0.000
HetrecLastFM | LensKit.ImplicitMFScorer-f0dd7ecb-33 | Precision@1: mean=0.2248, std=0.0000, cv=0.000
HetrecLastFM | LensKit.ImplicitMFScorer-f0dd7ecb-33 | Precision@5: mean=0.1966, std=0.0000, cv=0.000
HetrecLastFM | LensKit.ImplicitMFScorer-f0dd7ecb-33 | Precision@10: mean=0.1845, std=0.0000, cv=0.000
HetrecLastFM | LensKit.ImplicitMFScorer-f0dd7ecb-44 | NDCG@1: mean=0.2248, std=0.0000, cv=0.000
HetrecLastFM | LensKit.ImplicitMFScorer-f0dd7ecb-44 | NDCG@5: mean=0.1976, std=0.0000, cv=0.000
HetrecLastFM | LensKit.ImplicitMFScorer-f0dd7ecb-44 | NDCG@10: mean=0.1823, std=0.0000, cv=0.000
HetrecLastFM | LensKit.ImplicitMFScorer-f0dd7ecb-44 | Precision@1: mean=0.2248, std=0.0000, cv=0.000
HetrecLastFM | LensKit.ImplicitMFScorer-f0dd7ecb-44 | Precision@5: mean=0.1926, std=0.0000, cv=0.000
HetrecLastFM | LensKit.ImplicitMFScorer-f0dd7ecb-44 | Precision@10: mean=0.1731, std=0.0000, cv=0.000
HetrecLastFM | LensKit.ImplicitMFScorer-f0dd7ecb-55 | NDCG@1: mean=0.1994, std=0.0000, cv=0.000
HetrecLastFM | LensKit.ImplicitMFScorer-f0dd7ecb-55 | NDCG@5: mean=0.1927, std=0.0000, cv=0.000
HetrecLastFM | LensKit.ImplicitMFScorer-f0dd7ecb-55 | NDCG@10: mean=0.1795, std=0.0000, cv=0.000
HetrecLastFM | LensKit.ImplicitMFScorer-f0dd7ecb-55 | Precision@1: mean=0.1994, std=0.0000, cv=0.000
HetrecLastFM | LensKit.ImplicitMFScorer-f0dd7ecb-55 | Precision@5: mean=0.1909, std=0.0000, cv=0.000
HetrecLastFM | LensKit.ImplicitMFScorer-f0dd7ecb-55 | Precision@10: mean=0.1729, std=0.0000, cv=0.000
HetrecLastFM | LensKit.ItemKNNScorer-c3d66610-11 | NDCG@1: mean=0.1668, std=0.1418, cv=0.850
HetrecLastFM | LensKit.ItemKNNScorer-c3d66610-11 | NDCG@5: mean=0.1405, std=0.1207, cv=0.859
HetrecLastFM | LensKit.ItemKNNScorer-c3d66610-11 | NDCG@10: mean=0.1220, std=0.1053, cv=0.863
HetrecLastFM | LensKit.ItemKNNScorer-c3d66610-11 | Precision@1: mean=0.1668, std=0.1418, cv=0.850
HetrecLastFM | LensKit.ItemKNNScorer-c3d66610-11 | Precision@5: mean=0.1332, std=0.1150, cv=0.864
HetrecLastFM | LensKit.ItemKNNScorer-c3d66610-11 | Precision@10: mean=0.1101, std=0.0956, cv=0.868
HetrecLastFM | LensKit.ItemKNNScorer-c3d66610-22 | NDCG@1: mean=0.1690, std=0.1427, cv=0.844
HetrecLastFM | LensKit.ItemKNNScorer-c3d66610-22 | NDCG@5: mean=0.1406, std=0.1201, cv=0.854
HetrecLastFM | LensKit.ItemKNNScorer-c3d66610-22 | NDCG@10: mean=0.1236, std=0.1063, cv=0.861
HetrecLastFM | LensKit.ItemKNNScorer-c3d66610-22 | Precision@1: mean=0.1690, std=0.1427, cv=0.844
HetrecLastFM | LensKit.ItemKNNScorer-c3d66610-22 | Precision@5: mean=0.1320, std=0.1130, cv=0.856
HetrecLastFM | LensKit.ItemKNNScorer-c3d66610-22 | Precision@10: mean=0.1117, std=0.0967, cv=0.865
HetrecLastFM | LensKit.ItemKNNScorer-c3d66610-33 | NDCG@1: mean=0.1796, std=0.1555, cv=0.866
HetrecLastFM | LensKit.ItemKNNScorer-c3d66610-33 | NDCG@5: mean=0.1412, std=0.1224, cv=0.867
HetrecLastFM | LensKit.ItemKNNScorer-c3d66610-33 | NDCG@10: mean=0.1257, std=0.1098, cv=0.874
HetrecLastFM | LensKit.ItemKNNScorer-c3d66610-33 | Precision@1: mean=0.1796, std=0.1555, cv=0.866
HetrecLastFM | LensKit.ItemKNNScorer-c3d66610-33 | Precision@5: mean=0.1318, std=0.1144, cv=0.868
HetrecLastFM | LensKit.ItemKNNScorer-c3d66610-33 | Precision@10: mean=0.1143, std=0.1004, cv=0.878
HetrecLastFM | LensKit.ItemKNNScorer-c3d66610-44 | NDCG@1: mean=0.1819, std=0.1564, cv=0.860
HetrecLastFM | LensKit.ItemKNNScorer-c3d66610-44 | NDCG@5: mean=0.1534, std=0.1330, cv=0.867
HetrecLastFM | LensKit.ItemKNNScorer-c3d66610-44 | NDCG@10: mean=0.1295, std=0.1123, cv=0.867
HetrecLastFM | LensKit.ItemKNNScorer-c3d66610-44 | Precision@1: mean=0.1819, std=0.1564, cv=0.860
HetrecLastFM | LensKit.ItemKNNScorer-c3d66610-44 | Precision@5: mean=0.1437, std=0.1248, cv=0.868
HetrecLastFM | LensKit.ItemKNNScorer-c3d66610-44 | Precision@10: mean=0.1143, std=0.0992, cv=0.868
HetrecLastFM | LensKit.ItemKNNScorer-c3d66610-55 | NDCG@1: mean=0.1777, std=0.1511, cv=0.850
HetrecLastFM | LensKit.ItemKNNScorer-c3d66610-55 | NDCG@5: mean=0.1421, std=0.1230, cv=0.865
HetrecLastFM | LensKit.ItemKNNScorer-c3d66610-55 | NDCG@10: mean=0.1233, std=0.1072, cv=0.869
HetrecLastFM | LensKit.ItemKNNScorer-c3d66610-55 | Precision@1: mean=0.1777, std=0.1511, cv=0.850
HetrecLastFM | LensKit.ItemKNNScorer-c3d66610-55 | Precision@5: mean=0.1324, std=0.1151, cv=0.870
HetrecLastFM | LensKit.ItemKNNScorer-c3d66610-55 | Precision@10: mean=0.1100, std=0.0962, cv=0.874
HetrecLastFM | LensKit.PopScorer-f4aa5539-11 | NDCG@1: mean=0.2174, std=0.0000, cv=0.000
HetrecLastFM | LensKit.PopScorer-f4aa5539-11 | NDCG@5: mean=0.1690, std=0.0000, cv=0.000
HetrecLastFM | LensKit.PopScorer-f4aa5539-11 | NDCG@10: mean=0.1554, std=0.0000, cv=0.000
HetrecLastFM | LensKit.PopScorer-f4aa5539-11 | Precision@1: mean=0.2174, std=0.0000, cv=0.000
HetrecLastFM | LensKit.PopScorer-f4aa5539-11 | Precision@5: mean=0.1550, std=0.0000, cv=0.000
HetrecLastFM | LensKit.PopScorer-f4aa5539-11 | Precision@10: mean=0.1427, std=0.0000, cv=0.000
HetrecLastFM | LensKit.PopScorer-f4aa5539-22 | NDCG@1: mean=0.2386, std=0.0000, cv=0.000
HetrecLastFM | LensKit.PopScorer-f4aa5539-22 | NDCG@5: mean=0.1761, std=0.0000, cv=0.000
HetrecLastFM | LensKit.PopScorer-f4aa5539-22 | NDCG@10: mean=0.1634, std=0.0000, cv=0.000
HetrecLastFM | LensKit.PopScorer-f4aa5539-22 | Precision@1: mean=0.2386, std=0.0000, cv=0.000
HetrecLastFM | LensKit.PopScorer-f4aa5539-22 | Precision@5: mean=0.1618, std=0.0000, cv=0.000
HetrecLastFM | LensKit.PopScorer-f4aa5539-22 | Precision@10: mean=0.1510, std=0.0000, cv=0.000
HetrecLastFM | LensKit.PopScorer-f4aa5539-33 | NDCG@1: mean=0.2227, std=0.0000, cv=0.000
HetrecLastFM | LensKit.PopScorer-f4aa5539-33 | NDCG@5: mean=0.1660, std=0.0000, cv=0.000
HetrecLastFM | LensKit.PopScorer-f4aa5539-33 | NDCG@10: mean=0.1544, std=0.0000, cv=0.000
HetrecLastFM | LensKit.PopScorer-f4aa5539-33 | Precision@1: mean=0.2227, std=0.0000, cv=0.000
HetrecLastFM | LensKit.PopScorer-f4aa5539-33 | Precision@5: mean=0.1506, std=0.0000, cv=0.000
HetrecLastFM | LensKit.PopScorer-f4aa5539-33 | Precision@10: mean=0.1418, std=0.0000, cv=0.000
HetrecLastFM | LensKit.PopScorer-f4aa5539-44 | NDCG@1: mean=0.2078, std=0.0000, cv=0.000
HetrecLastFM | LensKit.PopScorer-f4aa5539-44 | NDCG@5: mean=0.1669, std=0.0000, cv=0.000
HetrecLastFM | LensKit.PopScorer-f4aa5539-44 | NDCG@10: mean=0.1562, std=0.0000, cv=0.000
HetrecLastFM | LensKit.PopScorer-f4aa5539-44 | Precision@1: mean=0.2078, std=0.0000, cv=0.000
HetrecLastFM | LensKit.PopScorer-f4aa5539-44 | Precision@5: mean=0.1557, std=0.0000, cv=0.000
HetrecLastFM | LensKit.PopScorer-f4aa5539-44 | Precision@10: mean=0.1461, std=0.0000, cv=0.000
HetrecLastFM | LensKit.PopScorer-f4aa5539-55 | NDCG@1: mean=0.2344, std=0.0000, cv=0.000
HetrecLastFM | LensKit.PopScorer-f4aa5539-55 | NDCG@5: mean=0.1716, std=0.0000, cv=0.000
HetrecLastFM | LensKit.PopScorer-f4aa5539-55 | NDCG@10: mean=0.1578, std=0.0000, cv=0.000
HetrecLastFM | LensKit.PopScorer-f4aa5539-55 | Precision@1: mean=0.2344, std=0.0000, cv=0.000
HetrecLastFM | LensKit.PopScorer-f4aa5539-55 | Precision@5: mean=0.1584, std=0.0000, cv=0.000
HetrecLastFM | LensKit.PopScorer-f4aa5539-55 | Precision@10: mean=0.1456, std=0.0000, cv=0.000
MovieLens100K | LensKit.ImplicitMFScorer-f0dd7ecb-11 | NDCG@1: mean=0.2174, std=0.0000, cv=0.000
MovieLens100K | LensKit.ImplicitMFScorer-f0dd7ecb-11 | NDCG@5: mean=0.1887, std=0.0000, cv=0.000
MovieLens100K | LensKit.ImplicitMFScorer-f0dd7ecb-11 | NDCG@10: mean=0.1771, std=0.0000, cv=0.000
MovieLens100K | LensKit.ImplicitMFScorer-f0dd7ecb-11 | Precision@1: mean=0.2174, std=0.0000, cv=0.000
MovieLens100K | LensKit.ImplicitMFScorer-f0dd7ecb-11 | Precision@5: mean=0.1820, std=0.0000, cv=0.000
MovieLens100K | LensKit.ImplicitMFScorer-f0dd7ecb-11 | Precision@10: mean=0.1686, std=0.0000, cv=0.000
MovieLens100K | LensKit.ImplicitMFScorer-f0dd7ecb-22 | NDCG@1: mean=0.2185, std=0.0000, cv=0.000
MovieLens100K | LensKit.ImplicitMFScorer-f0dd7ecb-22 | NDCG@5: mean=0.1986, std=0.0000, cv=0.000
MovieLens100K | LensKit.ImplicitMFScorer-f0dd7ecb-22 | NDCG@10: mean=0.1859, std=0.0000, cv=0.000
MovieLens100K | LensKit.ImplicitMFScorer-f0dd7ecb-22 | Precision@1: mean=0.2185, std=0.0000, cv=0.000
MovieLens100K | LensKit.ImplicitMFScorer-f0dd7ecb-22 | Precision@5: mean=0.1926, std=0.0000, cv=0.000
MovieLens100K | LensKit.ImplicitMFScorer-f0dd7ecb-22 | Precision@10: mean=0.1773, std=0.0000, cv=0.000
MovieLens100K | LensKit.ImplicitMFScorer-f0dd7ecb-33 | NDCG@1: mean=0.2248, std=0.0000, cv=0.000
MovieLens100K | LensKit.ImplicitMFScorer-f0dd7ecb-33 | NDCG@5: mean=0.2040, std=0.0000, cv=0.000
MovieLens100K | LensKit.ImplicitMFScorer-f0dd7ecb-33 | NDCG@10: mean=0.1930, std=0.0000, cv=0.000
MovieLens100K | LensKit.ImplicitMFScorer-f0dd7ecb-33 | Precision@1: mean=0.2248, std=0.0000, cv=0.000
MovieLens100K | LensKit.ImplicitMFScorer-f0dd7ecb-33 | Precision@5: mean=0.1966, std=0.0000, cv=0.000
MovieLens100K | LensKit.ImplicitMFScorer-f0dd7ecb-33 | Precision@10: mean=0.1845, std=0.0000, cv=0.000
MovieLens100K | LensKit.ImplicitMFScorer-f0dd7ecb-44 | NDCG@1: mean=0.2248, std=0.0000, cv=0.000
MovieLens100K | LensKit.ImplicitMFScorer-f0dd7ecb-44 | NDCG@5: mean=0.1976, std=0.0000, cv=0.000
MovieLens100K | LensKit.ImplicitMFScorer-f0dd7ecb-44 | NDCG@10: mean=0.1823, std=0.0000, cv=0.000
MovieLens100K | LensKit.ImplicitMFScorer-f0dd7ecb-44 | Precision@1: mean=0.2248, std=0.0000, cv=0.000
MovieLens100K | LensKit.ImplicitMFScorer-f0dd7ecb-44 | Precision@5: mean=0.1926, std=0.0000, cv=0.000
MovieLens100K | LensKit.ImplicitMFScorer-f0dd7ecb-44 | Precision@10: mean=0.1731, std=0.0000, cv=0.000
MovieLens100K | LensKit.ImplicitMFScorer-f0dd7ecb-55 | NDCG@1: mean=0.1994, std=0.0000, cv=0.000
MovieLens100K | LensKit.ImplicitMFScorer-f0dd7ecb-55 | NDCG@5: mean=0.1927, std=0.0000, cv=0.000
MovieLens100K | LensKit.ImplicitMFScorer-f0dd7ecb-55 | NDCG@10: mean=0.1795, std=0.0000, cv=0.000
MovieLens100K | LensKit.ImplicitMFScorer-f0dd7ecb-55 | Precision@1: mean=0.1994, std=0.0000, cv=0.000
MovieLens100K | LensKit.ImplicitMFScorer-f0dd7ecb-55 | Precision@5: mean=0.1909, std=0.0000, cv=0.000
MovieLens100K | LensKit.ImplicitMFScorer-f0dd7ecb-55 | Precision@10: mean=0.1729, std=0.0000, cv=0.000
MovieLens100K | LensKit.ItemKNNScorer-c3d66610-11 | NDCG@1: mean=0.3086, std=0.0000, cv=0.000
MovieLens100K | LensKit.ItemKNNScorer-c3d66610-11 | NDCG@5: mean=0.2613, std=0.0000, cv=0.000
MovieLens100K | LensKit.ItemKNNScorer-c3d66610-11 | NDCG@10: mean=0.2272, std=0.0000, cv=0.000
MovieLens100K | LensKit.ItemKNNScorer-c3d66610-11 | Precision@1: mean=0.3086, std=0.0000, cv=0.000
MovieLens100K | LensKit.ItemKNNScorer-c3d66610-11 | Precision@5: mean=0.2481, std=0.0000, cv=0.000
MovieLens100K | LensKit.ItemKNNScorer-c3d66610-11 | Precision@10: mean=0.2057, std=0.0000, cv=0.000
MovieLens100K | LensKit.ItemKNNScorer-c3d66610-22 | NDCG@1: mean=0.3118, std=0.0000, cv=0.000
MovieLens100K | LensKit.ItemKNNScorer-c3d66610-22 | NDCG@5: mean=0.2607, std=0.0000, cv=0.000
MovieLens100K | LensKit.ItemKNNScorer-c3d66610-22 | NDCG@10: mean=0.2299, std=0.0000, cv=0.000
MovieLens100K | LensKit.ItemKNNScorer-c3d66610-22 | Precision@1: mean=0.3118, std=0.0000, cv=0.000
MovieLens100K | LensKit.ItemKNNScorer-c3d66610-22 | Precision@5: mean=0.2450, std=0.0000, cv=0.000
MovieLens100K | LensKit.ItemKNNScorer-c3d66610-22 | Precision@10: mean=0.2084, std=0.0000, cv=0.000
MovieLens100K | LensKit.ItemKNNScorer-c3d66610-33 | NDCG@1: mean=0.3351, std=0.0000, cv=0.000
MovieLens100K | LensKit.ItemKNNScorer-c3d66610-33 | NDCG@5: mean=0.2635, std=0.0000, cv=0.000
MovieLens100K | LensKit.ItemKNNScorer-c3d66610-33 | NDCG@10: mean=0.2355, std=0.0000, cv=0.000
MovieLens100K | LensKit.ItemKNNScorer-c3d66610-33 | Precision@1: mean=0.3351, std=0.0000, cv=0.000
MovieLens100K | LensKit.ItemKNNScorer-c3d66610-33 | Precision@5: mean=0.2462, std=0.0000, cv=0.000
MovieLens100K | LensKit.ItemKNNScorer-c3d66610-33 | Precision@10: mean=0.2146, std=0.0000, cv=0.000
MovieLens100K | LensKit.ItemKNNScorer-c3d66610-44 | NDCG@1: mean=0.3383, std=0.0000, cv=0.000
MovieLens100K | LensKit.ItemKNNScorer-c3d66610-44 | NDCG@5: mean=0.2863, std=0.0000, cv=0.000
MovieLens100K | LensKit.ItemKNNScorer-c3d66610-44 | NDCG@10: mean=0.2419, std=0.0000, cv=0.000
MovieLens100K | LensKit.ItemKNNScorer-c3d66610-44 | Precision@1: mean=0.3383, std=0.0000, cv=0.000
MovieLens100K | LensKit.ItemKNNScorer-c3d66610-44 | Precision@5: mean=0.2685, std=0.0000, cv=0.000
MovieLens100K | LensKit.ItemKNNScorer-c3d66610-44 | Precision@10: mean=0.2135, std=0.0000, cv=0.000
MovieLens100K | LensKit.ItemKNNScorer-c3d66610-55 | NDCG@1: mean=0.3287, std=0.0000, cv=0.000
MovieLens100K | LensKit.ItemKNNScorer-c3d66610-55 | NDCG@5: mean=0.2652, std=0.0000, cv=0.000
MovieLens100K | LensKit.ItemKNNScorer-c3d66610-55 | NDCG@10: mean=0.2305, std=0.0000, cv=0.000
MovieLens100K | LensKit.ItemKNNScorer-c3d66610-55 | Precision@1: mean=0.3287, std=0.0000, cv=0.000
MovieLens100K | LensKit.ItemKNNScorer-c3d66610-55 | Precision@5: mean=0.2475, std=0.0000, cv=0.000
MovieLens100K | LensKit.ItemKNNScorer-c3d66610-55 | Precision@10: mean=0.2063, std=0.0000, cv=0.000
MovieLens100K | LensKit.PopScorer-f4aa5539-11 | NDCG@1: mean=0.2174, std=0.0000, cv=0.000
MovieLens100K | LensKit.PopScorer-f4aa5539-11 | NDCG@5: mean=0.1690, std=0.0000, cv=0.000
MovieLens100K | LensKit.PopScorer-f4aa5539-11 | NDCG@10: mean=0.1554, std=0.0000, cv=0.000
MovieLens100K | LensKit.PopScorer-f4aa5539-11 | Precision@1: mean=0.2174, std=0.0000, cv=0.000
MovieLens100K | LensKit.PopScorer-f4aa5539-11 | Precision@5: mean=0.1550, std=0.0000, cv=0.000
MovieLens100K | LensKit.PopScorer-f4aa5539-11 | Precision@10: mean=0.1427, std=0.0000, cv=0.000
MovieLens100K | LensKit.PopScorer-f4aa5539-22 | NDCG@1: mean=0.2386, std=0.0000, cv=0.000
MovieLens100K | LensKit.PopScorer-f4aa5539-22 | NDCG@5: mean=0.1761, std=0.0000, cv=0.000
MovieLens100K | LensKit.PopScorer-f4aa5539-22 | NDCG@10: mean=0.1634, std=0.0000, cv=0.000
MovieLens100K | LensKit.PopScorer-f4aa5539-22 | Precision@1: mean=0.2386, std=0.0000, cv=0.000
MovieLens100K | LensKit.PopScorer-f4aa5539-22 | Precision@5: mean=0.1618, std=0.0000, cv=0.000
MovieLens100K | LensKit.PopScorer-f4aa5539-22 | Precision@10: mean=0.1510, std=0.0000, cv=0.000
MovieLens100K | LensKit.PopScorer-f4aa5539-33 | NDCG@1: mean=0.2227, std=0.0000, cv=0.000
MovieLens100K | LensKit.PopScorer-f4aa5539-33 | NDCG@5: mean=0.1660, std=0.0000, cv=0.000
MovieLens100K | LensKit.PopScorer-f4aa5539-33 | NDCG@10: mean=0.1544, std=0.0000, cv=0.000
MovieLens100K | LensKit.PopScorer-f4aa5539-33 | Precision@1: mean=0.2227, std=0.0000, cv=0.000
MovieLens100K | LensKit.PopScorer-f4aa5539-33 | Precision@5: mean=0.1506, std=0.0000, cv=0.000
MovieLens100K | LensKit.PopScorer-f4aa5539-33 | Precision@10: mean=0.1418, std=0.0000, cv=0.000
MovieLens100K | LensKit.PopScorer-f4aa5539-44 | NDCG@1: mean=0.2078, std=0.0000, cv=0.000
MovieLens100K | LensKit.PopScorer-f4aa5539-44 | NDCG@5: mean=0.1669, std=0.0000, cv=0.000
MovieLens100K | LensKit.PopScorer-f4aa5539-44 | NDCG@10: mean=0.1562, std=0.0000, cv=0.000
MovieLens100K | LensKit.PopScorer-f4aa5539-44 | Precision@1: mean=0.2078, std=0.0000, cv=0.000
MovieLens100K | LensKit.PopScorer-f4aa5539-44 | Precision@5: mean=0.1557, std=0.0000, cv=0.000
MovieLens100K | LensKit.PopScorer-f4aa5539-44 | Precision@10: mean=0.1461, std=0.0000, cv=0.000
MovieLens100K | LensKit.PopScorer-f4aa5539-55 | NDCG@1: mean=0.2344, std=0.0000, cv=0.000
MovieLens100K | LensKit.PopScorer-f4aa5539-55 | NDCG@5: mean=0.1716, std=0.0000, cv=0.000
MovieLens100K | LensKit.PopScorer-f4aa5539-55 | NDCG@10: mean=0.1578, std=0.0000, cv=0.000
MovieLens100K | LensKit.PopScorer-f4aa5539-55 | Precision@1: mean=0.2344, std=0.0000, cv=0.000
MovieLens100K | LensKit.PopScorer-f4aa5539-55 | Precision@5: mean=0.1584, std=0.0000, cv=0.000
MovieLens100K | LensKit.PopScorer-f4aa5539-55 | Precision@10: mean=0.1456, std=0.0000, cv=0.000

=== Pairwise Comparison on mean NDCG@10 ===
algorithm             LensKit.ImplicitMFScorer-f0dd7ecb-11  ...  LensKit.PopScorer-f4aa5539-55
dataset                                                     ...                               
Amazon2014VideoGames                              0.177113  ...                       0.157833
HetrecLastFM                                      0.177113  ...                       0.157833
MovieLens100K                                     0.177113  ...                       0.157833

[3 rows x 15 columns]
Execution time: an hour (time limit is an hour).