Loading and preprocessing MovieLens100K
[2026/06/29 09:47:33] INFO     Canonicalized data set already exists, skipping download and       recsys_data_set.py:205
                               canonicalization.                                                                        
                      INFO     Making data set implicit with threshold 3.                      feedback_conversion.py:21
                      INFO     Minimum rating: 1                                               feedback_conversion.py:24
                      INFO     Maximum rating: 5                                               feedback_conversion.py:25
                      INFO     Number of interactions before: 100000                           feedback_conversion.py:26
                      INFO     Number of interactions after: 82520                             feedback_conversion.py:44
                      INFO     Pruning data set to 5-core.                                            core_pruning.py:19
                      INFO     Number of interactions before: 82520                                   core_pruning.py:20
                      INFO     Number of interactions after: 81697                                    core_pruning.py:63
  Running seed=7
                      INFO     Reusing existing env 'LensKit_env' at                                          envs.py:48
                               /home/florian_dueck04/.omnirec/data/envs/LensKit_env                                     
                      INFO     Starting runner...                                                     coordinator.py:272
[2026/06/29 09:47:36] INFO     Runner started with pid: 37266                                         coordinator.py:297
                      INFO     Connecting to runner...                                                coordinator.py:135
                      INFO     Running phase 'Fit' for MovieLens100K/ImplicitMFScorer                 coordinator.py:402
[2026/06/29 09:47:46] INFO     Running phase 'Predict' for MovieLens100K/ImplicitMFScorer             coordinator.py:402
[2026/06/29 09:48:26] INFO     Running phase 'Evaluate' for MovieLens100K/ImplicitMFScorer            coordinator.py:402
[2026/06/29 09:48:33] INFO     MovieLens100K/ImplicitMFScorer done!                                   coordinator.py:373
                      INFO     Stopping runner...                                                     coordinator.py:445
                      INFO     Reusing existing env 'LensKit_env' at                                          envs.py:48
                               /home/florian_dueck04/.omnirec/data/envs/LensKit_env                                     
                      INFO     Starting runner...                                                     coordinator.py:272
[2026/06/29 09:48:40] INFO     Runner started with pid: 37395                                         coordinator.py:297
                      INFO     Connecting to runner...                                                coordinator.py:135
                      INFO     Running phase 'Fit' for MovieLens100K/ItemKNNScorer                    coordinator.py:402
[2026/06/29 09:48:50] INFO     Running phase 'Predict' for MovieLens100K/ItemKNNScorer                coordinator.py:402
[2026/06/29 09:49:11] INFO     Running phase 'Evaluate' for MovieLens100K/ItemKNNScorer               coordinator.py:402
[2026/06/29 09:49:15] INFO     MovieLens100K/ItemKNNScorer done!                                      coordinator.py:373
                      INFO     Stopping runner...                                                     coordinator.py:445
                      INFO     Reusing existing env 'LensKit_env' at                                          envs.py:48
                               /home/florian_dueck04/.omnirec/data/envs/LensKit_env                                     
                      INFO     Starting runner...                                                     coordinator.py:272
[2026/06/29 09:49:21] INFO     Runner started with pid: 37498                                         coordinator.py:297
                      INFO     Connecting to runner...                                                coordinator.py:135
                      INFO     Running phase 'Fit' for MovieLens100K/PopScorer                        coordinator.py:402
[2026/06/29 09:49:31] INFO     Running phase 'Predict' for MovieLens100K/PopScorer                    coordinator.py:402
[2026/06/29 09:49:41] INFO     Running phase 'Evaluate' for MovieLens100K/PopScorer                   coordinator.py:402
[2026/06/29 09:49:43] INFO     MovieLens100K/PopScorer done!                                          coordinator.py:373
                      INFO     Stopping runner...                                                     coordinator.py:445
                                       MovieLens100K-938abed0: Evaluation Results                                       
┏━━━━━━━━━━━━━━━━┳━━━━━━━━━━━━━━━━┳━━━━━━━━━━━━━━━━┳━━━━━━━━━━━━━━━━┳━━━━━━━━━━━━━━━━┳━━━━━━━━━━━━━━━━┳━━━━━━━━━━━━━━━━┓
┃ Algorithm      ┃ NDCG@1         ┃ NDCG@10        ┃ NDCG@5         ┃ Precision@1    ┃ Precision@10   ┃ Precision@5    ┃
┡━━━━━━━━━━━━━━━━╇━━━━━━━━━━━━━━━━╇━━━━━━━━━━━━━━━━╇━━━━━━━━━━━━━━━━╇━━━━━━━━━━━━━━━━╇━━━━━━━━━━━━━━━━╇━━━━━━━━━━━━━━━━┩
│ LensKit.Impli… │ 0.19830328738… │ 0.16032578330… │ 0.17521790823… │ 0.19830328738… │ 0.15111346765… │ 0.16924708377… │
│ LensKit.ItemK… │ 0.28738069989… │ 0.21391652620… │ 0.24293107054… │ 0.28738069989… │ 0.19533404029… │ 0.23117709437… │
│ LensKit.PopSc… │ 0.21845174973… │ 0.14634385282… │ 0.15985836736… │ 0.21845174973… │ 0.13467656415… │ 0.14740190880… │
└────────────────┴────────────────┴────────────────┴────────────────┴────────────────┴────────────────┴────────────────┘
  Running seed=13
[2026/06/29 09:49:44] INFO     Reusing existing env 'LensKit_env' at                                          envs.py:48
                               /home/florian_dueck04/.omnirec/data/envs/LensKit_env                                     
                      INFO     Starting runner...                                                     coordinator.py:272
[2026/06/29 09:49:47] INFO     Runner started with pid: 37582                                         coordinator.py:297
                      INFO     Connecting to runner...                                                coordinator.py:135
                      INFO     Running phase 'Fit' for MovieLens100K/ImplicitMFScorer                 coordinator.py:402
[2026/06/29 09:49:57] INFO     Running phase 'Predict' for MovieLens100K/ImplicitMFScorer             coordinator.py:402
[2026/06/29 09:50:17] INFO     Running phase 'Evaluate' for MovieLens100K/ImplicitMFScorer            coordinator.py:402
[2026/06/29 09:50:20] INFO     MovieLens100K/ImplicitMFScorer done!                                   coordinator.py:373
                      INFO     Stopping runner...                                                     coordinator.py:445
                      INFO     Reusing existing env 'LensKit_env' at                                          envs.py:48
                               /home/florian_dueck04/.omnirec/data/envs/LensKit_env                                     
                      INFO     Starting runner...                                                     coordinator.py:272
[2026/06/29 09:50:23] INFO     Runner started with pid: 37679                                         coordinator.py:297
                      INFO     Connecting to runner...                                                coordinator.py:135
                      INFO     Running phase 'Fit' for MovieLens100K/ItemKNNScorer                    coordinator.py:402
[2026/06/29 09:50:33] INFO     Running phase 'Predict' for MovieLens100K/ItemKNNScorer                coordinator.py:402
[2026/06/29 09:50:43] INFO     Running phase 'Evaluate' for MovieLens100K/ItemKNNScorer               coordinator.py:402
[2026/06/29 09:50:45] INFO     MovieLens100K/ItemKNNScorer done!                                      coordinator.py:373
                      INFO     Stopping runner...                                                     coordinator.py:445
                      INFO     Reusing existing env 'LensKit_env' at                                          envs.py:48
                               /home/florian_dueck04/.omnirec/data/envs/LensKit_env                                     
                      INFO     Starting runner...                                                     coordinator.py:272
[2026/06/29 09:50:48] INFO     Runner started with pid: 37773                                         coordinator.py:297
                      INFO     Connecting to runner...                                                coordinator.py:135
                      INFO     Running phase 'Fit' for MovieLens100K/PopScorer                        coordinator.py:402
[2026/06/29 09:50:58] INFO     Running phase 'Predict' for MovieLens100K/PopScorer                    coordinator.py:402
[2026/06/29 09:51:08] INFO     Running phase 'Evaluate' for MovieLens100K/PopScorer                   coordinator.py:402
[2026/06/29 09:51:10] INFO     MovieLens100K/PopScorer done!                                          coordinator.py:373
                      INFO     Stopping runner...                                                     coordinator.py:445
                                       MovieLens100K-938abed0: Evaluation Results                                       
┏━━━━━━━━━━━━━━━━┳━━━━━━━━━━━━━━━━┳━━━━━━━━━━━━━━━━┳━━━━━━━━━━━━━━━━┳━━━━━━━━━━━━━━━━┳━━━━━━━━━━━━━━━━┳━━━━━━━━━━━━━━━━┓
┃ Algorithm      ┃ NDCG@1         ┃ NDCG@10        ┃ NDCG@5         ┃ Precision@1    ┃ Precision@10   ┃ Precision@5    ┃
┡━━━━━━━━━━━━━━━━╇━━━━━━━━━━━━━━━━╇━━━━━━━━━━━━━━━━╇━━━━━━━━━━━━━━━━╇━━━━━━━━━━━━━━━━╇━━━━━━━━━━━━━━━━╇━━━━━━━━━━━━━━━━┩
│ LensKit.Impli… │ 0.18239660657… │ 0.16092762401… │ 0.17363438281… │ 0.18239660657… │ 0.15397667020… │ 0.17094379639… │
│ LensKit.Impli… │ 0.19830328738… │ 0.16032578330… │ 0.17521790823… │ 0.19830328738… │ 0.15111346765… │ 0.16924708377… │
│ LensKit.ItemK… │ 0.29268292682… │ 0.20763842429… │ 0.23381424312… │ 0.29268292682… │ 0.18992576882… │ 0.22120890774… │
│ LensKit.ItemK… │ 0.28738069989… │ 0.21391652620… │ 0.24293107054… │ 0.28738069989… │ 0.19533404029… │ 0.23117709437… │
│ LensKit.PopSc… │ 0.18451749734… │ 0.13949386745… │ 0.15013652614… │ 0.18451749734… │ 0.12937433722… │ 0.13934252386… │
│ LensKit.PopSc… │ 0.21845174973… │ 0.14634385282… │ 0.15985836736… │ 0.21845174973… │ 0.13467656415… │ 0.14740190880… │
└────────────────┴────────────────┴────────────────┴────────────────┴────────────────┴────────────────┴────────────────┘
  Running seed=29
[2026/06/29 09:51:11] INFO     Reusing existing env 'LensKit_env' at                                          envs.py:48
                               /home/florian_dueck04/.omnirec/data/envs/LensKit_env                                     
                      INFO     Starting runner...                                                     coordinator.py:272
[2026/06/29 09:51:14] INFO     Runner started with pid: 37862                                         coordinator.py:297
                      INFO     Connecting to runner...                                                coordinator.py:135
                      INFO     Running phase 'Fit' for MovieLens100K/ImplicitMFScorer                 coordinator.py:402
[2026/06/29 09:51:24] INFO     Running phase 'Predict' for MovieLens100K/ImplicitMFScorer             coordinator.py:402
[2026/06/29 09:51:44] INFO     Running phase 'Evaluate' for MovieLens100K/ImplicitMFScorer            coordinator.py:402
[2026/06/29 09:51:46] INFO     MovieLens100K/ImplicitMFScorer done!                                   coordinator.py:373
                      INFO     Stopping runner...                                                     coordinator.py:445
[2026/06/29 09:51:47] INFO     Reusing existing env 'LensKit_env' at                                          envs.py:48
                               /home/florian_dueck04/.omnirec/data/envs/LensKit_env                                     
                      INFO     Starting runner...                                                     coordinator.py:272
[2026/06/29 09:51:49] INFO     Runner started with pid: 37959                                         coordinator.py:297
                      INFO     Connecting to runner...                                                coordinator.py:135
                      INFO     Running phase 'Fit' for MovieLens100K/ItemKNNScorer                    coordinator.py:402
[2026/06/29 09:51:59] INFO     Running phase 'Predict' for MovieLens100K/ItemKNNScorer                coordinator.py:402
[2026/06/29 09:52:09] INFO     Running phase 'Evaluate' for MovieLens100K/ItemKNNScorer               coordinator.py:402
[2026/06/29 09:52:12] INFO     MovieLens100K/ItemKNNScorer done!                                      coordinator.py:373
                      INFO     Stopping runner...                                                     coordinator.py:445
                      INFO     Reusing existing env 'LensKit_env' at                                          envs.py:48
                               /home/florian_dueck04/.omnirec/data/envs/LensKit_env                                     
                      INFO     Starting runner...                                                     coordinator.py:272
[2026/06/29 09:52:15] INFO     Runner started with pid: 38058                                         coordinator.py:297
                      INFO     Connecting to runner...                                                coordinator.py:135
                      INFO     Running phase 'Fit' for MovieLens100K/PopScorer                        coordinator.py:402
[2026/06/29 09:52:25] INFO     Running phase 'Predict' for MovieLens100K/PopScorer                    coordinator.py:402
[2026/06/29 09:52:35] INFO     Running phase 'Evaluate' for MovieLens100K/PopScorer                   coordinator.py:402
[2026/06/29 09:52:37] INFO     MovieLens100K/PopScorer done!                                          coordinator.py:373
                      INFO     Stopping runner...                                                     coordinator.py:445
                                       MovieLens100K-938abed0: Evaluation Results                                       
┏━━━━━━━━━━━━━━━━┳━━━━━━━━━━━━━━━━┳━━━━━━━━━━━━━━━━┳━━━━━━━━━━━━━━━━┳━━━━━━━━━━━━━━━━┳━━━━━━━━━━━━━━━━┳━━━━━━━━━━━━━━━━┓
┃ Algorithm      ┃ NDCG@1         ┃ NDCG@10        ┃ NDCG@5         ┃ Precision@1    ┃ Precision@10   ┃ Precision@5    ┃
┡━━━━━━━━━━━━━━━━╇━━━━━━━━━━━━━━━━╇━━━━━━━━━━━━━━━━╇━━━━━━━━━━━━━━━━╇━━━━━━━━━━━━━━━━╇━━━━━━━━━━━━━━━━╇━━━━━━━━━━━━━━━━┩
│ LensKit.Impli… │ 0.18239660657… │ 0.16092762401… │ 0.17363438281… │ 0.18239660657… │ 0.15397667020… │ 0.17094379639… │
│ LensKit.Impli… │ 0.19936373276… │ 0.16719756792… │ 0.18278461685… │ 0.19936373276… │ 0.15811240721… │ 0.17879109225… │
│ LensKit.Impli… │ 0.19830328738… │ 0.16032578330… │ 0.17521790823… │ 0.19830328738… │ 0.15111346765… │ 0.16924708377… │
│ LensKit.ItemK… │ 0.29268292682… │ 0.20763842429… │ 0.23381424312… │ 0.29268292682… │ 0.18992576882… │ 0.22120890774… │
│ LensKit.ItemK… │ 0.25662778366… │ 0.20627003242… │ 0.23401461789… │ 0.25662778366… │ 0.18992576882… │ 0.22523860021… │
│ LensKit.ItemK… │ 0.28738069989… │ 0.21391652620… │ 0.24293107054… │ 0.28738069989… │ 0.19533404029… │ 0.23117709437… │
│ LensKit.PopSc… │ 0.18451749734… │ 0.13949386745… │ 0.15013652614… │ 0.18451749734… │ 0.12937433722… │ 0.13934252386… │
│ LensKit.PopSc… │ 0.22269353128… │ 0.15331999289… │ 0.16542078426… │ 0.22269353128… │ 0.14167550371… │ 0.15249204665… │
│ LensKit.PopSc… │ 0.21845174973… │ 0.14634385282… │ 0.15985836736… │ 0.21845174973… │ 0.13467656415… │ 0.14740190880… │
└────────────────┴────────────────┴────────────────┴────────────────┴────────────────┴────────────────┴────────────────┘
  Running seed=42
[2026/06/29 09:52:38] INFO     Reusing existing env 'LensKit_env' at                                          envs.py:48
                               /home/florian_dueck04/.omnirec/data/envs/LensKit_env                                     
                      INFO     Starting runner...                                                     coordinator.py:272
[2026/06/29 09:52:41] INFO     Runner started with pid: 38144                                         coordinator.py:297
                      INFO     Connecting to runner...                                                coordinator.py:135
                      INFO     Running phase 'Fit' for MovieLens100K/ImplicitMFScorer                 coordinator.py:402
[2026/06/29 09:52:51] INFO     Running phase 'Predict' for MovieLens100K/ImplicitMFScorer             coordinator.py:402
[2026/06/29 09:53:11] INFO     Running phase 'Evaluate' for MovieLens100K/ImplicitMFScorer            coordinator.py:402
[2026/06/29 09:53:13] INFO     MovieLens100K/ImplicitMFScorer done!                                   coordinator.py:373
                      INFO     Stopping runner...                                                     coordinator.py:445
                      INFO     Reusing existing env 'LensKit_env' at                                          envs.py:48
                               /home/florian_dueck04/.omnirec/data/envs/LensKit_env                                     
                      INFO     Starting runner...                                                     coordinator.py:272
[2026/06/29 09:53:16] INFO     Runner started with pid: 38239                                         coordinator.py:297
                      INFO     Connecting to runner...                                                coordinator.py:135
                      INFO     Running phase 'Fit' for MovieLens100K/ItemKNNScorer                    coordinator.py:402
[2026/06/29 09:53:26] INFO     Running phase 'Predict' for MovieLens100K/ItemKNNScorer                coordinator.py:402
[2026/06/29 09:53:36] INFO     Running phase 'Evaluate' for MovieLens100K/ItemKNNScorer               coordinator.py:402
[2026/06/29 09:53:39] INFO     MovieLens100K/ItemKNNScorer done!                                      coordinator.py:373
                      INFO     Stopping runner...                                                     coordinator.py:445
                      INFO     Reusing existing env 'LensKit_env' at                                          envs.py:48
                               /home/florian_dueck04/.omnirec/data/envs/LensKit_env                                     
                      INFO     Starting runner...                                                     coordinator.py:272
[2026/06/29 09:53:42] INFO     Runner started with pid: 38335                                         coordinator.py:297
                      INFO     Connecting to runner...                                                coordinator.py:135
                      INFO     Running phase 'Fit' for MovieLens100K/PopScorer                        coordinator.py:402
[2026/06/29 09:53:52] INFO     Running phase 'Predict' for MovieLens100K/PopScorer                    coordinator.py:402
[2026/06/29 09:54:02] INFO     Running phase 'Evaluate' for MovieLens100K/PopScorer                   coordinator.py:402
[2026/06/29 09:54:04] INFO     MovieLens100K/PopScorer done!                                          coordinator.py:373
                      INFO     Stopping runner...                                                     coordinator.py:445
                                       MovieLens100K-938abed0: Evaluation Results                                       
┏━━━━━━━━━━━━━━━━┳━━━━━━━━━━━━━━━━┳━━━━━━━━━━━━━━━━┳━━━━━━━━━━━━━━━━┳━━━━━━━━━━━━━━━━┳━━━━━━━━━━━━━━━━┳━━━━━━━━━━━━━━━━┓
┃ Algorithm      ┃ NDCG@1         ┃ NDCG@10        ┃ NDCG@5         ┃ Precision@1    ┃ Precision@10   ┃ Precision@5    ┃
┡━━━━━━━━━━━━━━━━╇━━━━━━━━━━━━━━━━╇━━━━━━━━━━━━━━━━╇━━━━━━━━━━━━━━━━╇━━━━━━━━━━━━━━━━╇━━━━━━━━━━━━━━━━╇━━━━━━━━━━━━━━━━┩
│ LensKit.Impli… │ 0.18239660657… │ 0.16092762401… │ 0.17363438281… │ 0.18239660657… │ 0.15397667020… │ 0.17094379639… │
│ LensKit.Impli… │ 0.19936373276… │ 0.16719756792… │ 0.18278461685… │ 0.19936373276… │ 0.15811240721… │ 0.17879109225… │
│ LensKit.Impli… │ 0.19088016967… │ 0.16221177987… │ 0.17195983292… │ 0.19088016967… │ 0.15524920466… │ 0.16712619300… │
│ LensKit.Impli… │ 0.19830328738… │ 0.16032578330… │ 0.17521790823… │ 0.19830328738… │ 0.15111346765… │ 0.16924708377… │
│ LensKit.ItemK… │ 0.29268292682… │ 0.20763842429… │ 0.23381424312… │ 0.29268292682… │ 0.18992576882… │ 0.22120890774… │
│ LensKit.ItemK… │ 0.25662778366… │ 0.20627003242… │ 0.23401461789… │ 0.25662778366… │ 0.18992576882… │ 0.22523860021… │
│ LensKit.ItemK… │ 0.28101802757… │ 0.20855593914… │ 0.23755126999… │ 0.28101802757… │ 0.18950159066… │ 0.22481442205… │
│ LensKit.ItemK… │ 0.28738069989… │ 0.21391652620… │ 0.24293107054… │ 0.28738069989… │ 0.19533404029… │ 0.23117709437… │
│ LensKit.PopSc… │ 0.18451749734… │ 0.13949386745… │ 0.15013652614… │ 0.18451749734… │ 0.12937433722… │ 0.13934252386… │
│ LensKit.PopSc… │ 0.22269353128… │ 0.15331999289… │ 0.16542078426… │ 0.22269353128… │ 0.14167550371… │ 0.15249204665… │
│ LensKit.PopSc… │ 0.22269353128… │ 0.14447022287… │ 0.16452893817… │ 0.22269353128… │ 0.12884411452… │ 0.15100742311… │
│ LensKit.PopSc… │ 0.21845174973… │ 0.14634385282… │ 0.15985836736… │ 0.21845174973… │ 0.13467656415… │ 0.14740190880… │
└────────────────┴────────────────┴────────────────┴────────────────┴────────────────┴────────────────┴────────────────┘
  Running seed=101
[2026/06/29 09:54:05] INFO     Reusing existing env 'LensKit_env' at                                          envs.py:48
                               /home/florian_dueck04/.omnirec/data/envs/LensKit_env                                     
                      INFO     Starting runner...                                                     coordinator.py:272
[2026/06/29 09:54:08] INFO     Runner started with pid: 38420                                         coordinator.py:297
                      INFO     Connecting to runner...                                                coordinator.py:135
                      INFO     Running phase 'Fit' for MovieLens100K/ImplicitMFScorer                 coordinator.py:402
[2026/06/29 09:54:18] INFO     Running phase 'Predict' for MovieLens100K/ImplicitMFScorer             coordinator.py:402
[2026/06/29 09:54:38] INFO     Running phase 'Evaluate' for MovieLens100K/ImplicitMFScorer            coordinator.py:402
[2026/06/29 09:54:40] INFO     MovieLens100K/ImplicitMFScorer done!                                   coordinator.py:373
                      INFO     Stopping runner...                                                     coordinator.py:445
                      INFO     Reusing existing env 'LensKit_env' at                                          envs.py:48
                               /home/florian_dueck04/.omnirec/data/envs/LensKit_env                                     
                      INFO     Starting runner...                                                     coordinator.py:272
[2026/06/29 09:54:43] INFO     Runner started with pid: 38517                                         coordinator.py:297
                      INFO     Connecting to runner...                                                coordinator.py:135
                      INFO     Running phase 'Fit' for MovieLens100K/ItemKNNScorer                    coordinator.py:402
[2026/06/29 09:54:53] INFO     Running phase 'Predict' for MovieLens100K/ItemKNNScorer                coordinator.py:402
[2026/06/29 09:55:03] INFO     Running phase 'Evaluate' for MovieLens100K/ItemKNNScorer               coordinator.py:402
[2026/06/29 09:55:05] INFO     MovieLens100K/ItemKNNScorer done!                                      coordinator.py:373
                      INFO     Stopping runner...                                                     coordinator.py:445
                      INFO     Reusing existing env 'LensKit_env' at                                          envs.py:48
                               /home/florian_dueck04/.omnirec/data/envs/LensKit_env                                     
                      INFO     Starting runner...                                                     coordinator.py:272
[2026/06/29 09:55:08] INFO     Runner started with pid: 38613                                         coordinator.py:297
                      INFO     Connecting to runner...                                                coordinator.py:135
                      INFO     Running phase 'Fit' for MovieLens100K/PopScorer                        coordinator.py:402
[2026/06/29 09:55:18] INFO     Running phase 'Predict' for MovieLens100K/PopScorer                    coordinator.py:402
[2026/06/29 09:55:28] INFO     Running phase 'Evaluate' for MovieLens100K/PopScorer                   coordinator.py:402
[2026/06/29 09:55:30] INFO     MovieLens100K/PopScorer done!                                          coordinator.py:373
                      INFO     Stopping runner...                                                     coordinator.py:445
                                       MovieLens100K-938abed0: Evaluation Results                                       
┏━━━━━━━━━━━━━━━━┳━━━━━━━━━━━━━━━━┳━━━━━━━━━━━━━━━━┳━━━━━━━━━━━━━━━━┳━━━━━━━━━━━━━━━━┳━━━━━━━━━━━━━━━━┳━━━━━━━━━━━━━━━━┓
┃ Algorithm      ┃ NDCG@1         ┃ NDCG@10        ┃ NDCG@5         ┃ Precision@1    ┃ Precision@10   ┃ Precision@5    ┃
┡━━━━━━━━━━━━━━━━╇━━━━━━━━━━━━━━━━╇━━━━━━━━━━━━━━━━╇━━━━━━━━━━━━━━━━╇━━━━━━━━━━━━━━━━╇━━━━━━━━━━━━━━━━╇━━━━━━━━━━━━━━━━┩
│ LensKit.Impli… │ 0.19088016967… │ 0.16444592918… │ 0.17819812020… │ 0.19088016967… │ 0.15599151643… │ 0.17348886532… │
│ LensKit.Impli… │ 0.18239660657… │ 0.16092762401… │ 0.17363438281… │ 0.18239660657… │ 0.15397667020… │ 0.17094379639… │
│ LensKit.Impli… │ 0.19936373276… │ 0.16719756792… │ 0.18278461685… │ 0.19936373276… │ 0.15811240721… │ 0.17879109225… │
│ LensKit.Impli… │ 0.19088016967… │ 0.16221177987… │ 0.17195983292… │ 0.19088016967… │ 0.15524920466… │ 0.16712619300… │
│ LensKit.Impli… │ 0.19830328738… │ 0.16032578330… │ 0.17521790823… │ 0.19830328738… │ 0.15111346765… │ 0.16924708377… │
│ LensKit.ItemK… │ 0.26829268292… │ 0.20286545177… │ 0.22557191574… │ 0.26829268292… │ 0.18674443266… │ 0.21378579003… │
│ LensKit.ItemK… │ 0.29268292682… │ 0.20763842429… │ 0.23381424312… │ 0.29268292682… │ 0.18992576882… │ 0.22120890774… │
│ LensKit.ItemK… │ 0.25662778366… │ 0.20627003242… │ 0.23401461789… │ 0.25662778366… │ 0.18992576882… │ 0.22523860021… │
│ LensKit.ItemK… │ 0.28101802757… │ 0.20855593914… │ 0.23755126999… │ 0.28101802757… │ 0.18950159066… │ 0.22481442205… │
│ LensKit.ItemK… │ 0.28738069989… │ 0.21391652620… │ 0.24293107054… │ 0.28738069989… │ 0.19533404029… │ 0.23117709437… │
│ LensKit.PopSc… │ 0.19406150583… │ 0.14209000900… │ 0.15846194206… │ 0.19406150583… │ 0.13032873806… │ 0.14825026511… │
│ LensKit.PopSc… │ 0.18451749734… │ 0.13949386745… │ 0.15013652614… │ 0.18451749734… │ 0.12937433722… │ 0.13934252386… │
│ LensKit.PopSc… │ 0.22269353128… │ 0.15331999289… │ 0.16542078426… │ 0.22269353128… │ 0.14167550371… │ 0.15249204665… │
│ LensKit.PopSc… │ 0.22269353128… │ 0.14447022287… │ 0.16452893817… │ 0.22269353128… │ 0.12884411452… │ 0.15100742311… │
│ LensKit.PopSc… │ 0.21845174973… │ 0.14634385282… │ 0.15985836736… │ 0.21845174973… │ 0.13467656415… │ 0.14740190880… │
└────────────────┴────────────────┴────────────────┴────────────────┴────────────────┴────────────────┴────────────────┘
Loading and preprocessing Amazon Video Games
[2026/06/29 09:55:31] INFO     Canonicalized data set already exists, skipping download and       recsys_data_set.py:205
                               canonicalization.                                                                        
                      INFO     Making data set implicit with threshold 3.                      feedback_conversion.py:21
                      INFO     Minimum rating: 1.0                                             feedback_conversion.py:24
                      INFO     Maximum rating: 5.0                                             feedback_conversion.py:25
                      INFO     Number of interactions before: 1324753                          feedback_conversion.py:26
                      INFO     Number of interactions after: 1094400                           feedback_conversion.py:44
                      INFO     Pruning data set to 5-core.                                            core_pruning.py:19
                      INFO     Number of interactions before: 1094400                                 core_pruning.py:20
[2026/06/29 09:55:32] INFO     Number of interactions after: 177572                                   core_pruning.py:63
  Running seed=7
[2026/06/29 09:55:45] INFO     Reusing existing env 'LensKit_env' at                                          envs.py:48
                               /home/florian_dueck04/.omnirec/data/envs/LensKit_env                                     
                      INFO     Starting runner...                                                     coordinator.py:272
[2026/06/29 09:55:47] INFO     Runner started with pid: 38702                                         coordinator.py:297
[2026/06/29 09:55:48] INFO     Connecting to runner...                                                coordinator.py:135
                      INFO     Running phase 'Fit' for Amazon2014VideoGames/ImplicitMFScorer          coordinator.py:402
[2026/06/29 09:56:28] INFO     Running phase 'Predict' for Amazon2014VideoGames/ImplicitMFScorer      coordinator.py:402
Traceback (most recent call last):
  File "/home/florian_dueck04/AutoRecLab-group4/.venv/lib/python3.12/site-packages/omnirec/runner/coordinator.py", line 212, in run
    self.run_split(
  File "/home/florian_dueck04/AutoRecLab-group4/.venv/lib/python3.12/site-packages/omnirec/runner/coordinator.py", line 354, in run_split
    self.wait_for_job(root._predict, root)
  File "/home/florian_dueck04/AutoRecLab-group4/.venv/lib/python3.12/site-packages/omnirec/runner/coordinator.py", line 385, in wait_for_job
    state = root._status(job_id)
            ^^^^^^^^^^^^^^^^^^^^
  File "/home/florian_dueck04/AutoRecLab-group4/.venv/lib/python3.12/site-packages/rpyc/core/netref.py", line 239, in __call__
    return syncreq(_self, consts.HANDLE_CALL, args, kwargs)
           ^^^^^^^^^^^^^^^^^^^^^^^^^^^^^^^^^^^^^^^^^^^^^^^^
  File "/home/florian_dueck04/AutoRecLab-group4/.venv/lib/python3.12/site-packages/rpyc/core/netref.py", line 63, in syncreq
    return conn.sync_request(handler, proxy, *args)
           ^^^^^^^^^^^^^^^^^^^^^^^^^^^^^^^^^^^^^^^^
  File "/home/florian_dueck04/AutoRecLab-group4/.venv/lib/python3.12/site-packages/rpyc/core/protocol.py", line 744, in sync_request
    return _async_res.value
           ^^^^^^^^^^^^^^^^
  File "/home/florian_dueck04/AutoRecLab-group4/.venv/lib/python3.12/site-packages/rpyc/core/async_.py", line 111, in value
    raise self._obj
rpyc.core.vinegar/concurrent.futures.process._get_exception_class.<locals>.Derived: A process in the process pool was terminated abruptly while the future was running or pending.

========= Remote Traceback (1) =========
Traceback (most recent call last):
  File "/home/florian_dueck04/.omnirec/data/envs/LensKit_env/lib/python3.11/site-packages/rpyc/core/protocol.py", line 369, in _dispatch_request
    res = self._HANDLERS[handler](self, *args)
          ^^^^^^^^^^^^^^^^^^^^^^^^^^^^^^^^^^^^
  File "/home/florian_dueck04/.omnirec/data/envs/LensKit_env/lib/python3.11/site-packages/rpyc/core/protocol.py", line 863, in _handle_call
    return obj(*args, **dict(kwargs))
           ^^^^^^^^^^^^^^^^^^^^^^^^^^
  File "/home/florian_dueck04/.omnirec/data/envs/LensKit_env/lib/python3.11/site-packages/omnirec_runner/runner.py", line 143, in _status
    raise exc
concurrent.futures.process.BrokenProcessPool: A process in the process pool was terminated abruptly while the future was running or pending.

[2026/06/29 10:02:18] CRITICAL Stopping runner...                                                     coordinator.py:445
                      INFO     Reusing existing env 'LensKit_env' at                                          envs.py:48
                               /home/florian_dueck04/.omnirec/data/envs/LensKit_env                                     
                      INFO     Starting runner...                                                     coordinator.py:272
[2026/06/29 10:02:27] INFO     Runner started with pid: 38919                                         coordinator.py:297
                      INFO     Connecting to runner...                                                coordinator.py:135
                      INFO     Running phase 'Fit' for Amazon2014VideoGames/ItemKNNScorer             coordinator.py:402
[2026/06/29 10:02:37] INFO     Running phase 'Predict' for Amazon2014VideoGames/ItemKNNScorer         coordinator.py:402
[2026/06/29 10:03:37] INFO     Running phase 'Evaluate' for Amazon2014VideoGames/ItemKNNScorer        coordinator.py:402
[2026/06/29 10:04:27] INFO     Amazon2014VideoGames/ItemKNNScorer done!                               coordinator.py:373
                      CRITICAL Stopping runner...                                                     coordinator.py:445
                      INFO     Reusing existing env 'LensKit_env' at                                          envs.py:48
                               /home/florian_dueck04/.omnirec/data/envs/LensKit_env                                     
                      INFO     Starting runner...                                                     coordinator.py:272
[2026/06/29 10:04:29] INFO     Runner started with pid: 39041                                         coordinator.py:297
                      INFO     Connecting to runner...                                                coordinator.py:135
                      INFO     Running phase 'Fit' for Amazon2014VideoGames/PopScorer                 coordinator.py:402
[2026/06/29 10:04:39] INFO     Running phase 'Predict' for Amazon2014VideoGames/PopScorer             coordinator.py:402
Traceback (most recent call last):
  File "/home/florian_dueck04/AutoRecLab-group4/.venv/lib/python3.12/site-packages/omnirec/runner/coordinator.py", line 212, in run
    self.run_split(
  File "/home/florian_dueck04/AutoRecLab-group4/.venv/lib/python3.12/site-packages/omnirec/runner/coordinator.py", line 354, in run_split
    self.wait_for_job(root._predict, root)
  File "/home/florian_dueck04/AutoRecLab-group4/.venv/lib/python3.12/site-packages/omnirec/runner/coordinator.py", line 385, in wait_for_job
    state = root._status(job_id)
            ^^^^^^^^^^^^^^^^^^^^
  File "/home/florian_dueck04/AutoRecLab-group4/.venv/lib/python3.12/site-packages/rpyc/core/netref.py", line 239, in __call__
    return syncreq(_self, consts.HANDLE_CALL, args, kwargs)
           ^^^^^^^^^^^^^^^^^^^^^^^^^^^^^^^^^^^^^^^^^^^^^^^^
  File "/home/florian_dueck04/AutoRecLab-group4/.venv/lib/python3.12/site-packages/rpyc/core/netref.py", line 63, in syncreq
    return conn.sync_request(handler, proxy, *args)
           ^^^^^^^^^^^^^^^^^^^^^^^^^^^^^^^^^^^^^^^^
  File "/home/florian_dueck04/AutoRecLab-group4/.venv/lib/python3.12/site-packages/rpyc/core/protocol.py", line 744, in sync_request
    return _async_res.value
           ^^^^^^^^^^^^^^^^
  File "/home/florian_dueck04/AutoRecLab-group4/.venv/lib/python3.12/site-packages/rpyc/core/async_.py", line 111, in value
    raise self._obj
rpyc.core.vinegar/concurrent.futures.process._get_exception_class.<locals>.Derived: A process in the process pool was terminated abruptly while the future was running or pending.

========= Remote Traceback (1) =========
Traceback (most recent call last):
  File "/home/florian_dueck04/.omnirec/data/envs/LensKit_env/lib/python3.11/site-packages/rpyc/core/protocol.py", line 369, in _dispatch_request
    res = self._HANDLERS[handler](self, *args)
          ^^^^^^^^^^^^^^^^^^^^^^^^^^^^^^^^^^^^
  File "/home/florian_dueck04/.omnirec/data/envs/LensKit_env/lib/python3.11/site-packages/rpyc/core/protocol.py", line 863, in _handle_call
    return obj(*args, **dict(kwargs))
           ^^^^^^^^^^^^^^^^^^^^^^^^^^
  File "/home/florian_dueck04/.omnirec/data/envs/LensKit_env/lib/python3.11/site-packages/omnirec_runner/runner.py", line 143, in _status
    raise exc
concurrent.futures.process.BrokenProcessPool: A process in the process pool was terminated abruptly while the future was running or pending.

[2026/06/29 10:09:20] CRITICAL Stopping runner...                                                     coordinator.py:445
                                       MovieLens100K-938abed0: Evaluation Results                                       
┏━━━━━━━━━━━━━━━━┳━━━━━━━━━━━━━━━━┳━━━━━━━━━━━━━━━━┳━━━━━━━━━━━━━━━━┳━━━━━━━━━━━━━━━━┳━━━━━━━━━━━━━━━━┳━━━━━━━━━━━━━━━━┓
┃ Algorithm      ┃ NDCG@1         ┃ NDCG@10        ┃ NDCG@5         ┃ Precision@1    ┃ Precision@10   ┃ Precision@5    ┃
┡━━━━━━━━━━━━━━━━╇━━━━━━━━━━━━━━━━╇━━━━━━━━━━━━━━━━╇━━━━━━━━━━━━━━━━╇━━━━━━━━━━━━━━━━╇━━━━━━━━━━━━━━━━╇━━━━━━━━━━━━━━━━┩
│ LensKit.Impli… │ 0.19088016967… │ 0.16444592918… │ 0.17819812020… │ 0.19088016967… │ 0.15599151643… │ 0.17348886532… │
│ LensKit.Impli… │ 0.18239660657… │ 0.16092762401… │ 0.17363438281… │ 0.18239660657… │ 0.15397667020… │ 0.17094379639… │
│ LensKit.Impli… │ 0.19936373276… │ 0.16719756792… │ 0.18278461685… │ 0.19936373276… │ 0.15811240721… │ 0.17879109225… │
│ LensKit.Impli… │ 0.19088016967… │ 0.16221177987… │ 0.17195983292… │ 0.19088016967… │ 0.15524920466… │ 0.16712619300… │
│ LensKit.Impli… │ 0.19830328738… │ 0.16032578330… │ 0.17521790823… │ 0.19830328738… │ 0.15111346765… │ 0.16924708377… │
│ LensKit.ItemK… │ 0.26829268292… │ 0.20286545177… │ 0.22557191574… │ 0.26829268292… │ 0.18674443266… │ 0.21378579003… │
│ LensKit.ItemK… │ 0.29268292682… │ 0.20763842429… │ 0.23381424312… │ 0.29268292682… │ 0.18992576882… │ 0.22120890774… │
│ LensKit.ItemK… │ 0.25662778366… │ 0.20627003242… │ 0.23401461789… │ 0.25662778366… │ 0.18992576882… │ 0.22523860021… │
│ LensKit.ItemK… │ 0.28101802757… │ 0.20855593914… │ 0.23755126999… │ 0.28101802757… │ 0.18950159066… │ 0.22481442205… │
│ LensKit.ItemK… │ 0.28738069989… │ 0.21391652620… │ 0.24293107054… │ 0.28738069989… │ 0.19533404029… │ 0.23117709437… │
│ LensKit.PopSc… │ 0.19406150583… │ 0.14209000900… │ 0.15846194206… │ 0.19406150583… │ 0.13032873806… │ 0.14825026511… │
│ LensKit.PopSc… │ 0.18451749734… │ 0.13949386745… │ 0.15013652614… │ 0.18451749734… │ 0.12937433722… │ 0.13934252386… │
│ LensKit.PopSc… │ 0.22269353128… │ 0.15331999289… │ 0.16542078426… │ 0.22269353128… │ 0.14167550371… │ 0.15249204665… │
│ LensKit.PopSc… │ 0.22269353128… │ 0.14447022287… │ 0.16452893817… │ 0.22269353128… │ 0.12884411452… │ 0.15100742311… │
│ LensKit.PopSc… │ 0.21845174973… │ 0.14634385282… │ 0.15985836736… │ 0.21845174973… │ 0.13467656415… │ 0.14740190880… │
└────────────────┴────────────────┴────────────────┴────────────────┴────────────────┴────────────────┴────────────────┘
                                   Amazon2014VideoGames-32d2823b: Evaluation Results                                    
┏━━━━━━━━━━━━━━━━┳━━━━━━━━━━━━━━━━┳━━━━━━━━━━━━━━━━┳━━━━━━━━━━━━━━━━┳━━━━━━━━━━━━━━━━┳━━━━━━━━━━━━━━━━┳━━━━━━━━━━━━━━━━┓
┃ Algorithm      ┃ NDCG@1         ┃ NDCG@10        ┃ NDCG@5         ┃ Precision@1    ┃ Precision@10   ┃ Precision@5    ┃
┡━━━━━━━━━━━━━━━━╇━━━━━━━━━━━━━━━━╇━━━━━━━━━━━━━━━━╇━━━━━━━━━━━━━━━━╇━━━━━━━━━━━━━━━━╇━━━━━━━━━━━━━━━━╇━━━━━━━━━━━━━━━━┩
│ LensKit.ItemK… │ 0.01711582416… │ 0.01114211944… │ 0.01269352091… │ 0.01711582416… │ 0.00991335778… │ 0.01163025567… │
└────────────────┴────────────────┴────────────────┴────────────────┴────────────────┴────────────────┴────────────────┘
  Running seed=13
[2026/06/29 10:09:32] INFO     Reusing existing env 'LensKit_env' at                                          envs.py:48
                               /home/florian_dueck04/.omnirec/data/envs/LensKit_env                                     
                      INFO     Starting runner...                                                     coordinator.py:272
[2026/06/29 10:09:42] INFO     Runner started with pid: 39225                                         coordinator.py:297
                      INFO     Connecting to runner...                                                coordinator.py:135
                      INFO     Running phase 'Fit' for Amazon2014VideoGames/ImplicitMFScorer          coordinator.py:402
[2026/06/29 10:10:22] INFO     Running phase 'Predict' for Amazon2014VideoGames/ImplicitMFScorer      coordinator.py:402
Traceback (most recent call last):
  File "/home/florian_dueck04/AutoRecLab-group4/.venv/lib/python3.12/site-packages/omnirec/runner/coordinator.py", line 212, in run
    self.run_split(
  File "/home/florian_dueck04/AutoRecLab-group4/.venv/lib/python3.12/site-packages/omnirec/runner/coordinator.py", line 354, in run_split
    self.wait_for_job(root._predict, root)
  File "/home/florian_dueck04/AutoRecLab-group4/.venv/lib/python3.12/site-packages/omnirec/runner/coordinator.py", line 385, in wait_for_job
    state = root._status(job_id)
            ^^^^^^^^^^^^^^^^^^^^
  File "/home/florian_dueck04/AutoRecLab-group4/.venv/lib/python3.12/site-packages/rpyc/core/netref.py", line 239, in __call__
    return syncreq(_self, consts.HANDLE_CALL, args, kwargs)
           ^^^^^^^^^^^^^^^^^^^^^^^^^^^^^^^^^^^^^^^^^^^^^^^^
  File "/home/florian_dueck04/AutoRecLab-group4/.venv/lib/python3.12/site-packages/rpyc/core/netref.py", line 63, in syncreq
    return conn.sync_request(handler, proxy, *args)
           ^^^^^^^^^^^^^^^^^^^^^^^^^^^^^^^^^^^^^^^^
  File "/home/florian_dueck04/AutoRecLab-group4/.venv/lib/python3.12/site-packages/rpyc/core/protocol.py", line 744, in sync_request
    return _async_res.value
           ^^^^^^^^^^^^^^^^
  File "/home/florian_dueck04/AutoRecLab-group4/.venv/lib/python3.12/site-packages/rpyc/core/async_.py", line 111, in value
    raise self._obj
rpyc.core.vinegar/concurrent.futures.process._get_exception_class.<locals>.Derived: A process in the process pool was terminated abruptly while the future was running or pending.

========= Remote Traceback (1) =========
Traceback (most recent call last):
  File "/home/florian_dueck04/.omnirec/data/envs/LensKit_env/lib/python3.11/site-packages/rpyc/core/protocol.py", line 369, in _dispatch_request
    res = self._HANDLERS[handler](self, *args)
          ^^^^^^^^^^^^^^^^^^^^^^^^^^^^^^^^^^^^
  File "/home/florian_dueck04/.omnirec/data/envs/LensKit_env/lib/python3.11/site-packages/rpyc/core/protocol.py", line 863, in _handle_call
    return obj(*args, **dict(kwargs))
           ^^^^^^^^^^^^^^^^^^^^^^^^^^
  File "/home/florian_dueck04/.omnirec/data/envs/LensKit_env/lib/python3.11/site-packages/omnirec_runner/runner.py", line 143, in _status
    raise exc
concurrent.futures.process.BrokenProcessPool: A process in the process pool was terminated abruptly while the future was running or pending.

[2026/06/29 10:15:12] CRITICAL Stopping runner...                                                     coordinator.py:445
                      INFO     Reusing existing env 'LensKit_env' at                                          envs.py:48
                               /home/florian_dueck04/.omnirec/data/envs/LensKit_env                                     
                      INFO     Starting runner...                                                     coordinator.py:272
[2026/06/29 10:15:21] INFO     Runner started with pid: 39401                                         coordinator.py:297
                      INFO     Connecting to runner...                                                coordinator.py:135
[2026/06/29 10:15:22] INFO     Running phase 'Fit' for Amazon2014VideoGames/ItemKNNScorer             coordinator.py:402
[2026/06/29 10:15:32] INFO     Running phase 'Predict' for Amazon2014VideoGames/ItemKNNScorer         coordinator.py:402
[2026/06/29 10:16:32] INFO     Running phase 'Evaluate' for Amazon2014VideoGames/ItemKNNScorer        coordinator.py:402
[2026/06/29 10:17:23] INFO     Amazon2014VideoGames/ItemKNNScorer done!                               coordinator.py:373
                      CRITICAL Stopping runner...                                                     coordinator.py:445
                      INFO     Reusing existing env 'LensKit_env' at                                          envs.py:48
                               /home/florian_dueck04/.omnirec/data/envs/LensKit_env                                     
                      INFO     Starting runner...                                                     coordinator.py:272
[2026/06/29 10:17:25] INFO     Runner started with pid: 39528                                         coordinator.py:297
                      INFO     Connecting to runner...                                                coordinator.py:135
                      INFO     Running phase 'Fit' for Amazon2014VideoGames/PopScorer                 coordinator.py:402
[2026/06/29 10:17:35] INFO     Running phase 'Predict' for Amazon2014VideoGames/PopScorer             coordinator.py:402
Traceback (most recent call last):
  File "/home/florian_dueck04/AutoRecLab-group4/.venv/lib/python3.12/site-packages/omnirec/runner/coordinator.py", line 212, in run
    self.run_split(
  File "/home/florian_dueck04/AutoRecLab-group4/.venv/lib/python3.12/site-packages/omnirec/runner/coordinator.py", line 354, in run_split
    self.wait_for_job(root._predict, root)
  File "/home/florian_dueck04/AutoRecLab-group4/.venv/lib/python3.12/site-packages/omnirec/runner/coordinator.py", line 385, in wait_for_job
    state = root._status(job_id)
            ^^^^^^^^^^^^^^^^^^^^
  File "/home/florian_dueck04/AutoRecLab-group4/.venv/lib/python3.12/site-packages/rpyc/core/netref.py", line 239, in __call__
    return syncreq(_self, consts.HANDLE_CALL, args, kwargs)
           ^^^^^^^^^^^^^^^^^^^^^^^^^^^^^^^^^^^^^^^^^^^^^^^^
  File "/home/florian_dueck04/AutoRecLab-group4/.venv/lib/python3.12/site-packages/rpyc/core/netref.py", line 63, in syncreq
    return conn.sync_request(handler, proxy, *args)
           ^^^^^^^^^^^^^^^^^^^^^^^^^^^^^^^^^^^^^^^^
  File "/home/florian_dueck04/AutoRecLab-group4/.venv/lib/python3.12/site-packages/rpyc/core/protocol.py", line 744, in sync_request
    return _async_res.value
           ^^^^^^^^^^^^^^^^
  File "/home/florian_dueck04/AutoRecLab-group4/.venv/lib/python3.12/site-packages/rpyc/core/async_.py", line 111, in value
    raise self._obj
rpyc.core.vinegar/concurrent.futures.process._get_exception_class.<locals>.Derived: A process in the process pool was terminated abruptly while the future was running or pending.

========= Remote Traceback (1) =========
Traceback (most recent call last):
  File "/home/florian_dueck04/.omnirec/data/envs/LensKit_env/lib/python3.11/site-packages/rpyc/core/protocol.py", line 369, in _dispatch_request
    res = self._HANDLERS[handler](self, *args)
          ^^^^^^^^^^^^^^^^^^^^^^^^^^^^^^^^^^^^
  File "/home/florian_dueck04/.omnirec/data/envs/LensKit_env/lib/python3.11/site-packages/rpyc/core/protocol.py", line 863, in _handle_call
    return obj(*args, **dict(kwargs))
           ^^^^^^^^^^^^^^^^^^^^^^^^^^
  File "/home/florian_dueck04/.omnirec/data/envs/LensKit_env/lib/python3.11/site-packages/omnirec_runner/runner.py", line 143, in _status
    raise exc
concurrent.futures.process.BrokenProcessPool: A process in the process pool was terminated abruptly while the future was running or pending.

[2026/06/29 10:22:08] CRITICAL Stopping runner...                                                     coordinator.py:445
                                       MovieLens100K-938abed0: Evaluation Results                                       
┏━━━━━━━━━━━━━━━━┳━━━━━━━━━━━━━━━━┳━━━━━━━━━━━━━━━━┳━━━━━━━━━━━━━━━━┳━━━━━━━━━━━━━━━━┳━━━━━━━━━━━━━━━━┳━━━━━━━━━━━━━━━━┓
┃ Algorithm      ┃ NDCG@1         ┃ NDCG@10        ┃ NDCG@5         ┃ Precision@1    ┃ Precision@10   ┃ Precision@5    ┃
┡━━━━━━━━━━━━━━━━╇━━━━━━━━━━━━━━━━╇━━━━━━━━━━━━━━━━╇━━━━━━━━━━━━━━━━╇━━━━━━━━━━━━━━━━╇━━━━━━━━━━━━━━━━╇━━━━━━━━━━━━━━━━┩
│ LensKit.Impli… │ 0.19088016967… │ 0.16444592918… │ 0.17819812020… │ 0.19088016967… │ 0.15599151643… │ 0.17348886532… │
│ LensKit.Impli… │ 0.18239660657… │ 0.16092762401… │ 0.17363438281… │ 0.18239660657… │ 0.15397667020… │ 0.17094379639… │
│ LensKit.Impli… │ 0.19936373276… │ 0.16719756792… │ 0.18278461685… │ 0.19936373276… │ 0.15811240721… │ 0.17879109225… │
│ LensKit.Impli… │ 0.19088016967… │ 0.16221177987… │ 0.17195983292… │ 0.19088016967… │ 0.15524920466… │ 0.16712619300… │
│ LensKit.Impli… │ 0.19830328738… │ 0.16032578330… │ 0.17521790823… │ 0.19830328738… │ 0.15111346765… │ 0.16924708377… │
│ LensKit.ItemK… │ 0.26829268292… │ 0.20286545177… │ 0.22557191574… │ 0.26829268292… │ 0.18674443266… │ 0.21378579003… │
│ LensKit.ItemK… │ 0.29268292682… │ 0.20763842429… │ 0.23381424312… │ 0.29268292682… │ 0.18992576882… │ 0.22120890774… │
│ LensKit.ItemK… │ 0.25662778366… │ 0.20627003242… │ 0.23401461789… │ 0.25662778366… │ 0.18992576882… │ 0.22523860021… │
│ LensKit.ItemK… │ 0.28101802757… │ 0.20855593914… │ 0.23755126999… │ 0.28101802757… │ 0.18950159066… │ 0.22481442205… │
│ LensKit.ItemK… │ 0.28738069989… │ 0.21391652620… │ 0.24293107054… │ 0.28738069989… │ 0.19533404029… │ 0.23117709437… │
│ LensKit.PopSc… │ 0.19406150583… │ 0.14209000900… │ 0.15846194206… │ 0.19406150583… │ 0.13032873806… │ 0.14825026511… │
│ LensKit.PopSc… │ 0.18451749734… │ 0.13949386745… │ 0.15013652614… │ 0.18451749734… │ 0.12937433722… │ 0.13934252386… │
│ LensKit.PopSc… │ 0.22269353128… │ 0.15331999289… │ 0.16542078426… │ 0.22269353128… │ 0.14167550371… │ 0.15249204665… │
│ LensKit.PopSc… │ 0.22269353128… │ 0.14447022287… │ 0.16452893817… │ 0.22269353128… │ 0.12884411452… │ 0.15100742311… │
│ LensKit.PopSc… │ 0.21845174973… │ 0.14634385282… │ 0.15985836736… │ 0.21845174973… │ 0.13467656415… │ 0.14740190880… │
└────────────────┴────────────────┴────────────────┴────────────────┴────────────────┴────────────────┴────────────────┘
                                   Amazon2014VideoGames-32d2823b: Evaluation Results                                    
┏━━━━━━━━━━━━━━━━┳━━━━━━━━━━━━━━━━┳━━━━━━━━━━━━━━━━┳━━━━━━━━━━━━━━━━┳━━━━━━━━━━━━━━━━┳━━━━━━━━━━━━━━━━┳━━━━━━━━━━━━━━━━┓
┃ Algorithm      ┃ NDCG@1         ┃ NDCG@10        ┃ NDCG@5         ┃ Precision@1    ┃ Precision@10   ┃ Precision@5    ┃
┡━━━━━━━━━━━━━━━━╇━━━━━━━━━━━━━━━━╇━━━━━━━━━━━━━━━━╇━━━━━━━━━━━━━━━━╇━━━━━━━━━━━━━━━━╇━━━━━━━━━━━━━━━━╇━━━━━━━━━━━━━━━━┩
│ LensKit.ItemK… │ 0.01839153776… │ 0.01220917469… │ 0.01418723259… │ 0.01839153776… │ 0.01083293467… │ 0.01313985010… │
│ LensKit.ItemK… │ 0.01711582416… │ 0.01114211944… │ 0.01269352091… │ 0.01711582416… │ 0.00991335778… │ 0.01163025567… │
└────────────────┴────────────────┴────────────────┴────────────────┴────────────────┴────────────────┴────────────────┘
  Running seed=29
[2026/06/29 10:22:21] INFO     Reusing existing env 'LensKit_env' at                                          envs.py:48
                               /home/florian_dueck04/.omnirec/data/envs/LensKit_env                                     
                      INFO     Starting runner...                                                     coordinator.py:272
[2026/06/29 10:22:30] INFO     Runner started with pid: 39711                                         coordinator.py:297
                      INFO     Connecting to runner...                                                coordinator.py:135
                      INFO     Running phase 'Fit' for Amazon2014VideoGames/ImplicitMFScorer          coordinator.py:402
[2026/06/29 10:23:10] INFO     Running phase 'Predict' for Amazon2014VideoGames/ImplicitMFScorer      coordinator.py:402
Traceback (most recent call last):
  File "/home/florian_dueck04/AutoRecLab-group4/.venv/lib/python3.12/site-packages/omnirec/runner/coordinator.py", line 212, in run
    self.run_split(
  File "/home/florian_dueck04/AutoRecLab-group4/.venv/lib/python3.12/site-packages/omnirec/runner/coordinator.py", line 354, in run_split
    self.wait_for_job(root._predict, root)
  File "/home/florian_dueck04/AutoRecLab-group4/.venv/lib/python3.12/site-packages/omnirec/runner/coordinator.py", line 385, in wait_for_job
    state = root._status(job_id)
            ^^^^^^^^^^^^^^^^^^^^
  File "/home/florian_dueck04/AutoRecLab-group4/.venv/lib/python3.12/site-packages/rpyc/core/netref.py", line 239, in __call__
    return syncreq(_self, consts.HANDLE_CALL, args, kwargs)
           ^^^^^^^^^^^^^^^^^^^^^^^^^^^^^^^^^^^^^^^^^^^^^^^^
  File "/home/florian_dueck04/AutoRecLab-group4/.venv/lib/python3.12/site-packages/rpyc/core/netref.py", line 63, in syncreq
    return conn.sync_request(handler, proxy, *args)
           ^^^^^^^^^^^^^^^^^^^^^^^^^^^^^^^^^^^^^^^^
  File "/home/florian_dueck04/AutoRecLab-group4/.venv/lib/python3.12/site-packages/rpyc/core/protocol.py", line 744, in sync_request
    return _async_res.value
           ^^^^^^^^^^^^^^^^
  File "/home/florian_dueck04/AutoRecLab-group4/.venv/lib/python3.12/site-packages/rpyc/core/async_.py", line 111, in value
    raise self._obj
rpyc.core.vinegar/concurrent.futures.process._get_exception_class.<locals>.Derived: A process in the process pool was terminated abruptly while the future was running or pending.

========= Remote Traceback (1) =========
Traceback (most recent call last):
  File "/home/florian_dueck04/.omnirec/data/envs/LensKit_env/lib/python3.11/site-packages/rpyc/core/protocol.py", line 369, in _dispatch_request
    res = self._HANDLERS[handler](self, *args)
          ^^^^^^^^^^^^^^^^^^^^^^^^^^^^^^^^^^^^
  File "/home/florian_dueck04/.omnirec/data/envs/LensKit_env/lib/python3.11/site-packages/rpyc/core/protocol.py", line 863, in _handle_call
    return obj(*args, **dict(kwargs))
           ^^^^^^^^^^^^^^^^^^^^^^^^^^
  File "/home/florian_dueck04/.omnirec/data/envs/LensKit_env/lib/python3.11/site-packages/omnirec_runner/runner.py", line 143, in _status
    raise exc
concurrent.futures.process.BrokenProcessPool: A process in the process pool was terminated abruptly while the future was running or pending.

[2026/06/29 10:28:00] CRITICAL Stopping runner...                                                     coordinator.py:445
                      INFO     Reusing existing env 'LensKit_env' at                                          envs.py:48
                               /home/florian_dueck04/.omnirec/data/envs/LensKit_env                                     
                      INFO     Starting runner...                                                     coordinator.py:272
[2026/06/29 10:28:10] INFO     Runner started with pid: 39885                                         coordinator.py:297
                      INFO     Connecting to runner...                                                coordinator.py:135
                      INFO     Running phase 'Fit' for Amazon2014VideoGames/ItemKNNScorer             coordinator.py:402
[2026/06/29 10:28:20] INFO     Running phase 'Predict' for Amazon2014VideoGames/ItemKNNScorer         coordinator.py:402
[2026/06/29 10:29:20] INFO     Running phase 'Evaluate' for Amazon2014VideoGames/ItemKNNScorer        coordinator.py:402
[2026/06/29 10:30:11] INFO     Amazon2014VideoGames/ItemKNNScorer done!                               coordinator.py:373
                      CRITICAL Stopping runner...                                                     coordinator.py:445
                      INFO     Reusing existing env 'LensKit_env' at                                          envs.py:48
                               /home/florian_dueck04/.omnirec/data/envs/LensKit_env                                     
                      INFO     Starting runner...                                                     coordinator.py:272
[2026/06/29 10:30:14] INFO     Runner started with pid: 40034                                         coordinator.py:297
                      INFO     Connecting to runner...                                                coordinator.py:135
                      INFO     Running phase 'Fit' for Amazon2014VideoGames/PopScorer                 coordinator.py:402
[2026/06/29 10:30:24] INFO     Running phase 'Predict' for Amazon2014VideoGames/PopScorer             coordinator.py:402
Traceback (most recent call last):
  File "/home/florian_dueck04/AutoRecLab-group4/.venv/lib/python3.12/site-packages/omnirec/runner/coordinator.py", line 212, in run
    self.run_split(
  File "/home/florian_dueck04/AutoRecLab-group4/.venv/lib/python3.12/site-packages/omnirec/runner/coordinator.py", line 354, in run_split
    self.wait_for_job(root._predict, root)
  File "/home/florian_dueck04/AutoRecLab-group4/.venv/lib/python3.12/site-packages/omnirec/runner/coordinator.py", line 385, in wait_for_job
    state = root._status(job_id)
            ^^^^^^^^^^^^^^^^^^^^
  File "/home/florian_dueck04/AutoRecLab-group4/.venv/lib/python3.12/site-packages/rpyc/core/netref.py", line 239, in __call__
    return syncreq(_self, consts.HANDLE_CALL, args, kwargs)
           ^^^^^^^^^^^^^^^^^^^^^^^^^^^^^^^^^^^^^^^^^^^^^^^^
  File "/home/florian_dueck04/AutoRecLab-group4/.venv/lib/python3.12/site-packages/rpyc/core/netref.py", line 63, in syncreq
    return conn.sync_request(handler, proxy, *args)
           ^^^^^^^^^^^^^^^^^^^^^^^^^^^^^^^^^^^^^^^^
  File "/home/florian_dueck04/AutoRecLab-group4/.venv/lib/python3.12/site-packages/rpyc/core/protocol.py", line 744, in sync_request
    return _async_res.value
           ^^^^^^^^^^^^^^^^
  File "/home/florian_dueck04/AutoRecLab-group4/.venv/lib/python3.12/site-packages/rpyc/core/async_.py", line 111, in value
    raise self._obj
rpyc.core.vinegar/concurrent.futures.process._get_exception_class.<locals>.Derived: A process in the process pool was terminated abruptly while the future was running or pending.

========= Remote Traceback (1) =========
Traceback (most recent call last):
  File "/home/florian_dueck04/.omnirec/data/envs/LensKit_env/lib/python3.11/site-packages/rpyc/core/protocol.py", line 369, in _dispatch_request
    res = self._HANDLERS[handler](self, *args)
          ^^^^^^^^^^^^^^^^^^^^^^^^^^^^^^^^^^^^
  File "/home/florian_dueck04/.omnirec/data/envs/LensKit_env/lib/python3.11/site-packages/rpyc/core/protocol.py", line 863, in _handle_call
    return obj(*args, **dict(kwargs))
           ^^^^^^^^^^^^^^^^^^^^^^^^^^
  File "/home/florian_dueck04/.omnirec/data/envs/LensKit_env/lib/python3.11/site-packages/omnirec_runner/runner.py", line 143, in _status
    raise exc
concurrent.futures.process.BrokenProcessPool: A process in the process pool was terminated abruptly while the future was running or pending.

[2026/06/29 10:35:04] CRITICAL Stopping runner...                                                     coordinator.py:445
                                       MovieLens100K-938abed0: Evaluation Results                                       
┏━━━━━━━━━━━━━━━━┳━━━━━━━━━━━━━━━━┳━━━━━━━━━━━━━━━━┳━━━━━━━━━━━━━━━━┳━━━━━━━━━━━━━━━━┳━━━━━━━━━━━━━━━━┳━━━━━━━━━━━━━━━━┓
┃ Algorithm      ┃ NDCG@1         ┃ NDCG@10        ┃ NDCG@5         ┃ Precision@1    ┃ Precision@10   ┃ Precision@5    ┃
┡━━━━━━━━━━━━━━━━╇━━━━━━━━━━━━━━━━╇━━━━━━━━━━━━━━━━╇━━━━━━━━━━━━━━━━╇━━━━━━━━━━━━━━━━╇━━━━━━━━━━━━━━━━╇━━━━━━━━━━━━━━━━┩
│ LensKit.Impli… │ 0.19088016967… │ 0.16444592918… │ 0.17819812020… │ 0.19088016967… │ 0.15599151643… │ 0.17348886532… │
│ LensKit.Impli… │ 0.18239660657… │ 0.16092762401… │ 0.17363438281… │ 0.18239660657… │ 0.15397667020… │ 0.17094379639… │
│ LensKit.Impli… │ 0.19936373276… │ 0.16719756792… │ 0.18278461685… │ 0.19936373276… │ 0.15811240721… │ 0.17879109225… │
│ LensKit.Impli… │ 0.19088016967… │ 0.16221177987… │ 0.17195983292… │ 0.19088016967… │ 0.15524920466… │ 0.16712619300… │
│ LensKit.Impli… │ 0.19830328738… │ 0.16032578330… │ 0.17521790823… │ 0.19830328738… │ 0.15111346765… │ 0.16924708377… │
│ LensKit.ItemK… │ 0.26829268292… │ 0.20286545177… │ 0.22557191574… │ 0.26829268292… │ 0.18674443266… │ 0.21378579003… │
│ LensKit.ItemK… │ 0.29268292682… │ 0.20763842429… │ 0.23381424312… │ 0.29268292682… │ 0.18992576882… │ 0.22120890774… │
│ LensKit.ItemK… │ 0.25662778366… │ 0.20627003242… │ 0.23401461789… │ 0.25662778366… │ 0.18992576882… │ 0.22523860021… │
│ LensKit.ItemK… │ 0.28101802757… │ 0.20855593914… │ 0.23755126999… │ 0.28101802757… │ 0.18950159066… │ 0.22481442205… │
│ LensKit.ItemK… │ 0.28738069989… │ 0.21391652620… │ 0.24293107054… │ 0.28738069989… │ 0.19533404029… │ 0.23117709437… │
│ LensKit.PopSc… │ 0.19406150583… │ 0.14209000900… │ 0.15846194206… │ 0.19406150583… │ 0.13032873806… │ 0.14825026511… │
│ LensKit.PopSc… │ 0.18451749734… │ 0.13949386745… │ 0.15013652614… │ 0.18451749734… │ 0.12937433722… │ 0.13934252386… │
│ LensKit.PopSc… │ 0.22269353128… │ 0.15331999289… │ 0.16542078426… │ 0.22269353128… │ 0.14167550371… │ 0.15249204665… │
│ LensKit.PopSc… │ 0.22269353128… │ 0.14447022287… │ 0.16452893817… │ 0.22269353128… │ 0.12884411452… │ 0.15100742311… │
│ LensKit.PopSc… │ 0.21845174973… │ 0.14634385282… │ 0.15985836736… │ 0.21845174973… │ 0.13467656415… │ 0.14740190880… │
└────────────────┴────────────────┴────────────────┴────────────────┴────────────────┴────────────────┴────────────────┘
                                   Amazon2014VideoGames-32d2823b: Evaluation Results                                    
┏━━━━━━━━━━━━━━━━┳━━━━━━━━━━━━━━━━┳━━━━━━━━━━━━━━━━┳━━━━━━━━━━━━━━━━┳━━━━━━━━━━━━━━━━┳━━━━━━━━━━━━━━━━┳━━━━━━━━━━━━━━━━┓
┃ Algorithm      ┃ NDCG@1         ┃ NDCG@10        ┃ NDCG@5         ┃ Precision@1    ┃ Precision@10   ┃ Precision@5    ┃
┡━━━━━━━━━━━━━━━━╇━━━━━━━━━━━━━━━━╇━━━━━━━━━━━━━━━━╇━━━━━━━━━━━━━━━━╇━━━━━━━━━━━━━━━━╇━━━━━━━━━━━━━━━━╇━━━━━━━━━━━━━━━━┩
│ LensKit.ItemK… │ 0.01839153776… │ 0.01220917469… │ 0.01418723259… │ 0.01839153776… │ 0.01083293467… │ 0.01313985010… │
│ LensKit.ItemK… │ 0.01706266943… │ 0.01161435677… │ 0.01353663581… │ 0.01706266943… │ 0.01030138733… │ 0.01259767182… │
│ LensKit.ItemK… │ 0.01711582416… │ 0.01114211944… │ 0.01269352091… │ 0.01711582416… │ 0.00991335778… │ 0.01163025567… │
└────────────────┴────────────────┴────────────────┴────────────────┴────────────────┴────────────────┴────────────────┘
  Running seed=42
[2026/06/29 10:35:18] INFO     Reusing existing env 'LensKit_env' at                                          envs.py:48
                               /home/florian_dueck04/.omnirec/data/envs/LensKit_env                                     
                      INFO     Starting runner...                                                     coordinator.py:272
[2026/06/29 10:35:28] INFO     Runner started with pid: 40196                                         coordinator.py:297
                      INFO     Connecting to runner...                                                coordinator.py:135
                      INFO     Running phase 'Fit' for Amazon2014VideoGames/ImplicitMFScorer          coordinator.py:402
[2026/06/29 10:36:08] INFO     Running phase 'Predict' for Amazon2014VideoGames/ImplicitMFScorer      coordinator.py:402
Traceback (most recent call last):
  File "/home/florian_dueck04/AutoRecLab-group4/.venv/lib/python3.12/site-packages/omnirec/runner/coordinator.py", line 212, in run
    self.run_split(
  File "/home/florian_dueck04/AutoRecLab-group4/.venv/lib/python3.12/site-packages/omnirec/runner/coordinator.py", line 354, in run_split
    self.wait_for_job(root._predict, root)
  File "/home/florian_dueck04/AutoRecLab-group4/.venv/lib/python3.12/site-packages/omnirec/runner/coordinator.py", line 385, in wait_for_job
    state = root._status(job_id)
            ^^^^^^^^^^^^^^^^^^^^
  File "/home/florian_dueck04/AutoRecLab-group4/.venv/lib/python3.12/site-packages/rpyc/core/netref.py", line 239, in __call__
    return syncreq(_self, consts.HANDLE_CALL, args, kwargs)
           ^^^^^^^^^^^^^^^^^^^^^^^^^^^^^^^^^^^^^^^^^^^^^^^^
  File "/home/florian_dueck04/AutoRecLab-group4/.venv/lib/python3.12/site-packages/rpyc/core/netref.py", line 63, in syncreq
    return conn.sync_request(handler, proxy, *args)
           ^^^^^^^^^^^^^^^^^^^^^^^^^^^^^^^^^^^^^^^^
  File "/home/florian_dueck04/AutoRecLab-group4/.venv/lib/python3.12/site-packages/rpyc/core/protocol.py", line 744, in sync_request
    return _async_res.value
           ^^^^^^^^^^^^^^^^
  File "/home/florian_dueck04/AutoRecLab-group4/.venv/lib/python3.12/site-packages/rpyc/core/async_.py", line 111, in value
    raise self._obj
rpyc.core.vinegar/concurrent.futures.process._get_exception_class.<locals>.Derived: A process in the process pool was terminated abruptly while the future was running or pending.

========= Remote Traceback (1) =========
Traceback (most recent call last):
  File "/home/florian_dueck04/.omnirec/data/envs/LensKit_env/lib/python3.11/site-packages/rpyc/core/protocol.py", line 369, in _dispatch_request
    res = self._HANDLERS[handler](self, *args)
          ^^^^^^^^^^^^^^^^^^^^^^^^^^^^^^^^^^^^
  File "/home/florian_dueck04/.omnirec/data/envs/LensKit_env/lib/python3.11/site-packages/rpyc/core/protocol.py", line 863, in _handle_call
    return obj(*args, **dict(kwargs))
           ^^^^^^^^^^^^^^^^^^^^^^^^^^
  File "/home/florian_dueck04/.omnirec/data/envs/LensKit_env/lib/python3.11/site-packages/omnirec_runner/runner.py", line 143, in _status
    raise exc
concurrent.futures.process.BrokenProcessPool: A process in the process pool was terminated abruptly while the future was running or pending.

[2026/06/29 10:41:10] CRITICAL Stopping runner...                                                     coordinator.py:445
                      INFO     Reusing existing env 'LensKit_env' at                                          envs.py:48
                               /home/florian_dueck04/.omnirec/data/envs/LensKit_env                                     
                      INFO     Starting runner...                                                     coordinator.py:272
[2026/06/29 10:41:19] INFO     Runner started with pid: 40399                                         coordinator.py:297
                      INFO     Connecting to runner...                                                coordinator.py:135
[2026/06/29 10:41:20] INFO     Running phase 'Fit' for Amazon2014VideoGames/ItemKNNScorer             coordinator.py:402
[2026/06/29 10:41:30] INFO     Running phase 'Predict' for Amazon2014VideoGames/ItemKNNScorer         coordinator.py:402
[2026/06/29 10:42:30] INFO     Running phase 'Evaluate' for Amazon2014VideoGames/ItemKNNScorer        coordinator.py:402
[2026/06/29 10:43:19] INFO     Amazon2014VideoGames/ItemKNNScorer done!                               coordinator.py:373
                      CRITICAL Stopping runner...                                                     coordinator.py:445
[2026/06/29 10:43:20] INFO     Reusing existing env 'LensKit_env' at                                          envs.py:48
                               /home/florian_dueck04/.omnirec/data/envs/LensKit_env                                     
                      INFO     Starting runner...                                                     coordinator.py:272
[2026/06/29 10:43:22] INFO     Runner started with pid: 40522                                         coordinator.py:297
                      INFO     Connecting to runner...                                                coordinator.py:135
                      INFO     Running phase 'Fit' for Amazon2014VideoGames/PopScorer                 coordinator.py:402
[2026/06/29 10:43:32] INFO     Running phase 'Predict' for Amazon2014VideoGames/PopScorer             coordinator.py:402
Traceback (most recent call last):
  File "/home/florian_dueck04/AutoRecLab-group4/.venv/lib/python3.12/site-packages/omnirec/runner/coordinator.py", line 212, in run
    self.run_split(
  File "/home/florian_dueck04/AutoRecLab-group4/.venv/lib/python3.12/site-packages/omnirec/runner/coordinator.py", line 354, in run_split
    self.wait_for_job(root._predict, root)
  File "/home/florian_dueck04/AutoRecLab-group4/.venv/lib/python3.12/site-packages/omnirec/runner/coordinator.py", line 385, in wait_for_job
    state = root._status(job_id)
            ^^^^^^^^^^^^^^^^^^^^
  File "/home/florian_dueck04/AutoRecLab-group4/.venv/lib/python3.12/site-packages/rpyc/core/netref.py", line 239, in __call__
    return syncreq(_self, consts.HANDLE_CALL, args, kwargs)
           ^^^^^^^^^^^^^^^^^^^^^^^^^^^^^^^^^^^^^^^^^^^^^^^^
  File "/home/florian_dueck04/AutoRecLab-group4/.venv/lib/python3.12/site-packages/rpyc/core/netref.py", line 63, in syncreq
    return conn.sync_request(handler, proxy, *args)
           ^^^^^^^^^^^^^^^^^^^^^^^^^^^^^^^^^^^^^^^^
  File "/home/florian_dueck04/AutoRecLab-group4/.venv/lib/python3.12/site-packages/rpyc/core/protocol.py", line 744, in sync_request
    return _async_res.value
           ^^^^^^^^^^^^^^^^
  File "/home/florian_dueck04/AutoRecLab-group4/.venv/lib/python3.12/site-packages/rpyc/core/async_.py", line 111, in value
    raise self._obj
rpyc.core.vinegar/concurrent.futures.process._get_exception_class.<locals>.Derived: A process in the process pool was terminated abruptly while the future was running or pending.

========= Remote Traceback (1) =========
Traceback (most recent call last):
  File "/home/florian_dueck04/.omnirec/data/envs/LensKit_env/lib/python3.11/site-packages/rpyc/core/protocol.py", line 369, in _dispatch_request
    res = self._HANDLERS[handler](self, *args)
          ^^^^^^^^^^^^^^^^^^^^^^^^^^^^^^^^^^^^
  File "/home/florian_dueck04/.omnirec/data/envs/LensKit_env/lib/python3.11/site-packages/rpyc/core/protocol.py", line 863, in _handle_call
    return obj(*args, **dict(kwargs))
           ^^^^^^^^^^^^^^^^^^^^^^^^^^
  File "/home/florian_dueck04/.omnirec/data/envs/LensKit_env/lib/python3.11/site-packages/omnirec_runner/runner.py", line 143, in _status
    raise exc
concurrent.futures.process.BrokenProcessPool: A process in the process pool was terminated abruptly while the future was running or pending.

[2026/06/29 10:48:23] CRITICAL Stopping runner...                                                     coordinator.py:445
                                       MovieLens100K-938abed0: Evaluation Results                                       
┏━━━━━━━━━━━━━━━━┳━━━━━━━━━━━━━━━━┳━━━━━━━━━━━━━━━━┳━━━━━━━━━━━━━━━━┳━━━━━━━━━━━━━━━━┳━━━━━━━━━━━━━━━━┳━━━━━━━━━━━━━━━━┓
┃ Algorithm      ┃ NDCG@1         ┃ NDCG@10        ┃ NDCG@5         ┃ Precision@1    ┃ Precision@10   ┃ Precision@5    ┃
┡━━━━━━━━━━━━━━━━╇━━━━━━━━━━━━━━━━╇━━━━━━━━━━━━━━━━╇━━━━━━━━━━━━━━━━╇━━━━━━━━━━━━━━━━╇━━━━━━━━━━━━━━━━╇━━━━━━━━━━━━━━━━┩
│ LensKit.Impli… │ 0.19088016967… │ 0.16444592918… │ 0.17819812020… │ 0.19088016967… │ 0.15599151643… │ 0.17348886532… │
│ LensKit.Impli… │ 0.18239660657… │ 0.16092762401… │ 0.17363438281… │ 0.18239660657… │ 0.15397667020… │ 0.17094379639… │
│ LensKit.Impli… │ 0.19936373276… │ 0.16719756792… │ 0.18278461685… │ 0.19936373276… │ 0.15811240721… │ 0.17879109225… │
│ LensKit.Impli… │ 0.19088016967… │ 0.16221177987… │ 0.17195983292… │ 0.19088016967… │ 0.15524920466… │ 0.16712619300… │
│ LensKit.Impli… │ 0.19830328738… │ 0.16032578330… │ 0.17521790823… │ 0.19830328738… │ 0.15111346765… │ 0.16924708377… │
│ LensKit.ItemK… │ 0.26829268292… │ 0.20286545177… │ 0.22557191574… │ 0.26829268292… │ 0.18674443266… │ 0.21378579003… │
│ LensKit.ItemK… │ 0.29268292682… │ 0.20763842429… │ 0.23381424312… │ 0.29268292682… │ 0.18992576882… │ 0.22120890774… │
│ LensKit.ItemK… │ 0.25662778366… │ 0.20627003242… │ 0.23401461789… │ 0.25662778366… │ 0.18992576882… │ 0.22523860021… │
│ LensKit.ItemK… │ 0.28101802757… │ 0.20855593914… │ 0.23755126999… │ 0.28101802757… │ 0.18950159066… │ 0.22481442205… │
│ LensKit.ItemK… │ 0.28738069989… │ 0.21391652620… │ 0.24293107054… │ 0.28738069989… │ 0.19533404029… │ 0.23117709437… │
│ LensKit.PopSc… │ 0.19406150583… │ 0.14209000900… │ 0.15846194206… │ 0.19406150583… │ 0.13032873806… │ 0.14825026511… │
│ LensKit.PopSc… │ 0.18451749734… │ 0.13949386745… │ 0.15013652614… │ 0.18451749734… │ 0.12937433722… │ 0.13934252386… │
│ LensKit.PopSc… │ 0.22269353128… │ 0.15331999289… │ 0.16542078426… │ 0.22269353128… │ 0.14167550371… │ 0.15249204665… │
│ LensKit.PopSc… │ 0.22269353128… │ 0.14447022287… │ 0.16452893817… │ 0.22269353128… │ 0.12884411452… │ 0.15100742311… │
│ LensKit.PopSc… │ 0.21845174973… │ 0.14634385282… │ 0.15985836736… │ 0.21845174973… │ 0.13467656415… │ 0.14740190880… │
└────────────────┴────────────────┴────────────────┴────────────────┴────────────────┴────────────────┴────────────────┘
                                   Amazon2014VideoGames-32d2823b: Evaluation Results                                    
┏━━━━━━━━━━━━━━━━┳━━━━━━━━━━━━━━━━┳━━━━━━━━━━━━━━━━┳━━━━━━━━━━━━━━━━┳━━━━━━━━━━━━━━━━┳━━━━━━━━━━━━━━━━┳━━━━━━━━━━━━━━━━┓
┃ Algorithm      ┃ NDCG@1         ┃ NDCG@10        ┃ NDCG@5         ┃ Precision@1    ┃ Precision@10   ┃ Precision@5    ┃
┡━━━━━━━━━━━━━━━━╇━━━━━━━━━━━━━━━━╇━━━━━━━━━━━━━━━━╇━━━━━━━━━━━━━━━━╇━━━━━━━━━━━━━━━━╇━━━━━━━━━━━━━━━━╇━━━━━━━━━━━━━━━━┩
│ LensKit.ItemK… │ 0.01839153776… │ 0.01220917469… │ 0.01418723259… │ 0.01839153776… │ 0.01083293467… │ 0.01313985010… │
│ LensKit.ItemK… │ 0.01706266943… │ 0.01161435677… │ 0.01353663581… │ 0.01706266943… │ 0.01030138733… │ 0.01259767182… │
│ LensKit.ItemK… │ 0.01770052623… │ 0.01174459435… │ 0.01376045052… │ 0.01770052623… │ 0.01033859565… │ 0.01268271939… │
│ LensKit.ItemK… │ 0.01711582416… │ 0.01114211944… │ 0.01269352091… │ 0.01711582416… │ 0.00991335778… │ 0.01163025567… │
└────────────────┴────────────────┴────────────────┴────────────────┴────────────────┴────────────────┴────────────────┘
  Running seed=101
[2026/06/29 10:48:36] INFO     Reusing existing env 'LensKit_env' at                                          envs.py:48
                               /home/florian_dueck04/.omnirec/data/envs/LensKit_env                                     
                      INFO     Starting runner...                                                     coordinator.py:272
[2026/06/29 10:48:47] INFO     Runner started with pid: 40710                                         coordinator.py:297
                      INFO     Connecting to runner...                                                coordinator.py:135
                      INFO     Running phase 'Fit' for Amazon2014VideoGames/ImplicitMFScorer          coordinator.py:402
[2026/06/29 10:49:27] INFO     Running phase 'Predict' for Amazon2014VideoGames/ImplicitMFScorer      coordinator.py:402
Traceback (most recent call last):
  File "/home/florian_dueck04/AutoRecLab-group4/.venv/lib/python3.12/site-packages/omnirec/runner/coordinator.py", line 212, in run
    self.run_split(
  File "/home/florian_dueck04/AutoRecLab-group4/.venv/lib/python3.12/site-packages/omnirec/runner/coordinator.py", line 354, in run_split
    self.wait_for_job(root._predict, root)
  File "/home/florian_dueck04/AutoRecLab-group4/.venv/lib/python3.12/site-packages/omnirec/runner/coordinator.py", line 385, in wait_for_job
    state = root._status(job_id)
            ^^^^^^^^^^^^^^^^^^^^
  File "/home/florian_dueck04/AutoRecLab-group4/.venv/lib/python3.12/site-packages/rpyc/core/netref.py", line 239, in __call__
    return syncreq(_self, consts.HANDLE_CALL, args, kwargs)
           ^^^^^^^^^^^^^^^^^^^^^^^^^^^^^^^^^^^^^^^^^^^^^^^^
  File "/home/florian_dueck04/AutoRecLab-group4/.venv/lib/python3.12/site-packages/rpyc/core/netref.py", line 63, in syncreq
    return conn.sync_request(handler, proxy, *args)
           ^^^^^^^^^^^^^^^^^^^^^^^^^^^^^^^^^^^^^^^^
  File "/home/florian_dueck04/AutoRecLab-group4/.venv/lib/python3.12/site-packages/rpyc/core/protocol.py", line 744, in sync_request
    return _async_res.value
           ^^^^^^^^^^^^^^^^
  File "/home/florian_dueck04/AutoRecLab-group4/.venv/lib/python3.12/site-packages/rpyc/core/async_.py", line 111, in value
    raise self._obj
rpyc.core.vinegar/concurrent.futures.process._get_exception_class.<locals>.Derived: A process in the process pool was terminated abruptly while the future was running or pending.

========= Remote Traceback (1) =========
Traceback (most recent call last):
  File "/home/florian_dueck04/.omnirec/data/envs/LensKit_env/lib/python3.11/site-packages/rpyc/core/protocol.py", line 369, in _dispatch_request
    res = self._HANDLERS[handler](self, *args)
          ^^^^^^^^^^^^^^^^^^^^^^^^^^^^^^^^^^^^
  File "/home/florian_dueck04/.omnirec/data/envs/LensKit_env/lib/python3.11/site-packages/rpyc/core/protocol.py", line 863, in _handle_call
    return obj(*args, **dict(kwargs))
           ^^^^^^^^^^^^^^^^^^^^^^^^^^
  File "/home/florian_dueck04/.omnirec/data/envs/LensKit_env/lib/python3.11/site-packages/omnirec_runner/runner.py", line 143, in _status
    raise exc
concurrent.futures.process.BrokenProcessPool: A process in the process pool was terminated abruptly while the future was running or pending.

[2026/06/29 10:54:37] CRITICAL Stopping runner...                                                     coordinator.py:445
                      INFO     Reusing existing env 'LensKit_env' at                                          envs.py:48
                               /home/florian_dueck04/.omnirec/data/envs/LensKit_env                                     
                      INFO     Starting runner...                                                     coordinator.py:272
[2026/06/29 10:54:47] INFO     Runner started with pid: 40888                                         coordinator.py:297
                      INFO     Connecting to runner...                                                coordinator.py:135
[2026/06/29 10:54:48] INFO     Running phase 'Fit' for Amazon2014VideoGames/ItemKNNScorer             coordinator.py:402
[2026/06/29 10:54:58] INFO     Running phase 'Predict' for Amazon2014VideoGames/ItemKNNScorer         coordinator.py:402
[2026/06/29 10:56:08] INFO     Running phase 'Evaluate' for Amazon2014VideoGames/ItemKNNScorer        coordinator.py:402
[2026/06/29 10:57:00] INFO     Amazon2014VideoGames/ItemKNNScorer done!                               coordinator.py:373
                      CRITICAL Stopping runner...                                                     coordinator.py:445
                      INFO     Reusing existing env 'LensKit_env' at                                          envs.py:48
                               /home/florian_dueck04/.omnirec/data/envs/LensKit_env                                     
                      INFO     Starting runner...                                                     coordinator.py:272
[2026/06/29 10:57:03] INFO     Runner started with pid: 41014                                         coordinator.py:297
                      INFO     Connecting to runner...                                                coordinator.py:135
                      INFO     Running phase 'Fit' for Amazon2014VideoGames/PopScorer                 coordinator.py:402
[2026/06/29 10:57:13] INFO     Running phase 'Predict' for Amazon2014VideoGames/PopScorer             coordinator.py:402
Traceback (most recent call last):
  File "/home/florian_dueck04/AutoRecLab-group4/.venv/lib/python3.12/site-packages/omnirec/runner/coordinator.py", line 212, in run
    self.run_split(
  File "/home/florian_dueck04/AutoRecLab-group4/.venv/lib/python3.12/site-packages/omnirec/runner/coordinator.py", line 354, in run_split
    self.wait_for_job(root._predict, root)
  File "/home/florian_dueck04/AutoRecLab-group4/.venv/lib/python3.12/site-packages/omnirec/runner/coordinator.py", line 385, in wait_for_job
    state = root._status(job_id)
            ^^^^^^^^^^^^^^^^^^^^
  File "/home/florian_dueck04/AutoRecLab-group4/.venv/lib/python3.12/site-packages/rpyc/core/netref.py", line 239, in __call__
    return syncreq(_self, consts.HANDLE_CALL, args, kwargs)
           ^^^^^^^^^^^^^^^^^^^^^^^^^^^^^^^^^^^^^^^^^^^^^^^^
  File "/home/florian_dueck04/AutoRecLab-group4/.venv/lib/python3.12/site-packages/rpyc/core/netref.py", line 63, in syncreq
    return conn.sync_request(handler, proxy, *args)
           ^^^^^^^^^^^^^^^^^^^^^^^^^^^^^^^^^^^^^^^^
  File "/home/florian_dueck04/AutoRecLab-group4/.venv/lib/python3.12/site-packages/rpyc/core/protocol.py", line 744, in sync_request
    return _async_res.value
           ^^^^^^^^^^^^^^^^
  File "/home/florian_dueck04/AutoRecLab-group4/.venv/lib/python3.12/site-packages/rpyc/core/async_.py", line 111, in value
    raise self._obj
rpyc.core.vinegar/concurrent.futures.process._get_exception_class.<locals>.Derived: A process in the process pool was terminated abruptly while the future was running or pending.

========= Remote Traceback (1) =========
Traceback (most recent call last):
  File "/home/florian_dueck04/.omnirec/data/envs/LensKit_env/lib/python3.11/site-packages/rpyc/core/protocol.py", line 369, in _dispatch_request
    res = self._HANDLERS[handler](self, *args)
          ^^^^^^^^^^^^^^^^^^^^^^^^^^^^^^^^^^^^
  File "/home/florian_dueck04/.omnirec/data/envs/LensKit_env/lib/python3.11/site-packages/rpyc/core/protocol.py", line 863, in _handle_call
    return obj(*args, **dict(kwargs))
           ^^^^^^^^^^^^^^^^^^^^^^^^^^
  File "/home/florian_dueck04/.omnirec/data/envs/LensKit_env/lib/python3.11/site-packages/omnirec_runner/runner.py", line 143, in _status
    raise exc
concurrent.futures.process.BrokenProcessPool: A process in the process pool was terminated abruptly while the future was running or pending.

[2026/06/29 11:02:23] CRITICAL Stopping runner...                                                     coordinator.py:445
                                       MovieLens100K-938abed0: Evaluation Results                                       
┏━━━━━━━━━━━━━━━━┳━━━━━━━━━━━━━━━━┳━━━━━━━━━━━━━━━━┳━━━━━━━━━━━━━━━━┳━━━━━━━━━━━━━━━━┳━━━━━━━━━━━━━━━━┳━━━━━━━━━━━━━━━━┓
┃ Algorithm      ┃ NDCG@1         ┃ NDCG@10        ┃ NDCG@5         ┃ Precision@1    ┃ Precision@10   ┃ Precision@5    ┃
┡━━━━━━━━━━━━━━━━╇━━━━━━━━━━━━━━━━╇━━━━━━━━━━━━━━━━╇━━━━━━━━━━━━━━━━╇━━━━━━━━━━━━━━━━╇━━━━━━━━━━━━━━━━╇━━━━━━━━━━━━━━━━┩
│ LensKit.Impli… │ 0.19088016967… │ 0.16444592918… │ 0.17819812020… │ 0.19088016967… │ 0.15599151643… │ 0.17348886532… │
│ LensKit.Impli… │ 0.18239660657… │ 0.16092762401… │ 0.17363438281… │ 0.18239660657… │ 0.15397667020… │ 0.17094379639… │
│ LensKit.Impli… │ 0.19936373276… │ 0.16719756792… │ 0.18278461685… │ 0.19936373276… │ 0.15811240721… │ 0.17879109225… │
│ LensKit.Impli… │ 0.19088016967… │ 0.16221177987… │ 0.17195983292… │ 0.19088016967… │ 0.15524920466… │ 0.16712619300… │
│ LensKit.Impli… │ 0.19830328738… │ 0.16032578330… │ 0.17521790823… │ 0.19830328738… │ 0.15111346765… │ 0.16924708377… │
│ LensKit.ItemK… │ 0.26829268292… │ 0.20286545177… │ 0.22557191574… │ 0.26829268292… │ 0.18674443266… │ 0.21378579003… │
│ LensKit.ItemK… │ 0.29268292682… │ 0.20763842429… │ 0.23381424312… │ 0.29268292682… │ 0.18992576882… │ 0.22120890774… │
│ LensKit.ItemK… │ 0.25662778366… │ 0.20627003242… │ 0.23401461789… │ 0.25662778366… │ 0.18992576882… │ 0.22523860021… │
│ LensKit.ItemK… │ 0.28101802757… │ 0.20855593914… │ 0.23755126999… │ 0.28101802757… │ 0.18950159066… │ 0.22481442205… │
│ LensKit.ItemK… │ 0.28738069989… │ 0.21391652620… │ 0.24293107054… │ 0.28738069989… │ 0.19533404029… │ 0.23117709437… │
│ LensKit.PopSc… │ 0.19406150583… │ 0.14209000900… │ 0.15846194206… │ 0.19406150583… │ 0.13032873806… │ 0.14825026511… │
│ LensKit.PopSc… │ 0.18451749734… │ 0.13949386745… │ 0.15013652614… │ 0.18451749734… │ 0.12937433722… │ 0.13934252386… │
│ LensKit.PopSc… │ 0.22269353128… │ 0.15331999289… │ 0.16542078426… │ 0.22269353128… │ 0.14167550371… │ 0.15249204665… │
│ LensKit.PopSc… │ 0.22269353128… │ 0.14447022287… │ 0.16452893817… │ 0.22269353128… │ 0.12884411452… │ 0.15100742311… │
│ LensKit.PopSc… │ 0.21845174973… │ 0.14634385282… │ 0.15985836736… │ 0.21845174973… │ 0.13467656415… │ 0.14740190880… │
└────────────────┴────────────────┴────────────────┴────────────────┴────────────────┴────────────────┴────────────────┘
                                   Amazon2014VideoGames-32d2823b: Evaluation Results                                    
┏━━━━━━━━━━━━━━━━┳━━━━━━━━━━━━━━━━┳━━━━━━━━━━━━━━━━┳━━━━━━━━━━━━━━━━┳━━━━━━━━━━━━━━━━┳━━━━━━━━━━━━━━━━┳━━━━━━━━━━━━━━━━┓
┃ Algorithm      ┃ NDCG@1         ┃ NDCG@10        ┃ NDCG@5         ┃ Precision@1    ┃ Precision@10   ┃ Precision@5    ┃
┡━━━━━━━━━━━━━━━━╇━━━━━━━━━━━━━━━━╇━━━━━━━━━━━━━━━━╇━━━━━━━━━━━━━━━━╇━━━━━━━━━━━━━━━━╇━━━━━━━━━━━━━━━━╇━━━━━━━━━━━━━━━━┩
│ LensKit.ItemK… │ 0.01461755169… │ 0.01068214009… │ 0.01230497967… │ 0.01461755169… │ 0.00963695317… │ 0.01161962472… │
│ LensKit.ItemK… │ 0.01839153776… │ 0.01220917469… │ 0.01418723259… │ 0.01839153776… │ 0.01083293467… │ 0.01313985010… │
│ LensKit.ItemK… │ 0.01706266943… │ 0.01161435677… │ 0.01353663581… │ 0.01706266943… │ 0.01030138733… │ 0.01259767182… │
│ LensKit.ItemK… │ 0.01770052623… │ 0.01174459435… │ 0.01376045052… │ 0.01770052623… │ 0.01033859565… │ 0.01268271939… │
│ LensKit.ItemK… │ 0.01711582416… │ 0.01114211944… │ 0.01269352091… │ 0.01711582416… │ 0.00991335778… │ 0.01163025567… │
└────────────────┴────────────────┴────────────────┴────────────────┴────────────────┴────────────────┴────────────────┘
Loading and preprocessing Last.FM
[2026/06/29 11:02:24] INFO     Canonicalized data set already exists, skipping download and       recsys_data_set.py:205
                               canonicalization.                                                                        
                      INFO     Pruning data set to 5-core.                                            core_pruning.py:19
                      INFO     Number of interactions before: 71064                                   core_pruning.py:20
                      INFO     Number of interactions after: 52551                                    core_pruning.py:63
  Running seed=7
[2026/06/29 11:02:25] INFO     Reusing existing env 'LensKit_env' at                                          envs.py:48
                               /home/florian_dueck04/.omnirec/data/envs/LensKit_env                                     
                      INFO     Starting runner...                                                     coordinator.py:272
[2026/06/29 11:02:35] INFO     Runner started with pid: 41202                                         coordinator.py:297
                      INFO     Connecting to runner...                                                coordinator.py:135
                      INFO     Running phase 'Fit' for HetrecLastFM/ImplicitMFScorer                  coordinator.py:402
[2026/06/29 11:02:45] INFO     Running phase 'Predict' for HetrecLastFM/ImplicitMFScorer              coordinator.py:402
[2026/06/29 11:03:05] INFO     Running phase 'Evaluate' for HetrecLastFM/ImplicitMFScorer             coordinator.py:402
Traceback (most recent call last):
  File "/home/florian_dueck04/AutoRecLab-group4/.venv/lib/python3.12/site-packages/omnirec/runner/coordinator.py", line 212, in run
    self.run_split(
  File "/home/florian_dueck04/AutoRecLab-group4/.venv/lib/python3.12/site-packages/omnirec/runner/coordinator.py", line 365, in run_split
    self._evaluator.run_evaluation(
  File "/home/florian_dueck04/AutoRecLab-group4/.venv/lib/python3.12/site-packages/omnirec/runner/evaluation.py", line 54, in run_evaluation
    mr = m.calculate(predictions, test)
         ^^^^^^^^^^^^^^^^^^^^^^^^^^^^^^
  File "/home/florian_dueck04/AutoRecLab-group4/.venv/lib/python3.12/site-packages/omnirec/metrics/ranking.py", line 74, in calculate
    top_k_dict = self.make_topk_dict(predictions)
                 ^^^^^^^^^^^^^^^^^^^^^^^^^^^^^^^^
  File "/home/florian_dueck04/AutoRecLab-group4/.venv/lib/python3.12/site-packages/omnirec/metrics/ranking.py", line 24, in make_topk_dict
    for user, group in predictions.sort_values("rank").groupby("user"):
                       ^^^^^^^^^^^^^^^^^^^^^^^^^^^^^^^
  File "/home/florian_dueck04/AutoRecLab-group4/.venv/lib/python3.12/site-packages/pandas/core/frame.py", line 7211, in sort_values
    k = self._get_label_or_level_values(by[0], axis=axis)
        ^^^^^^^^^^^^^^^^^^^^^^^^^^^^^^^^^^^^^^^^^^^^^^^^^
  File "/home/florian_dueck04/AutoRecLab-group4/.venv/lib/python3.12/site-packages/pandas/core/generic.py", line 1914, in _get_label_or_level_values
    raise KeyError(key)
KeyError: 'rank'
                      CRITICAL Stopping runner...                                                     coordinator.py:445
                      INFO     Reusing existing env 'LensKit_env' at                                          envs.py:48
                               /home/florian_dueck04/.omnirec/data/envs/LensKit_env                                     
                      INFO     Starting runner...                                                     coordinator.py:272
[2026/06/29 11:03:08] INFO     Runner started with pid: 41300                                         coordinator.py:297
                      INFO     Connecting to runner...                                                coordinator.py:135
                      INFO     Running phase 'Fit' for HetrecLastFM/ItemKNNScorer                     coordinator.py:402
[2026/06/29 11:03:18] INFO     Running phase 'Predict' for HetrecLastFM/ItemKNNScorer                 coordinator.py:402
[2026/06/29 11:03:28] INFO     Running phase 'Evaluate' for HetrecLastFM/ItemKNNScorer                coordinator.py:402
Traceback (most recent call last):
  File "/home/florian_dueck04/AutoRecLab-group4/.venv/lib/python3.12/site-packages/omnirec/runner/coordinator.py", line 212, in run
    self.run_split(
  File "/home/florian_dueck04/AutoRecLab-group4/.venv/lib/python3.12/site-packages/omnirec/runner/coordinator.py", line 365, in run_split
    self._evaluator.run_evaluation(
  File "/home/florian_dueck04/AutoRecLab-group4/.venv/lib/python3.12/site-packages/omnirec/runner/evaluation.py", line 54, in run_evaluation
    mr = m.calculate(predictions, test)
         ^^^^^^^^^^^^^^^^^^^^^^^^^^^^^^
  File "/home/florian_dueck04/AutoRecLab-group4/.venv/lib/python3.12/site-packages/omnirec/metrics/ranking.py", line 74, in calculate
    top_k_dict = self.make_topk_dict(predictions)
                 ^^^^^^^^^^^^^^^^^^^^^^^^^^^^^^^^
  File "/home/florian_dueck04/AutoRecLab-group4/.venv/lib/python3.12/site-packages/omnirec/metrics/ranking.py", line 24, in make_topk_dict
    for user, group in predictions.sort_values("rank").groupby("user"):
                       ^^^^^^^^^^^^^^^^^^^^^^^^^^^^^^^
  File "/home/florian_dueck04/AutoRecLab-group4/.venv/lib/python3.12/site-packages/pandas/core/frame.py", line 7211, in sort_values
    k = self._get_label_or_level_values(by[0], axis=axis)
        ^^^^^^^^^^^^^^^^^^^^^^^^^^^^^^^^^^^^^^^^^^^^^^^^^
  File "/home/florian_dueck04/AutoRecLab-group4/.venv/lib/python3.12/site-packages/pandas/core/generic.py", line 1914, in _get_label_or_level_values
    raise KeyError(key)
KeyError: 'rank'
                      CRITICAL Stopping runner...                                                     coordinator.py:445
[2026/06/29 11:03:29] INFO     Reusing existing env 'LensKit_env' at                                          envs.py:48
                               /home/florian_dueck04/.omnirec/data/envs/LensKit_env                                     
                      INFO     Starting runner...                                                     coordinator.py:272
[2026/06/29 11:03:31] INFO     Runner started with pid: 41397                                         coordinator.py:297
                      INFO     Connecting to runner...                                                coordinator.py:135
                      INFO     Running phase 'Fit' for HetrecLastFM/PopScorer                         coordinator.py:402
[2026/06/29 11:03:42] INFO     Running phase 'Predict' for HetrecLastFM/PopScorer                     coordinator.py:402
[2026/06/29 11:03:52] INFO     Running phase 'Evaluate' for HetrecLastFM/PopScorer                    coordinator.py:402
Traceback (most recent call last):
  File "/home/florian_dueck04/AutoRecLab-group4/.venv/lib/python3.12/site-packages/omnirec/runner/coordinator.py", line 212, in run
    self.run_split(
  File "/home/florian_dueck04/AutoRecLab-group4/.venv/lib/python3.12/site-packages/omnirec/runner/coordinator.py", line 365, in run_split
    self._evaluator.run_evaluation(
  File "/home/florian_dueck04/AutoRecLab-group4/.venv/lib/python3.12/site-packages/omnirec/runner/evaluation.py", line 54, in run_evaluation
    mr = m.calculate(predictions, test)
         ^^^^^^^^^^^^^^^^^^^^^^^^^^^^^^
  File "/home/florian_dueck04/AutoRecLab-group4/.venv/lib/python3.12/site-packages/omnirec/metrics/ranking.py", line 74, in calculate
    top_k_dict = self.make_topk_dict(predictions)
                 ^^^^^^^^^^^^^^^^^^^^^^^^^^^^^^^^
  File "/home/florian_dueck04/AutoRecLab-group4/.venv/lib/python3.12/site-packages/omnirec/metrics/ranking.py", line 24, in make_topk_dict
    for user, group in predictions.sort_values("rank").groupby("user"):
                       ^^^^^^^^^^^^^^^^^^^^^^^^^^^^^^^
  File "/home/florian_dueck04/AutoRecLab-group4/.venv/lib/python3.12/site-packages/pandas/core/frame.py", line 7211, in sort_values
    k = self._get_label_or_level_values(by[0], axis=axis)
        ^^^^^^^^^^^^^^^^^^^^^^^^^^^^^^^^^^^^^^^^^^^^^^^^^
  File "/home/florian_dueck04/AutoRecLab-group4/.venv/lib/python3.12/site-packages/pandas/core/generic.py", line 1914, in _get_label_or_level_values
    raise KeyError(key)
KeyError: 'rank'
                      CRITICAL Stopping runner...                                                     coordinator.py:445
                                       MovieLens100K-938abed0: Evaluation Results                                       
┏━━━━━━━━━━━━━━━━┳━━━━━━━━━━━━━━━━┳━━━━━━━━━━━━━━━━┳━━━━━━━━━━━━━━━━┳━━━━━━━━━━━━━━━━┳━━━━━━━━━━━━━━━━┳━━━━━━━━━━━━━━━━┓
┃ Algorithm      ┃ NDCG@1         ┃ NDCG@10        ┃ NDCG@5         ┃ Precision@1    ┃ Precision@10   ┃ Precision@5    ┃
┡━━━━━━━━━━━━━━━━╇━━━━━━━━━━━━━━━━╇━━━━━━━━━━━━━━━━╇━━━━━━━━━━━━━━━━╇━━━━━━━━━━━━━━━━╇━━━━━━━━━━━━━━━━╇━━━━━━━━━━━━━━━━┩
│ LensKit.Impli… │ 0.19088016967… │ 0.16444592918… │ 0.17819812020… │ 0.19088016967… │ 0.15599151643… │ 0.17348886532… │
│ LensKit.Impli… │ 0.18239660657… │ 0.16092762401… │ 0.17363438281… │ 0.18239660657… │ 0.15397667020… │ 0.17094379639… │
│ LensKit.Impli… │ 0.19936373276… │ 0.16719756792… │ 0.18278461685… │ 0.19936373276… │ 0.15811240721… │ 0.17879109225… │
│ LensKit.Impli… │ 0.19088016967… │ 0.16221177987… │ 0.17195983292… │ 0.19088016967… │ 0.15524920466… │ 0.16712619300… │
│ LensKit.Impli… │ 0.19830328738… │ 0.16032578330… │ 0.17521790823… │ 0.19830328738… │ 0.15111346765… │ 0.16924708377… │
│ LensKit.ItemK… │ 0.26829268292… │ 0.20286545177… │ 0.22557191574… │ 0.26829268292… │ 0.18674443266… │ 0.21378579003… │
│ LensKit.ItemK… │ 0.29268292682… │ 0.20763842429… │ 0.23381424312… │ 0.29268292682… │ 0.18992576882… │ 0.22120890774… │
│ LensKit.ItemK… │ 0.25662778366… │ 0.20627003242… │ 0.23401461789… │ 0.25662778366… │ 0.18992576882… │ 0.22523860021… │
│ LensKit.ItemK… │ 0.28101802757… │ 0.20855593914… │ 0.23755126999… │ 0.28101802757… │ 0.18950159066… │ 0.22481442205… │
│ LensKit.ItemK… │ 0.28738069989… │ 0.21391652620… │ 0.24293107054… │ 0.28738069989… │ 0.19533404029… │ 0.23117709437… │
│ LensKit.PopSc… │ 0.19406150583… │ 0.14209000900… │ 0.15846194206… │ 0.19406150583… │ 0.13032873806… │ 0.14825026511… │
│ LensKit.PopSc… │ 0.18451749734… │ 0.13949386745… │ 0.15013652614… │ 0.18451749734… │ 0.12937433722… │ 0.13934252386… │
│ LensKit.PopSc… │ 0.22269353128… │ 0.15331999289… │ 0.16542078426… │ 0.22269353128… │ 0.14167550371… │ 0.15249204665… │
│ LensKit.PopSc… │ 0.22269353128… │ 0.14447022287… │ 0.16452893817… │ 0.22269353128… │ 0.12884411452… │ 0.15100742311… │
│ LensKit.PopSc… │ 0.21845174973… │ 0.14634385282… │ 0.15985836736… │ 0.21845174973… │ 0.13467656415… │ 0.14740190880… │
└────────────────┴────────────────┴────────────────┴────────────────┴────────────────┴────────────────┴────────────────┘
                                   Amazon2014VideoGames-32d2823b: Evaluation Results                                    
┏━━━━━━━━━━━━━━━━┳━━━━━━━━━━━━━━━━┳━━━━━━━━━━━━━━━━┳━━━━━━━━━━━━━━━━┳━━━━━━━━━━━━━━━━┳━━━━━━━━━━━━━━━━┳━━━━━━━━━━━━━━━━┓
┃ Algorithm      ┃ NDCG@1         ┃ NDCG@10        ┃ NDCG@5         ┃ Precision@1    ┃ Precision@10   ┃ Precision@5    ┃
┡━━━━━━━━━━━━━━━━╇━━━━━━━━━━━━━━━━╇━━━━━━━━━━━━━━━━╇━━━━━━━━━━━━━━━━╇━━━━━━━━━━━━━━━━╇━━━━━━━━━━━━━━━━╇━━━━━━━━━━━━━━━━┩
│ LensKit.ItemK… │ 0.01461755169… │ 0.01068214009… │ 0.01230497967… │ 0.01461755169… │ 0.00963695317… │ 0.01161962472… │
│ LensKit.ItemK… │ 0.01839153776… │ 0.01220917469… │ 0.01418723259… │ 0.01839153776… │ 0.01083293467… │ 0.01313985010… │
│ LensKit.ItemK… │ 0.01706266943… │ 0.01161435677… │ 0.01353663581… │ 0.01706266943… │ 0.01030138733… │ 0.01259767182… │
│ LensKit.ItemK… │ 0.01770052623… │ 0.01174459435… │ 0.01376045052… │ 0.01770052623… │ 0.01033859565… │ 0.01268271939… │
│ LensKit.ItemK… │ 0.01711582416… │ 0.01114211944… │ 0.01269352091… │ 0.01711582416… │ 0.00991335778… │ 0.01163025567… │
└────────────────┴────────────────┴────────────────┴────────────────┴────────────────┴────────────────┴────────────────┘
  Running seed=13
[2026/06/29 11:03:53] INFO     Reusing existing env 'LensKit_env' at                                          envs.py:48
                               /home/florian_dueck04/.omnirec/data/envs/LensKit_env                                     
                      INFO     Starting runner...                                                     coordinator.py:272
[2026/06/29 11:03:56] INFO     Runner started with pid: 41484                                         coordinator.py:297
                      INFO     Connecting to runner...                                                coordinator.py:135
                      INFO     Running phase 'Fit' for HetrecLastFM/ImplicitMFScorer                  coordinator.py:402
[2026/06/29 11:04:06] INFO     Running phase 'Predict' for HetrecLastFM/ImplicitMFScorer              coordinator.py:402
[2026/06/29 11:04:26] INFO     Running phase 'Evaluate' for HetrecLastFM/ImplicitMFScorer             coordinator.py:402
Traceback (most recent call last):
  File "/home/florian_dueck04/AutoRecLab-group4/.venv/lib/python3.12/site-packages/omnirec/runner/coordinator.py", line 212, in run
    self.run_split(
  File "/home/florian_dueck04/AutoRecLab-group4/.venv/lib/python3.12/site-packages/omnirec/runner/coordinator.py", line 365, in run_split
    self._evaluator.run_evaluation(
  File "/home/florian_dueck04/AutoRecLab-group4/.venv/lib/python3.12/site-packages/omnirec/runner/evaluation.py", line 54, in run_evaluation
    mr = m.calculate(predictions, test)
         ^^^^^^^^^^^^^^^^^^^^^^^^^^^^^^
  File "/home/florian_dueck04/AutoRecLab-group4/.venv/lib/python3.12/site-packages/omnirec/metrics/ranking.py", line 74, in calculate
    top_k_dict = self.make_topk_dict(predictions)
                 ^^^^^^^^^^^^^^^^^^^^^^^^^^^^^^^^
  File "/home/florian_dueck04/AutoRecLab-group4/.venv/lib/python3.12/site-packages/omnirec/metrics/ranking.py", line 24, in make_topk_dict
    for user, group in predictions.sort_values("rank").groupby("user"):
                       ^^^^^^^^^^^^^^^^^^^^^^^^^^^^^^^
  File "/home/florian_dueck04/AutoRecLab-group4/.venv/lib/python3.12/site-packages/pandas/core/frame.py", line 7211, in sort_values
    k = self._get_label_or_level_values(by[0], axis=axis)
        ^^^^^^^^^^^^^^^^^^^^^^^^^^^^^^^^^^^^^^^^^^^^^^^^^
  File "/home/florian_dueck04/AutoRecLab-group4/.venv/lib/python3.12/site-packages/pandas/core/generic.py", line 1914, in _get_label_or_level_values
    raise KeyError(key)
KeyError: 'rank'
                      CRITICAL Stopping runner...                                                     coordinator.py:445
                      INFO     Reusing existing env 'LensKit_env' at                                          envs.py:48
                               /home/florian_dueck04/.omnirec/data/envs/LensKit_env                                     
                      INFO     Starting runner...                                                     coordinator.py:272
[2026/06/29 11:04:29] INFO     Runner started with pid: 41584                                         coordinator.py:297
                      INFO     Connecting to runner...                                                coordinator.py:135
                      INFO     Running phase 'Fit' for HetrecLastFM/ItemKNNScorer                     coordinator.py:402
[2026/06/29 11:04:39] INFO     Running phase 'Predict' for HetrecLastFM/ItemKNNScorer                 coordinator.py:402
[2026/06/29 11:04:49] INFO     Running phase 'Evaluate' for HetrecLastFM/ItemKNNScorer                coordinator.py:402
Traceback (most recent call last):
  File "/home/florian_dueck04/AutoRecLab-group4/.venv/lib/python3.12/site-packages/omnirec/runner/coordinator.py", line 212, in run
    self.run_split(
  File "/home/florian_dueck04/AutoRecLab-group4/.venv/lib/python3.12/site-packages/omnirec/runner/coordinator.py", line 365, in run_split
    self._evaluator.run_evaluation(
  File "/home/florian_dueck04/AutoRecLab-group4/.venv/lib/python3.12/site-packages/omnirec/runner/evaluation.py", line 54, in run_evaluation
    mr = m.calculate(predictions, test)
         ^^^^^^^^^^^^^^^^^^^^^^^^^^^^^^
  File "/home/florian_dueck04/AutoRecLab-group4/.venv/lib/python3.12/site-packages/omnirec/metrics/ranking.py", line 74, in calculate
    top_k_dict = self.make_topk_dict(predictions)
                 ^^^^^^^^^^^^^^^^^^^^^^^^^^^^^^^^
  File "/home/florian_dueck04/AutoRecLab-group4/.venv/lib/python3.12/site-packages/omnirec/metrics/ranking.py", line 24, in make_topk_dict
    for user, group in predictions.sort_values("rank").groupby("user"):
                       ^^^^^^^^^^^^^^^^^^^^^^^^^^^^^^^
  File "/home/florian_dueck04/AutoRecLab-group4/.venv/lib/python3.12/site-packages/pandas/core/frame.py", line 7211, in sort_values
    k = self._get_label_or_level_values(by[0], axis=axis)
        ^^^^^^^^^^^^^^^^^^^^^^^^^^^^^^^^^^^^^^^^^^^^^^^^^
  File "/home/florian_dueck04/AutoRecLab-group4/.venv/lib/python3.12/site-packages/pandas/core/generic.py", line 1914, in _get_label_or_level_values
    raise KeyError(key)
KeyError: 'rank'
                      CRITICAL Stopping runner...                                                     coordinator.py:445
                      INFO     Reusing existing env 'LensKit_env' at                                          envs.py:48
                               /home/florian_dueck04/.omnirec/data/envs/LensKit_env                                     
                      INFO     Starting runner...                                                     coordinator.py:272
[2026/06/29 11:04:52] INFO     Runner started with pid: 41676                                         coordinator.py:297
                      INFO     Connecting to runner...                                                coordinator.py:135
                      INFO     Running phase 'Fit' for HetrecLastFM/PopScorer                         coordinator.py:402
[2026/06/29 11:05:02] INFO     Running phase 'Predict' for HetrecLastFM/PopScorer                     coordinator.py:402
[2026/06/29 11:05:12] INFO     Running phase 'Evaluate' for HetrecLastFM/PopScorer                    coordinator.py:402
Traceback (most recent call last):
  File "/home/florian_dueck04/AutoRecLab-group4/.venv/lib/python3.12/site-packages/omnirec/runner/coordinator.py", line 212, in run
    self.run_split(
  File "/home/florian_dueck04/AutoRecLab-group4/.venv/lib/python3.12/site-packages/omnirec/runner/coordinator.py", line 365, in run_split
    self._evaluator.run_evaluation(
  File "/home/florian_dueck04/AutoRecLab-group4/.venv/lib/python3.12/site-packages/omnirec/runner/evaluation.py", line 54, in run_evaluation
    mr = m.calculate(predictions, test)
         ^^^^^^^^^^^^^^^^^^^^^^^^^^^^^^
  File "/home/florian_dueck04/AutoRecLab-group4/.venv/lib/python3.12/site-packages/omnirec/metrics/ranking.py", line 74, in calculate
    top_k_dict = self.make_topk_dict(predictions)
                 ^^^^^^^^^^^^^^^^^^^^^^^^^^^^^^^^
  File "/home/florian_dueck04/AutoRecLab-group4/.venv/lib/python3.12/site-packages/omnirec/metrics/ranking.py", line 24, in make_topk_dict
    for user, group in predictions.sort_values("rank").groupby("user"):
                       ^^^^^^^^^^^^^^^^^^^^^^^^^^^^^^^
  File "/home/florian_dueck04/AutoRecLab-group4/.venv/lib/python3.12/site-packages/pandas/core/frame.py", line 7211, in sort_values
    k = self._get_label_or_level_values(by[0], axis=axis)
        ^^^^^^^^^^^^^^^^^^^^^^^^^^^^^^^^^^^^^^^^^^^^^^^^^
  File "/home/florian_dueck04/AutoRecLab-group4/.venv/lib/python3.12/site-packages/pandas/core/generic.py", line 1914, in _get_label_or_level_values
    raise KeyError(key)
KeyError: 'rank'
                      CRITICAL Stopping runner...                                                     coordinator.py:445
                                       MovieLens100K-938abed0: Evaluation Results                                       
┏━━━━━━━━━━━━━━━━┳━━━━━━━━━━━━━━━━┳━━━━━━━━━━━━━━━━┳━━━━━━━━━━━━━━━━┳━━━━━━━━━━━━━━━━┳━━━━━━━━━━━━━━━━┳━━━━━━━━━━━━━━━━┓
┃ Algorithm      ┃ NDCG@1         ┃ NDCG@10        ┃ NDCG@5         ┃ Precision@1    ┃ Precision@10   ┃ Precision@5    ┃
┡━━━━━━━━━━━━━━━━╇━━━━━━━━━━━━━━━━╇━━━━━━━━━━━━━━━━╇━━━━━━━━━━━━━━━━╇━━━━━━━━━━━━━━━━╇━━━━━━━━━━━━━━━━╇━━━━━━━━━━━━━━━━┩
│ LensKit.Impli… │ 0.19088016967… │ 0.16444592918… │ 0.17819812020… │ 0.19088016967… │ 0.15599151643… │ 0.17348886532… │
│ LensKit.Impli… │ 0.18239660657… │ 0.16092762401… │ 0.17363438281… │ 0.18239660657… │ 0.15397667020… │ 0.17094379639… │
│ LensKit.Impli… │ 0.19936373276… │ 0.16719756792… │ 0.18278461685… │ 0.19936373276… │ 0.15811240721… │ 0.17879109225… │
│ LensKit.Impli… │ 0.19088016967… │ 0.16221177987… │ 0.17195983292… │ 0.19088016967… │ 0.15524920466… │ 0.16712619300… │
│ LensKit.Impli… │ 0.19830328738… │ 0.16032578330… │ 0.17521790823… │ 0.19830328738… │ 0.15111346765… │ 0.16924708377… │
│ LensKit.ItemK… │ 0.26829268292… │ 0.20286545177… │ 0.22557191574… │ 0.26829268292… │ 0.18674443266… │ 0.21378579003… │
│ LensKit.ItemK… │ 0.29268292682… │ 0.20763842429… │ 0.23381424312… │ 0.29268292682… │ 0.18992576882… │ 0.22120890774… │
│ LensKit.ItemK… │ 0.25662778366… │ 0.20627003242… │ 0.23401461789… │ 0.25662778366… │ 0.18992576882… │ 0.22523860021… │
│ LensKit.ItemK… │ 0.28101802757… │ 0.20855593914… │ 0.23755126999… │ 0.28101802757… │ 0.18950159066… │ 0.22481442205… │
│ LensKit.ItemK… │ 0.28738069989… │ 0.21391652620… │ 0.24293107054… │ 0.28738069989… │ 0.19533404029… │ 0.23117709437… │
│ LensKit.PopSc… │ 0.19406150583… │ 0.14209000900… │ 0.15846194206… │ 0.19406150583… │ 0.13032873806… │ 0.14825026511… │
│ LensKit.PopSc… │ 0.18451749734… │ 0.13949386745… │ 0.15013652614… │ 0.18451749734… │ 0.12937433722… │ 0.13934252386… │
│ LensKit.PopSc… │ 0.22269353128… │ 0.15331999289… │ 0.16542078426… │ 0.22269353128… │ 0.14167550371… │ 0.15249204665… │
│ LensKit.PopSc… │ 0.22269353128… │ 0.14447022287… │ 0.16452893817… │ 0.22269353128… │ 0.12884411452… │ 0.15100742311… │
│ LensKit.PopSc… │ 0.21845174973… │ 0.14634385282… │ 0.15985836736… │ 0.21845174973… │ 0.13467656415… │ 0.14740190880… │
└────────────────┴────────────────┴────────────────┴────────────────┴────────────────┴────────────────┴────────────────┘
                                   Amazon2014VideoGames-32d2823b: Evaluation Results                                    
┏━━━━━━━━━━━━━━━━┳━━━━━━━━━━━━━━━━┳━━━━━━━━━━━━━━━━┳━━━━━━━━━━━━━━━━┳━━━━━━━━━━━━━━━━┳━━━━━━━━━━━━━━━━┳━━━━━━━━━━━━━━━━┓
┃ Algorithm      ┃ NDCG@1         ┃ NDCG@10        ┃ NDCG@5         ┃ Precision@1    ┃ Precision@10   ┃ Precision@5    ┃
┡━━━━━━━━━━━━━━━━╇━━━━━━━━━━━━━━━━╇━━━━━━━━━━━━━━━━╇━━━━━━━━━━━━━━━━╇━━━━━━━━━━━━━━━━╇━━━━━━━━━━━━━━━━╇━━━━━━━━━━━━━━━━┩
│ LensKit.ItemK… │ 0.01461755169… │ 0.01068214009… │ 0.01230497967… │ 0.01461755169… │ 0.00963695317… │ 0.01161962472… │
│ LensKit.ItemK… │ 0.01839153776… │ 0.01220917469… │ 0.01418723259… │ 0.01839153776… │ 0.01083293467… │ 0.01313985010… │
│ LensKit.ItemK… │ 0.01706266943… │ 0.01161435677… │ 0.01353663581… │ 0.01706266943… │ 0.01030138733… │ 0.01259767182… │
│ LensKit.ItemK… │ 0.01770052623… │ 0.01174459435… │ 0.01376045052… │ 0.01770052623… │ 0.01033859565… │ 0.01268271939… │
│ LensKit.ItemK… │ 0.01711582416… │ 0.01114211944… │ 0.01269352091… │ 0.01711582416… │ 0.00991335778… │ 0.01163025567… │
└────────────────┴────────────────┴────────────────┴────────────────┴────────────────┴────────────────┴────────────────┘
  Running seed=29
[2026/06/29 11:05:13] INFO     Reusing existing env 'LensKit_env' at                                          envs.py:48
                               /home/florian_dueck04/.omnirec/data/envs/LensKit_env                                     
                      INFO     Starting runner...                                                     coordinator.py:272
[2026/06/29 11:05:16] INFO     Runner started with pid: 41766                                         coordinator.py:297
                      INFO     Connecting to runner...                                                coordinator.py:135
                      INFO     Running phase 'Fit' for HetrecLastFM/ImplicitMFScorer                  coordinator.py:402
[2026/06/29 11:05:26] INFO     Running phase 'Predict' for HetrecLastFM/ImplicitMFScorer              coordinator.py:402
[2026/06/29 11:05:46] INFO     Running phase 'Evaluate' for HetrecLastFM/ImplicitMFScorer             coordinator.py:402
Traceback (most recent call last):
  File "/home/florian_dueck04/AutoRecLab-group4/.venv/lib/python3.12/site-packages/omnirec/runner/coordinator.py", line 212, in run
    self.run_split(
  File "/home/florian_dueck04/AutoRecLab-group4/.venv/lib/python3.12/site-packages/omnirec/runner/coordinator.py", line 365, in run_split
    self._evaluator.run_evaluation(
  File "/home/florian_dueck04/AutoRecLab-group4/.venv/lib/python3.12/site-packages/omnirec/runner/evaluation.py", line 54, in run_evaluation
    mr = m.calculate(predictions, test)
         ^^^^^^^^^^^^^^^^^^^^^^^^^^^^^^
  File "/home/florian_dueck04/AutoRecLab-group4/.venv/lib/python3.12/site-packages/omnirec/metrics/ranking.py", line 74, in calculate
    top_k_dict = self.make_topk_dict(predictions)
                 ^^^^^^^^^^^^^^^^^^^^^^^^^^^^^^^^
  File "/home/florian_dueck04/AutoRecLab-group4/.venv/lib/python3.12/site-packages/omnirec/metrics/ranking.py", line 24, in make_topk_dict
    for user, group in predictions.sort_values("rank").groupby("user"):
                       ^^^^^^^^^^^^^^^^^^^^^^^^^^^^^^^
  File "/home/florian_dueck04/AutoRecLab-group4/.venv/lib/python3.12/site-packages/pandas/core/frame.py", line 7211, in sort_values
    k = self._get_label_or_level_values(by[0], axis=axis)
        ^^^^^^^^^^^^^^^^^^^^^^^^^^^^^^^^^^^^^^^^^^^^^^^^^
  File "/home/florian_dueck04/AutoRecLab-group4/.venv/lib/python3.12/site-packages/pandas/core/generic.py", line 1914, in _get_label_or_level_values
    raise KeyError(key)
KeyError: 'rank'
                      CRITICAL Stopping runner...                                                     coordinator.py:445
[2026/06/29 11:05:47] INFO     Reusing existing env 'LensKit_env' at                                          envs.py:48
                               /home/florian_dueck04/.omnirec/data/envs/LensKit_env                                     
                      INFO     Starting runner...                                                     coordinator.py:272
[2026/06/29 11:05:50] INFO     Runner started with pid: 41863                                         coordinator.py:297
                      INFO     Connecting to runner...                                                coordinator.py:135
                      INFO     Running phase 'Fit' for HetrecLastFM/ItemKNNScorer                     coordinator.py:402
[2026/06/29 11:06:00] INFO     Running phase 'Predict' for HetrecLastFM/ItemKNNScorer                 coordinator.py:402
[2026/06/29 11:06:10] INFO     Running phase 'Evaluate' for HetrecLastFM/ItemKNNScorer                coordinator.py:402
Traceback (most recent call last):
  File "/home/florian_dueck04/AutoRecLab-group4/.venv/lib/python3.12/site-packages/omnirec/runner/coordinator.py", line 212, in run
    self.run_split(
  File "/home/florian_dueck04/AutoRecLab-group4/.venv/lib/python3.12/site-packages/omnirec/runner/coordinator.py", line 365, in run_split
    self._evaluator.run_evaluation(
  File "/home/florian_dueck04/AutoRecLab-group4/.venv/lib/python3.12/site-packages/omnirec/runner/evaluation.py", line 54, in run_evaluation
    mr = m.calculate(predictions, test)
         ^^^^^^^^^^^^^^^^^^^^^^^^^^^^^^
  File "/home/florian_dueck04/AutoRecLab-group4/.venv/lib/python3.12/site-packages/omnirec/metrics/ranking.py", line 74, in calculate
    top_k_dict = self.make_topk_dict(predictions)
                 ^^^^^^^^^^^^^^^^^^^^^^^^^^^^^^^^
  File "/home/florian_dueck04/AutoRecLab-group4/.venv/lib/python3.12/site-packages/omnirec/metrics/ranking.py", line 24, in make_topk_dict
    for user, group in predictions.sort_values("rank").groupby("user"):
                       ^^^^^^^^^^^^^^^^^^^^^^^^^^^^^^^
  File "/home/florian_dueck04/AutoRecLab-group4/.venv/lib/python3.12/site-packages/pandas/core/frame.py", line 7211, in sort_values
    k = self._get_label_or_level_values(by[0], axis=axis)
        ^^^^^^^^^^^^^^^^^^^^^^^^^^^^^^^^^^^^^^^^^^^^^^^^^
  File "/home/florian_dueck04/AutoRecLab-group4/.venv/lib/python3.12/site-packages/pandas/core/generic.py", line 1914, in _get_label_or_level_values
    raise KeyError(key)
KeyError: 'rank'
                      CRITICAL Stopping runner...                                                     coordinator.py:445
                      INFO     Reusing existing env 'LensKit_env' at                                          envs.py:48
                               /home/florian_dueck04/.omnirec/data/envs/LensKit_env                                     
                      INFO     Starting runner...                                                     coordinator.py:272
[2026/06/29 11:06:13] INFO     Runner started with pid: 41958                                         coordinator.py:297
                      INFO     Connecting to runner...                                                coordinator.py:135
                      INFO     Running phase 'Fit' for HetrecLastFM/PopScorer                         coordinator.py:402
[2026/06/29 11:06:23] INFO     Running phase 'Predict' for HetrecLastFM/PopScorer                     coordinator.py:402
[2026/06/29 11:06:33] INFO     Running phase 'Evaluate' for HetrecLastFM/PopScorer                    coordinator.py:402
Traceback (most recent call last):
  File "/home/florian_dueck04/AutoRecLab-group4/.venv/lib/python3.12/site-packages/omnirec/runner/coordinator.py", line 212, in run
    self.run_split(
  File "/home/florian_dueck04/AutoRecLab-group4/.venv/lib/python3.12/site-packages/omnirec/runner/coordinator.py", line 365, in run_split
    self._evaluator.run_evaluation(
  File "/home/florian_dueck04/AutoRecLab-group4/.venv/lib/python3.12/site-packages/omnirec/runner/evaluation.py", line 54, in run_evaluation
    mr = m.calculate(predictions, test)
         ^^^^^^^^^^^^^^^^^^^^^^^^^^^^^^
  File "/home/florian_dueck04/AutoRecLab-group4/.venv/lib/python3.12/site-packages/omnirec/metrics/ranking.py", line 74, in calculate
    top_k_dict = self.make_topk_dict(predictions)
                 ^^^^^^^^^^^^^^^^^^^^^^^^^^^^^^^^
  File "/home/florian_dueck04/AutoRecLab-group4/.venv/lib/python3.12/site-packages/omnirec/metrics/ranking.py", line 24, in make_topk_dict
    for user, group in predictions.sort_values("rank").groupby("user"):
                       ^^^^^^^^^^^^^^^^^^^^^^^^^^^^^^^
  File "/home/florian_dueck04/AutoRecLab-group4/.venv/lib/python3.12/site-packages/pandas/core/frame.py", line 7211, in sort_values
    k = self._get_label_or_level_values(by[0], axis=axis)
        ^^^^^^^^^^^^^^^^^^^^^^^^^^^^^^^^^^^^^^^^^^^^^^^^^
  File "/home/florian_dueck04/AutoRecLab-group4/.venv/lib/python3.12/site-packages/pandas/core/generic.py", line 1914, in _get_label_or_level_values
    raise KeyError(key)
KeyError: 'rank'
                      CRITICAL Stopping runner...                                                     coordinator.py:445
                                       MovieLens100K-938abed0: Evaluation Results                                       
┏━━━━━━━━━━━━━━━━┳━━━━━━━━━━━━━━━━┳━━━━━━━━━━━━━━━━┳━━━━━━━━━━━━━━━━┳━━━━━━━━━━━━━━━━┳━━━━━━━━━━━━━━━━┳━━━━━━━━━━━━━━━━┓
┃ Algorithm      ┃ NDCG@1         ┃ NDCG@10        ┃ NDCG@5         ┃ Precision@1    ┃ Precision@10   ┃ Precision@5    ┃
┡━━━━━━━━━━━━━━━━╇━━━━━━━━━━━━━━━━╇━━━━━━━━━━━━━━━━╇━━━━━━━━━━━━━━━━╇━━━━━━━━━━━━━━━━╇━━━━━━━━━━━━━━━━╇━━━━━━━━━━━━━━━━┩
│ LensKit.Impli… │ 0.19088016967… │ 0.16444592918… │ 0.17819812020… │ 0.19088016967… │ 0.15599151643… │ 0.17348886532… │
│ LensKit.Impli… │ 0.18239660657… │ 0.16092762401… │ 0.17363438281… │ 0.18239660657… │ 0.15397667020… │ 0.17094379639… │
│ LensKit.Impli… │ 0.19936373276… │ 0.16719756792… │ 0.18278461685… │ 0.19936373276… │ 0.15811240721… │ 0.17879109225… │
│ LensKit.Impli… │ 0.19088016967… │ 0.16221177987… │ 0.17195983292… │ 0.19088016967… │ 0.15524920466… │ 0.16712619300… │
│ LensKit.Impli… │ 0.19830328738… │ 0.16032578330… │ 0.17521790823… │ 0.19830328738… │ 0.15111346765… │ 0.16924708377… │
│ LensKit.ItemK… │ 0.26829268292… │ 0.20286545177… │ 0.22557191574… │ 0.26829268292… │ 0.18674443266… │ 0.21378579003… │
│ LensKit.ItemK… │ 0.29268292682… │ 0.20763842429… │ 0.23381424312… │ 0.29268292682… │ 0.18992576882… │ 0.22120890774… │
│ LensKit.ItemK… │ 0.25662778366… │ 0.20627003242… │ 0.23401461789… │ 0.25662778366… │ 0.18992576882… │ 0.22523860021… │
│ LensKit.ItemK… │ 0.28101802757… │ 0.20855593914… │ 0.23755126999… │ 0.28101802757… │ 0.18950159066… │ 0.22481442205… │
│ LensKit.ItemK… │ 0.28738069989… │ 0.21391652620… │ 0.24293107054… │ 0.28738069989… │ 0.19533404029… │ 0.23117709437… │
│ LensKit.PopSc… │ 0.19406150583… │ 0.14209000900… │ 0.15846194206… │ 0.19406150583… │ 0.13032873806… │ 0.14825026511… │
│ LensKit.PopSc… │ 0.18451749734… │ 0.13949386745… │ 0.15013652614… │ 0.18451749734… │ 0.12937433722… │ 0.13934252386… │
│ LensKit.PopSc… │ 0.22269353128… │ 0.15331999289… │ 0.16542078426… │ 0.22269353128… │ 0.14167550371… │ 0.15249204665… │
│ LensKit.PopSc… │ 0.22269353128… │ 0.14447022287… │ 0.16452893817… │ 0.22269353128… │ 0.12884411452… │ 0.15100742311… │
│ LensKit.PopSc… │ 0.21845174973… │ 0.14634385282… │ 0.15985836736… │ 0.21845174973… │ 0.13467656415… │ 0.14740190880… │
└────────────────┴────────────────┴────────────────┴────────────────┴────────────────┴────────────────┴────────────────┘
                                   Amazon2014VideoGames-32d2823b: Evaluation Results                                    
┏━━━━━━━━━━━━━━━━┳━━━━━━━━━━━━━━━━┳━━━━━━━━━━━━━━━━┳━━━━━━━━━━━━━━━━┳━━━━━━━━━━━━━━━━┳━━━━━━━━━━━━━━━━┳━━━━━━━━━━━━━━━━┓
┃ Algorithm      ┃ NDCG@1         ┃ NDCG@10        ┃ NDCG@5         ┃ Precision@1    ┃ Precision@10   ┃ Precision@5    ┃
┡━━━━━━━━━━━━━━━━╇━━━━━━━━━━━━━━━━╇━━━━━━━━━━━━━━━━╇━━━━━━━━━━━━━━━━╇━━━━━━━━━━━━━━━━╇━━━━━━━━━━━━━━━━╇━━━━━━━━━━━━━━━━┩
│ LensKit.ItemK… │ 0.01461755169… │ 0.01068214009… │ 0.01230497967… │ 0.01461755169… │ 0.00963695317… │ 0.01161962472… │
│ LensKit.ItemK… │ 0.01839153776… │ 0.01220917469… │ 0.01418723259… │ 0.01839153776… │ 0.01083293467… │ 0.01313985010… │
│ LensKit.ItemK… │ 0.01706266943… │ 0.01161435677… │ 0.01353663581… │ 0.01706266943… │ 0.01030138733… │ 0.01259767182… │
│ LensKit.ItemK… │ 0.01770052623… │ 0.01174459435… │ 0.01376045052… │ 0.01770052623… │ 0.01033859565… │ 0.01268271939… │
│ LensKit.ItemK… │ 0.01711582416… │ 0.01114211944… │ 0.01269352091… │ 0.01711582416… │ 0.00991335778… │ 0.01163025567… │
└────────────────┴────────────────┴────────────────┴────────────────┴────────────────┴────────────────┴────────────────┘
  Running seed=42
[2026/06/29 11:06:34] INFO     Reusing existing env 'LensKit_env' at                                          envs.py:48
                               /home/florian_dueck04/.omnirec/data/envs/LensKit_env                                     
                      INFO     Starting runner...                                                     coordinator.py:272
[2026/06/29 11:06:38] INFO     Runner started with pid: 42045                                         coordinator.py:297
                      INFO     Connecting to runner...                                                coordinator.py:135
                      INFO     Running phase 'Fit' for HetrecLastFM/ImplicitMFScorer                  coordinator.py:402
[2026/06/29 11:06:48] INFO     Running phase 'Predict' for HetrecLastFM/ImplicitMFScorer              coordinator.py:402
[2026/06/29 11:07:08] INFO     Running phase 'Evaluate' for HetrecLastFM/ImplicitMFScorer             coordinator.py:402
Traceback (most recent call last):
  File "/home/florian_dueck04/AutoRecLab-group4/.venv/lib/python3.12/site-packages/omnirec/runner/coordinator.py", line 212, in run
    self.run_split(
  File "/home/florian_dueck04/AutoRecLab-group4/.venv/lib/python3.12/site-packages/omnirec/runner/coordinator.py", line 365, in run_split
    self._evaluator.run_evaluation(
  File "/home/florian_dueck04/AutoRecLab-group4/.venv/lib/python3.12/site-packages/omnirec/runner/evaluation.py", line 54, in run_evaluation
    mr = m.calculate(predictions, test)
         ^^^^^^^^^^^^^^^^^^^^^^^^^^^^^^
  File "/home/florian_dueck04/AutoRecLab-group4/.venv/lib/python3.12/site-packages/omnirec/metrics/ranking.py", line 74, in calculate
    top_k_dict = self.make_topk_dict(predictions)
                 ^^^^^^^^^^^^^^^^^^^^^^^^^^^^^^^^
  File "/home/florian_dueck04/AutoRecLab-group4/.venv/lib/python3.12/site-packages/omnirec/metrics/ranking.py", line 24, in make_topk_dict
    for user, group in predictions.sort_values("rank").groupby("user"):
                       ^^^^^^^^^^^^^^^^^^^^^^^^^^^^^^^
  File "/home/florian_dueck04/AutoRecLab-group4/.venv/lib/python3.12/site-packages/pandas/core/frame.py", line 7211, in sort_values
    k = self._get_label_or_level_values(by[0], axis=axis)
        ^^^^^^^^^^^^^^^^^^^^^^^^^^^^^^^^^^^^^^^^^^^^^^^^^
  File "/home/florian_dueck04/AutoRecLab-group4/.venv/lib/python3.12/site-packages/pandas/core/generic.py", line 1914, in _get_label_or_level_values
    raise KeyError(key)
KeyError: 'rank'
                      CRITICAL Stopping runner...                                                     coordinator.py:445
                      INFO     Reusing existing env 'LensKit_env' at                                          envs.py:48
                               /home/florian_dueck04/.omnirec/data/envs/LensKit_env                                     
                      INFO     Starting runner...                                                     coordinator.py:272
[2026/06/29 11:07:11] INFO     Runner started with pid: 42143                                         coordinator.py:297
                      INFO     Connecting to runner...                                                coordinator.py:135
                      INFO     Running phase 'Fit' for HetrecLastFM/ItemKNNScorer                     coordinator.py:402
[2026/06/29 11:07:21] INFO     Running phase 'Predict' for HetrecLastFM/ItemKNNScorer                 coordinator.py:402
[2026/06/29 11:07:31] INFO     Running phase 'Evaluate' for HetrecLastFM/ItemKNNScorer                coordinator.py:402
Traceback (most recent call last):
  File "/home/florian_dueck04/AutoRecLab-group4/.venv/lib/python3.12/site-packages/omnirec/runner/coordinator.py", line 212, in run
    self.run_split(
  File "/home/florian_dueck04/AutoRecLab-group4/.venv/lib/python3.12/site-packages/omnirec/runner/coordinator.py", line 365, in run_split
    self._evaluator.run_evaluation(
  File "/home/florian_dueck04/AutoRecLab-group4/.venv/lib/python3.12/site-packages/omnirec/runner/evaluation.py", line 54, in run_evaluation
    mr = m.calculate(predictions, test)
         ^^^^^^^^^^^^^^^^^^^^^^^^^^^^^^
  File "/home/florian_dueck04/AutoRecLab-group4/.venv/lib/python3.12/site-packages/omnirec/metrics/ranking.py", line 74, in calculate
    top_k_dict = self.make_topk_dict(predictions)
                 ^^^^^^^^^^^^^^^^^^^^^^^^^^^^^^^^
  File "/home/florian_dueck04/AutoRecLab-group4/.venv/lib/python3.12/site-packages/omnirec/metrics/ranking.py", line 24, in make_topk_dict
    for user, group in predictions.sort_values("rank").groupby("user"):
                       ^^^^^^^^^^^^^^^^^^^^^^^^^^^^^^^
  File "/home/florian_dueck04/AutoRecLab-group4/.venv/lib/python3.12/site-packages/pandas/core/frame.py", line 7211, in sort_values
    k = self._get_label_or_level_values(by[0], axis=axis)
        ^^^^^^^^^^^^^^^^^^^^^^^^^^^^^^^^^^^^^^^^^^^^^^^^^
  File "/home/florian_dueck04/AutoRecLab-group4/.venv/lib/python3.12/site-packages/pandas/core/generic.py", line 1914, in _get_label_or_level_values
    raise KeyError(key)
KeyError: 'rank'
                      CRITICAL Stopping runner...                                                     coordinator.py:445
[2026/06/29 11:07:32] INFO     Reusing existing env 'LensKit_env' at                                          envs.py:48
                               /home/florian_dueck04/.omnirec/data/envs/LensKit_env                                     
                      INFO     Starting runner...                                                     coordinator.py:272
[2026/06/29 11:07:35] INFO     Runner started with pid: 42238                                         coordinator.py:297
                      INFO     Connecting to runner...                                                coordinator.py:135
                      INFO     Running phase 'Fit' for HetrecLastFM/PopScorer                         coordinator.py:402
[2026/06/29 11:07:45] INFO     Running phase 'Predict' for HetrecLastFM/PopScorer                     coordinator.py:402
[2026/06/29 11:07:55] INFO     Running phase 'Evaluate' for HetrecLastFM/PopScorer                    coordinator.py:402
Traceback (most recent call last):
  File "/home/florian_dueck04/AutoRecLab-group4/.venv/lib/python3.12/site-packages/omnirec/runner/coordinator.py", line 212, in run
    self.run_split(
  File "/home/florian_dueck04/AutoRecLab-group4/.venv/lib/python3.12/site-packages/omnirec/runner/coordinator.py", line 365, in run_split
    self._evaluator.run_evaluation(
  File "/home/florian_dueck04/AutoRecLab-group4/.venv/lib/python3.12/site-packages/omnirec/runner/evaluation.py", line 54, in run_evaluation
    mr = m.calculate(predictions, test)
         ^^^^^^^^^^^^^^^^^^^^^^^^^^^^^^
  File "/home/florian_dueck04/AutoRecLab-group4/.venv/lib/python3.12/site-packages/omnirec/metrics/ranking.py", line 74, in calculate
    top_k_dict = self.make_topk_dict(predictions)
                 ^^^^^^^^^^^^^^^^^^^^^^^^^^^^^^^^
  File "/home/florian_dueck04/AutoRecLab-group4/.venv/lib/python3.12/site-packages/omnirec/metrics/ranking.py", line 24, in make_topk_dict
    for user, group in predictions.sort_values("rank").groupby("user"):
                       ^^^^^^^^^^^^^^^^^^^^^^^^^^^^^^^
  File "/home/florian_dueck04/AutoRecLab-group4/.venv/lib/python3.12/site-packages/pandas/core/frame.py", line 7211, in sort_values
    k = self._get_label_or_level_values(by[0], axis=axis)
        ^^^^^^^^^^^^^^^^^^^^^^^^^^^^^^^^^^^^^^^^^^^^^^^^^
  File "/home/florian_dueck04/AutoRecLab-group4/.venv/lib/python3.12/site-packages/pandas/core/generic.py", line 1914, in _get_label_or_level_values
    raise KeyError(key)
KeyError: 'rank'
                      CRITICAL Stopping runner...                                                     coordinator.py:445
                                       MovieLens100K-938abed0: Evaluation Results                                       
┏━━━━━━━━━━━━━━━━┳━━━━━━━━━━━━━━━━┳━━━━━━━━━━━━━━━━┳━━━━━━━━━━━━━━━━┳━━━━━━━━━━━━━━━━┳━━━━━━━━━━━━━━━━┳━━━━━━━━━━━━━━━━┓
┃ Algorithm      ┃ NDCG@1         ┃ NDCG@10        ┃ NDCG@5         ┃ Precision@1    ┃ Precision@10   ┃ Precision@5    ┃
┡━━━━━━━━━━━━━━━━╇━━━━━━━━━━━━━━━━╇━━━━━━━━━━━━━━━━╇━━━━━━━━━━━━━━━━╇━━━━━━━━━━━━━━━━╇━━━━━━━━━━━━━━━━╇━━━━━━━━━━━━━━━━┩
│ LensKit.Impli… │ 0.19088016967… │ 0.16444592918… │ 0.17819812020… │ 0.19088016967… │ 0.15599151643… │ 0.17348886532… │
│ LensKit.Impli… │ 0.18239660657… │ 0.16092762401… │ 0.17363438281… │ 0.18239660657… │ 0.15397667020… │ 0.17094379639… │
│ LensKit.Impli… │ 0.19936373276… │ 0.16719756792… │ 0.18278461685… │ 0.19936373276… │ 0.15811240721… │ 0.17879109225… │
│ LensKit.Impli… │ 0.19088016967… │ 0.16221177987… │ 0.17195983292… │ 0.19088016967… │ 0.15524920466… │ 0.16712619300… │
│ LensKit.Impli… │ 0.19830328738… │ 0.16032578330… │ 0.17521790823… │ 0.19830328738… │ 0.15111346765… │ 0.16924708377… │
│ LensKit.ItemK… │ 0.26829268292… │ 0.20286545177… │ 0.22557191574… │ 0.26829268292… │ 0.18674443266… │ 0.21378579003… │
│ LensKit.ItemK… │ 0.29268292682… │ 0.20763842429… │ 0.23381424312… │ 0.29268292682… │ 0.18992576882… │ 0.22120890774… │
│ LensKit.ItemK… │ 0.25662778366… │ 0.20627003242… │ 0.23401461789… │ 0.25662778366… │ 0.18992576882… │ 0.22523860021… │
│ LensKit.ItemK… │ 0.28101802757… │ 0.20855593914… │ 0.23755126999… │ 0.28101802757… │ 0.18950159066… │ 0.22481442205… │
│ LensKit.ItemK… │ 0.28738069989… │ 0.21391652620… │ 0.24293107054… │ 0.28738069989… │ 0.19533404029… │ 0.23117709437… │
│ LensKit.PopSc… │ 0.19406150583… │ 0.14209000900… │ 0.15846194206… │ 0.19406150583… │ 0.13032873806… │ 0.14825026511… │
│ LensKit.PopSc… │ 0.18451749734… │ 0.13949386745… │ 0.15013652614… │ 0.18451749734… │ 0.12937433722… │ 0.13934252386… │
│ LensKit.PopSc… │ 0.22269353128… │ 0.15331999289… │ 0.16542078426… │ 0.22269353128… │ 0.14167550371… │ 0.15249204665… │
│ LensKit.PopSc… │ 0.22269353128… │ 0.14447022287… │ 0.16452893817… │ 0.22269353128… │ 0.12884411452… │ 0.15100742311… │
│ LensKit.PopSc… │ 0.21845174973… │ 0.14634385282… │ 0.15985836736… │ 0.21845174973… │ 0.13467656415… │ 0.14740190880… │
└────────────────┴────────────────┴────────────────┴────────────────┴────────────────┴────────────────┴────────────────┘
                                   Amazon2014VideoGames-32d2823b: Evaluation Results                                    
┏━━━━━━━━━━━━━━━━┳━━━━━━━━━━━━━━━━┳━━━━━━━━━━━━━━━━┳━━━━━━━━━━━━━━━━┳━━━━━━━━━━━━━━━━┳━━━━━━━━━━━━━━━━┳━━━━━━━━━━━━━━━━┓
┃ Algorithm      ┃ NDCG@1         ┃ NDCG@10        ┃ NDCG@5         ┃ Precision@1    ┃ Precision@10   ┃ Precision@5    ┃
┡━━━━━━━━━━━━━━━━╇━━━━━━━━━━━━━━━━╇━━━━━━━━━━━━━━━━╇━━━━━━━━━━━━━━━━╇━━━━━━━━━━━━━━━━╇━━━━━━━━━━━━━━━━╇━━━━━━━━━━━━━━━━┩
│ LensKit.ItemK… │ 0.01461755169… │ 0.01068214009… │ 0.01230497967… │ 0.01461755169… │ 0.00963695317… │ 0.01161962472… │
│ LensKit.ItemK… │ 0.01839153776… │ 0.01220917469… │ 0.01418723259… │ 0.01839153776… │ 0.01083293467… │ 0.01313985010… │
│ LensKit.ItemK… │ 0.01706266943… │ 0.01161435677… │ 0.01353663581… │ 0.01706266943… │ 0.01030138733… │ 0.01259767182… │
│ LensKit.ItemK… │ 0.01770052623… │ 0.01174459435… │ 0.01376045052… │ 0.01770052623… │ 0.01033859565… │ 0.01268271939… │
│ LensKit.ItemK… │ 0.01711582416… │ 0.01114211944… │ 0.01269352091… │ 0.01711582416… │ 0.00991335778… │ 0.01163025567… │
└────────────────┴────────────────┴────────────────┴────────────────┴────────────────┴────────────────┴────────────────┘
  Running seed=101
[2026/06/29 11:07:56] INFO     Reusing existing env 'LensKit_env' at                                          envs.py:48
                               /home/florian_dueck04/.omnirec/data/envs/LensKit_env                                     
                      INFO     Starting runner...                                                     coordinator.py:272
[2026/06/29 11:07:59] INFO     Runner started with pid: 42327                                         coordinator.py:297
                      INFO     Connecting to runner...                                                coordinator.py:135
                      INFO     Running phase 'Fit' for HetrecLastFM/ImplicitMFScorer                  coordinator.py:402
[2026/06/29 11:08:09] INFO     Running phase 'Predict' for HetrecLastFM/ImplicitMFScorer              coordinator.py:402
[2026/06/29 11:08:29] INFO     Running phase 'Evaluate' for HetrecLastFM/ImplicitMFScorer             coordinator.py:402
Traceback (most recent call last):
  File "/home/florian_dueck04/AutoRecLab-group4/.venv/lib/python3.12/site-packages/omnirec/runner/coordinator.py", line 212, in run
    self.run_split(
  File "/home/florian_dueck04/AutoRecLab-group4/.venv/lib/python3.12/site-packages/omnirec/runner/coordinator.py", line 365, in run_split
    self._evaluator.run_evaluation(
  File "/home/florian_dueck04/AutoRecLab-group4/.venv/lib/python3.12/site-packages/omnirec/runner/evaluation.py", line 54, in run_evaluation
    mr = m.calculate(predictions, test)
         ^^^^^^^^^^^^^^^^^^^^^^^^^^^^^^
  File "/home/florian_dueck04/AutoRecLab-group4/.venv/lib/python3.12/site-packages/omnirec/metrics/ranking.py", line 74, in calculate
    top_k_dict = self.make_topk_dict(predictions)
                 ^^^^^^^^^^^^^^^^^^^^^^^^^^^^^^^^
  File "/home/florian_dueck04/AutoRecLab-group4/.venv/lib/python3.12/site-packages/omnirec/metrics/ranking.py", line 24, in make_topk_dict
    for user, group in predictions.sort_values("rank").groupby("user"):
                       ^^^^^^^^^^^^^^^^^^^^^^^^^^^^^^^
  File "/home/florian_dueck04/AutoRecLab-group4/.venv/lib/python3.12/site-packages/pandas/core/frame.py", line 7211, in sort_values
    k = self._get_label_or_level_values(by[0], axis=axis)
        ^^^^^^^^^^^^^^^^^^^^^^^^^^^^^^^^^^^^^^^^^^^^^^^^^
  File "/home/florian_dueck04/AutoRecLab-group4/.venv/lib/python3.12/site-packages/pandas/core/generic.py", line 1914, in _get_label_or_level_values
    raise KeyError(key)
KeyError: 'rank'
                      CRITICAL Stopping runner...                                                     coordinator.py:445
                      INFO     Reusing existing env 'LensKit_env' at                                          envs.py:48
                               /home/florian_dueck04/.omnirec/data/envs/LensKit_env                                     
                      INFO     Starting runner...                                                     coordinator.py:272
[2026/06/29 11:08:33] INFO     Runner started with pid: 42450                                         coordinator.py:297
                      INFO     Connecting to runner...                                                coordinator.py:135
                      INFO     Running phase 'Fit' for HetrecLastFM/ItemKNNScorer                     coordinator.py:402
[2026/06/29 11:08:43] INFO     Running phase 'Predict' for HetrecLastFM/ItemKNNScorer                 coordinator.py:402
[2026/06/29 11:08:53] INFO     Running phase 'Evaluate' for HetrecLastFM/ItemKNNScorer                coordinator.py:402
Traceback (most recent call last):
  File "/home/florian_dueck04/AutoRecLab-group4/.venv/lib/python3.12/site-packages/omnirec/runner/coordinator.py", line 212, in run
    self.run_split(
  File "/home/florian_dueck04/AutoRecLab-group4/.venv/lib/python3.12/site-packages/omnirec/runner/coordinator.py", line 365, in run_split
    self._evaluator.run_evaluation(
  File "/home/florian_dueck04/AutoRecLab-group4/.venv/lib/python3.12/site-packages/omnirec/runner/evaluation.py", line 54, in run_evaluation
    mr = m.calculate(predictions, test)
         ^^^^^^^^^^^^^^^^^^^^^^^^^^^^^^
  File "/home/florian_dueck04/AutoRecLab-group4/.venv/lib/python3.12/site-packages/omnirec/metrics/ranking.py", line 74, in calculate
    top_k_dict = self.make_topk_dict(predictions)
                 ^^^^^^^^^^^^^^^^^^^^^^^^^^^^^^^^
  File "/home/florian_dueck04/AutoRecLab-group4/.venv/lib/python3.12/site-packages/omnirec/metrics/ranking.py", line 24, in make_topk_dict
    for user, group in predictions.sort_values("rank").groupby("user"):
                       ^^^^^^^^^^^^^^^^^^^^^^^^^^^^^^^
  File "/home/florian_dueck04/AutoRecLab-group4/.venv/lib/python3.12/site-packages/pandas/core/frame.py", line 7211, in sort_values
    k = self._get_label_or_level_values(by[0], axis=axis)
        ^^^^^^^^^^^^^^^^^^^^^^^^^^^^^^^^^^^^^^^^^^^^^^^^^
  File "/home/florian_dueck04/AutoRecLab-group4/.venv/lib/python3.12/site-packages/pandas/core/generic.py", line 1914, in _get_label_or_level_values
    raise KeyError(key)
KeyError: 'rank'
                      CRITICAL Stopping runner...                                                     coordinator.py:445
                      INFO     Reusing existing env 'LensKit_env' at                                          envs.py:48
                               /home/florian_dueck04/.omnirec/data/envs/LensKit_env                                     
                      INFO     Starting runner...                                                     coordinator.py:272
[2026/06/29 11:08:56] INFO     Runner started with pid: 42542                                         coordinator.py:297
                      INFO     Connecting to runner...                                                coordinator.py:135
                      INFO     Running phase 'Fit' for HetrecLastFM/PopScorer                         coordinator.py:402
[2026/06/29 11:09:06] INFO     Running phase 'Predict' for HetrecLastFM/PopScorer                     coordinator.py:402
[2026/06/29 11:09:16] INFO     Running phase 'Evaluate' for HetrecLastFM/PopScorer                    coordinator.py:402
Traceback (most recent call last):
  File "/home/florian_dueck04/AutoRecLab-group4/.venv/lib/python3.12/site-packages/omnirec/runner/coordinator.py", line 212, in run
    self.run_split(
  File "/home/florian_dueck04/AutoRecLab-group4/.venv/lib/python3.12/site-packages/omnirec/runner/coordinator.py", line 365, in run_split
    self._evaluator.run_evaluation(
  File "/home/florian_dueck04/AutoRecLab-group4/.venv/lib/python3.12/site-packages/omnirec/runner/evaluation.py", line 54, in run_evaluation
    mr = m.calculate(predictions, test)
         ^^^^^^^^^^^^^^^^^^^^^^^^^^^^^^
  File "/home/florian_dueck04/AutoRecLab-group4/.venv/lib/python3.12/site-packages/omnirec/metrics/ranking.py", line 74, in calculate
    top_k_dict = self.make_topk_dict(predictions)
                 ^^^^^^^^^^^^^^^^^^^^^^^^^^^^^^^^
  File "/home/florian_dueck04/AutoRecLab-group4/.venv/lib/python3.12/site-packages/omnirec/metrics/ranking.py", line 24, in make_topk_dict
    for user, group in predictions.sort_values("rank").groupby("user"):
                       ^^^^^^^^^^^^^^^^^^^^^^^^^^^^^^^
  File "/home/florian_dueck04/AutoRecLab-group4/.venv/lib/python3.12/site-packages/pandas/core/frame.py", line 7211, in sort_values
    k = self._get_label_or_level_values(by[0], axis=axis)
        ^^^^^^^^^^^^^^^^^^^^^^^^^^^^^^^^^^^^^^^^^^^^^^^^^
  File "/home/florian_dueck04/AutoRecLab-group4/.venv/lib/python3.12/site-packages/pandas/core/generic.py", line 1914, in _get_label_or_level_values
    raise KeyError(key)
KeyError: 'rank'
                      CRITICAL Stopping runner...                                                     coordinator.py:445
                                       MovieLens100K-938abed0: Evaluation Results                                       
┏━━━━━━━━━━━━━━━━┳━━━━━━━━━━━━━━━━┳━━━━━━━━━━━━━━━━┳━━━━━━━━━━━━━━━━┳━━━━━━━━━━━━━━━━┳━━━━━━━━━━━━━━━━┳━━━━━━━━━━━━━━━━┓
┃ Algorithm      ┃ NDCG@1         ┃ NDCG@10        ┃ NDCG@5         ┃ Precision@1    ┃ Precision@10   ┃ Precision@5    ┃
┡━━━━━━━━━━━━━━━━╇━━━━━━━━━━━━━━━━╇━━━━━━━━━━━━━━━━╇━━━━━━━━━━━━━━━━╇━━━━━━━━━━━━━━━━╇━━━━━━━━━━━━━━━━╇━━━━━━━━━━━━━━━━┩
│ LensKit.Impli… │ 0.19088016967… │ 0.16444592918… │ 0.17819812020… │ 0.19088016967… │ 0.15599151643… │ 0.17348886532… │
│ LensKit.Impli… │ 0.18239660657… │ 0.16092762401… │ 0.17363438281… │ 0.18239660657… │ 0.15397667020… │ 0.17094379639… │
│ LensKit.Impli… │ 0.19936373276… │ 0.16719756792… │ 0.18278461685… │ 0.19936373276… │ 0.15811240721… │ 0.17879109225… │
│ LensKit.Impli… │ 0.19088016967… │ 0.16221177987… │ 0.17195983292… │ 0.19088016967… │ 0.15524920466… │ 0.16712619300… │
│ LensKit.Impli… │ 0.19830328738… │ 0.16032578330… │ 0.17521790823… │ 0.19830328738… │ 0.15111346765… │ 0.16924708377… │
│ LensKit.ItemK… │ 0.26829268292… │ 0.20286545177… │ 0.22557191574… │ 0.26829268292… │ 0.18674443266… │ 0.21378579003… │
│ LensKit.ItemK… │ 0.29268292682… │ 0.20763842429… │ 0.23381424312… │ 0.29268292682… │ 0.18992576882… │ 0.22120890774… │
│ LensKit.ItemK… │ 0.25662778366… │ 0.20627003242… │ 0.23401461789… │ 0.25662778366… │ 0.18992576882… │ 0.22523860021… │
│ LensKit.ItemK… │ 0.28101802757… │ 0.20855593914… │ 0.23755126999… │ 0.28101802757… │ 0.18950159066… │ 0.22481442205… │
│ LensKit.ItemK… │ 0.28738069989… │ 0.21391652620… │ 0.24293107054… │ 0.28738069989… │ 0.19533404029… │ 0.23117709437… │
│ LensKit.PopSc… │ 0.19406150583… │ 0.14209000900… │ 0.15846194206… │ 0.19406150583… │ 0.13032873806… │ 0.14825026511… │
│ LensKit.PopSc… │ 0.18451749734… │ 0.13949386745… │ 0.15013652614… │ 0.18451749734… │ 0.12937433722… │ 0.13934252386… │
│ LensKit.PopSc… │ 0.22269353128… │ 0.15331999289… │ 0.16542078426… │ 0.22269353128… │ 0.14167550371… │ 0.15249204665… │
│ LensKit.PopSc… │ 0.22269353128… │ 0.14447022287… │ 0.16452893817… │ 0.22269353128… │ 0.12884411452… │ 0.15100742311… │
│ LensKit.PopSc… │ 0.21845174973… │ 0.14634385282… │ 0.15985836736… │ 0.21845174973… │ 0.13467656415… │ 0.14740190880… │
└────────────────┴────────────────┴────────────────┴────────────────┴────────────────┴────────────────┴────────────────┘
                                   Amazon2014VideoGames-32d2823b: Evaluation Results                                    
┏━━━━━━━━━━━━━━━━┳━━━━━━━━━━━━━━━━┳━━━━━━━━━━━━━━━━┳━━━━━━━━━━━━━━━━┳━━━━━━━━━━━━━━━━┳━━━━━━━━━━━━━━━━┳━━━━━━━━━━━━━━━━┓
┃ Algorithm      ┃ NDCG@1         ┃ NDCG@10        ┃ NDCG@5         ┃ Precision@1    ┃ Precision@10   ┃ Precision@5    ┃
┡━━━━━━━━━━━━━━━━╇━━━━━━━━━━━━━━━━╇━━━━━━━━━━━━━━━━╇━━━━━━━━━━━━━━━━╇━━━━━━━━━━━━━━━━╇━━━━━━━━━━━━━━━━╇━━━━━━━━━━━━━━━━┩
│ LensKit.ItemK… │ 0.01461755169… │ 0.01068214009… │ 0.01230497967… │ 0.01461755169… │ 0.00963695317… │ 0.01161962472… │
│ LensKit.ItemK… │ 0.01839153776… │ 0.01220917469… │ 0.01418723259… │ 0.01839153776… │ 0.01083293467… │ 0.01313985010… │
│ LensKit.ItemK… │ 0.01706266943… │ 0.01161435677… │ 0.01353663581… │ 0.01706266943… │ 0.01030138733… │ 0.01259767182… │
│ LensKit.ItemK… │ 0.01770052623… │ 0.01174459435… │ 0.01376045052… │ 0.01770052623… │ 0.01033859565… │ 0.01268271939… │
│ LensKit.ItemK… │ 0.01711582416… │ 0.01114211944… │ 0.01269352091… │ 0.01711582416… │ 0.00991335778… │ 0.01163025567… │
└────────────────┴────────────────┴────────────────┴────────────────┴────────────────┴────────────────┴────────────────┘
Saved per-run results to /home/florian_dueck04/AutoRecLab-group4/out/run_06/workspace/working/seed_effect_results.csv

Per-dataset, per-algorithm, per-seed results:
                       run_id                             algorithm    metric  k    value            dataset  seed
       MovieLens100K-938abed0 LensKit.ImplicitMFScorer-f0dd7ecb-101      NDCG  1 0.190880 Amazon Video Games     7
       MovieLens100K-938abed0 LensKit.ImplicitMFScorer-f0dd7ecb-101      NDCG  5 0.178198 Amazon Video Games     7
       MovieLens100K-938abed0 LensKit.ImplicitMFScorer-f0dd7ecb-101      NDCG 10 0.164446 Amazon Video Games     7
       MovieLens100K-938abed0 LensKit.ImplicitMFScorer-f0dd7ecb-101 Precision  1 0.190880 Amazon Video Games     7
       MovieLens100K-938abed0 LensKit.ImplicitMFScorer-f0dd7ecb-101 Precision  5 0.173489 Amazon Video Games     7
       MovieLens100K-938abed0 LensKit.ImplicitMFScorer-f0dd7ecb-101 Precision 10 0.155992 Amazon Video Games     7
       MovieLens100K-938abed0 LensKit.ImplicitMFScorer-f0dd7ecb-101      NDCG  1 0.190880 Amazon Video Games    13
       MovieLens100K-938abed0 LensKit.ImplicitMFScorer-f0dd7ecb-101      NDCG  5 0.178198 Amazon Video Games    13
       MovieLens100K-938abed0 LensKit.ImplicitMFScorer-f0dd7ecb-101      NDCG 10 0.164446 Amazon Video Games    13
       MovieLens100K-938abed0 LensKit.ImplicitMFScorer-f0dd7ecb-101 Precision  1 0.190880 Amazon Video Games    13
       MovieLens100K-938abed0 LensKit.ImplicitMFScorer-f0dd7ecb-101 Precision  5 0.173489 Amazon Video Games    13
       MovieLens100K-938abed0 LensKit.ImplicitMFScorer-f0dd7ecb-101 Precision 10 0.155992 Amazon Video Games    13
       MovieLens100K-938abed0 LensKit.ImplicitMFScorer-f0dd7ecb-101      NDCG  1 0.190880 Amazon Video Games    29
       MovieLens100K-938abed0 LensKit.ImplicitMFScorer-f0dd7ecb-101      NDCG  5 0.178198 Amazon Video Games    29
       MovieLens100K-938abed0 LensKit.ImplicitMFScorer-f0dd7ecb-101      NDCG 10 0.164446 Amazon Video Games    29
       MovieLens100K-938abed0 LensKit.ImplicitMFScorer-f0dd7ecb-101 Precision  1 0.190880 Amazon Video Games    29
       MovieLens100K-938abed0 LensKit.ImplicitMFScorer-f0dd7ecb-101 Precision  5 0.173489 Amazon Video Games    29
       MovieLens100K-938abed0 LensKit.ImplicitMFScorer-f0dd7ecb-101 Precision 10 0.155992 Amazon Video Games    29
       MovieLens100K-938abed0 LensKit.ImplicitMFScorer-f0dd7ecb-101      NDCG  1 0.190880 Amazon Video Games    42
       MovieLens100K-938abed0 LensKit.ImplicitMFScorer-f0dd7ecb-101      NDCG  5 0.178198 Amazon Video Games    42
       MovieLens100K-938abed0 LensKit.ImplicitMFScorer-f0dd7ecb-101      NDCG 10 0.164446 Amazon Video Games    42
       MovieLens100K-938abed0 LensKit.ImplicitMFScorer-f0dd7ecb-101 Precision  1 0.190880 Amazon Video Games    42
       MovieLens100K-938abed0 LensKit.ImplicitMFScorer-f0dd7ecb-101 Precision  5 0.173489 Amazon Video Games    42
       MovieLens100K-938abed0 LensKit.ImplicitMFScorer-f0dd7ecb-101 Precision 10 0.155992 Amazon Video Games    42
       MovieLens100K-938abed0 LensKit.ImplicitMFScorer-f0dd7ecb-101      NDCG  1 0.190880 Amazon Video Games   101
       MovieLens100K-938abed0 LensKit.ImplicitMFScorer-f0dd7ecb-101      NDCG  5 0.178198 Amazon Video Games   101
       MovieLens100K-938abed0 LensKit.ImplicitMFScorer-f0dd7ecb-101      NDCG 10 0.164446 Amazon Video Games   101
       MovieLens100K-938abed0 LensKit.ImplicitMFScorer-f0dd7ecb-101 Precision  1 0.190880 Amazon Video Games   101
       MovieLens100K-938abed0 LensKit.ImplicitMFScorer-f0dd7ecb-101 Precision  5 0.173489 Amazon Video Games   101
       MovieLens100K-938abed0 LensKit.ImplicitMFScorer-f0dd7ecb-101 Precision 10 0.155992 Amazon Video Games   101
       MovieLens100K-938abed0  LensKit.ImplicitMFScorer-f0dd7ecb-13      NDCG  1 0.182397 Amazon Video Games     7
       MovieLens100K-938abed0  LensKit.ImplicitMFScorer-f0dd7ecb-13      NDCG  5 0.173634 Amazon Video Games     7
       MovieLens100K-938abed0  LensKit.ImplicitMFScorer-f0dd7ecb-13      NDCG 10 0.160928 Amazon Video Games     7
       MovieLens100K-938abed0  LensKit.ImplicitMFScorer-f0dd7ecb-13 Precision  1 0.182397 Amazon Video Games     7
       MovieLens100K-938abed0  LensKit.ImplicitMFScorer-f0dd7ecb-13 Precision  5 0.170944 Amazon Video Games     7
       MovieLens100K-938abed0  LensKit.ImplicitMFScorer-f0dd7ecb-13 Precision 10 0.153977 Amazon Video Games     7
       MovieLens100K-938abed0  LensKit.ImplicitMFScorer-f0dd7ecb-13      NDCG  1 0.182397 Amazon Video Games    13
       MovieLens100K-938abed0  LensKit.ImplicitMFScorer-f0dd7ecb-13      NDCG  5 0.173634 Amazon Video Games    13
       MovieLens100K-938abed0  LensKit.ImplicitMFScorer-f0dd7ecb-13      NDCG 10 0.160928 Amazon Video Games    13
       MovieLens100K-938abed0  LensKit.ImplicitMFScorer-f0dd7ecb-13 Precision  1 0.182397 Amazon Video Games    13
       MovieLens100K-938abed0  LensKit.ImplicitMFScorer-f0dd7ecb-13 Precision  5 0.170944 Amazon Video Games    13
       MovieLens100K-938abed0  LensKit.ImplicitMFScorer-f0dd7ecb-13 Precision 10 0.153977 Amazon Video Games    13
       MovieLens100K-938abed0  LensKit.ImplicitMFScorer-f0dd7ecb-13      NDCG  1 0.182397 Amazon Video Games    29
       MovieLens100K-938abed0  LensKit.ImplicitMFScorer-f0dd7ecb-13      NDCG  5 0.173634 Amazon Video Games    29
       MovieLens100K-938abed0  LensKit.ImplicitMFScorer-f0dd7ecb-13      NDCG 10 0.160928 Amazon Video Games    29
       MovieLens100K-938abed0  LensKit.ImplicitMFScorer-f0dd7ecb-13 Precision  1 0.182397 Amazon Video Games    29
       MovieLens100K-938abed0  LensKit.ImplicitMFScorer-f0dd7ecb-13 Precision  5 0.170944 Amazon Video Games    29
       MovieLens100K-938abed0  LensKit.ImplicitMFScorer-f0dd7ecb-13 Precision 10 0.153977 Amazon Video Games    29
       MovieLens100K-938abed0  LensKit.ImplicitMFScorer-f0dd7ecb-13      NDCG  1 0.182397 Amazon Video Games    42
       MovieLens100K-938abed0  LensKit.ImplicitMFScorer-f0dd7ecb-13      NDCG  5 0.173634 Amazon Video Games    42
       MovieLens100K-938abed0  LensKit.ImplicitMFScorer-f0dd7ecb-13      NDCG 10 0.160928 Amazon Video Games    42
       MovieLens100K-938abed0  LensKit.ImplicitMFScorer-f0dd7ecb-13 Precision  1 0.182397 Amazon Video Games    42
       MovieLens100K-938abed0  LensKit.ImplicitMFScorer-f0dd7ecb-13 Precision  5 0.170944 Amazon Video Games    42
       MovieLens100K-938abed0  LensKit.ImplicitMFScorer-f0dd7ecb-13 Precision 10 0.153977 Amazon Video Games    42
       MovieLens100K-938abed0  LensKit.ImplicitMFScorer-f0dd7ecb-13      NDCG  1 0.182397 Amazon Video Games   101
       MovieLens100K-938abed0  LensKit.ImplicitMFScorer-f0dd7ecb-13      NDCG  5 0.173634 Amazon Video Games   101
       MovieLens100K-938abed0  LensKit.ImplicitMFScorer-f0dd7ecb-13      NDCG 10 0.160928 Amazon Video Games   101
       MovieLens100K-938abed0  LensKit.ImplicitMFScorer-f0dd7ecb-13 Precision  1 0.182397 Amazon Video Games   101
       MovieLens100K-938abed0  LensKit.ImplicitMFScorer-f0dd7ecb-13 Precision  5 0.170944 Amazon Video Games   101
       MovieLens100K-938abed0  LensKit.ImplicitMFScorer-f0dd7ecb-13 Precision 10 0.153977 Amazon Video Games   101
       MovieLens100K-938abed0  LensKit.ImplicitMFScorer-f0dd7ecb-29      NDCG  1 0.199364 Amazon Video Games     7
       MovieLens100K-938abed0  LensKit.ImplicitMFScorer-f0dd7ecb-29      NDCG  5 0.182785 Amazon Video Games     7
       MovieLens100K-938abed0  LensKit.ImplicitMFScorer-f0dd7ecb-29      NDCG 10 0.167198 Amazon Video Games     7
       MovieLens100K-938abed0  LensKit.ImplicitMFScorer-f0dd7ecb-29 Precision  1 0.199364 Amazon Video Games     7
       MovieLens100K-938abed0  LensKit.ImplicitMFScorer-f0dd7ecb-29 Precision  5 0.178791 Amazon Video Games     7
       MovieLens100K-938abed0  LensKit.ImplicitMFScorer-f0dd7ecb-29 Precision 10 0.158112 Amazon Video Games     7
       MovieLens100K-938abed0  LensKit.ImplicitMFScorer-f0dd7ecb-29      NDCG  1 0.199364 Amazon Video Games    13
       MovieLens100K-938abed0  LensKit.ImplicitMFScorer-f0dd7ecb-29      NDCG  5 0.182785 Amazon Video Games    13
       MovieLens100K-938abed0  LensKit.ImplicitMFScorer-f0dd7ecb-29      NDCG 10 0.167198 Amazon Video Games    13
       MovieLens100K-938abed0  LensKit.ImplicitMFScorer-f0dd7ecb-29 Precision  1 0.199364 Amazon Video Games    13
       MovieLens100K-938abed0  LensKit.ImplicitMFScorer-f0dd7ecb-29 Precision  5 0.178791 Amazon Video Games    13
       MovieLens100K-938abed0  LensKit.ImplicitMFScorer-f0dd7ecb-29 Precision 10 0.158112 Amazon Video Games    13
       MovieLens100K-938abed0  LensKit.ImplicitMFScorer-f0dd7ecb-29      NDCG  1 0.199364 Amazon Video Games    29
       MovieLens100K-938abed0  LensKit.ImplicitMFScorer-f0dd7ecb-29      NDCG  5 0.182785 Amazon Video Games    29
       MovieLens100K-938abed0  LensKit.ImplicitMFScorer-f0dd7ecb-29      NDCG 10 0.167198 Amazon Video Games    29
       MovieLens100K-938abed0  LensKit.ImplicitMFScorer-f0dd7ecb-29 Precision  1 0.199364 Amazon Video Games    29
       MovieLens100K-938abed0  LensKit.ImplicitMFScorer-f0dd7ecb-29 Precision  5 0.178791 Amazon Video Games    29
       MovieLens100K-938abed0  LensKit.ImplicitMFScorer-f0dd7ecb-29 Precision 10 0.158112 Amazon Video Games    29
       MovieLens100K-938abed0  LensKit.ImplicitMFScorer-f0dd7ecb-29      NDCG  1 0.199364 Amazon Video Games    42
       MovieLens100K-938abed0  LensKit.ImplicitMFScorer-f0dd7ecb-29      NDCG  5 0.182785 Amazon Video Games    42
       MovieLens100K-938abed0  LensKit.ImplicitMFScorer-f0dd7ecb-29      NDCG 10 0.167198 Amazon Video Games    42
       MovieLens100K-938abed0  LensKit.ImplicitMFScorer-f0dd7ecb-29 Precision  1 0.199364 Amazon Video Games    42
       MovieLens100K-938abed0  LensKit.ImplicitMFScorer-f0dd7ecb-29 Precision  5 0.178791 Amazon Video Games    42
       MovieLens100K-938abed0  LensKit.ImplicitMFScorer-f0dd7ecb-29 Precision 10 0.158112 Amazon Video Games    42
       MovieLens100K-938abed0  LensKit.ImplicitMFScorer-f0dd7ecb-29      NDCG  1 0.199364 Amazon Video Games   101
       MovieLens100K-938abed0  LensKit.ImplicitMFScorer-f0dd7ecb-29      NDCG  5 0.182785 Amazon Video Games   101
       MovieLens100K-938abed0  LensKit.ImplicitMFScorer-f0dd7ecb-29      NDCG 10 0.167198 Amazon Video Games   101
       MovieLens100K-938abed0  LensKit.ImplicitMFScorer-f0dd7ecb-29 Precision  1 0.199364 Amazon Video Games   101
       MovieLens100K-938abed0  LensKit.ImplicitMFScorer-f0dd7ecb-29 Precision  5 0.178791 Amazon Video Games   101
       MovieLens100K-938abed0  LensKit.ImplicitMFScorer-f0dd7ecb-29 Precision 10 0.158112 Amazon Video Games   101
       MovieLens100K-938abed0  LensKit.ImplicitMFScorer-f0dd7ecb-42      NDCG  1 0.190880 Amazon Video Games     7
       MovieLens100K-938abed0  LensKit.ImplicitMFScorer-f0dd7ecb-42      NDCG  5 0.171960 Amazon Video Games     7
       MovieLens100K-938abed0  LensKit.ImplicitMFScorer-f0dd7ecb-42      NDCG 10 0.162212 Amazon Video Games     7
       MovieLens100K-938abed0  LensKit.ImplicitMFScorer-f0dd7ecb-42 Precision  1 0.190880 Amazon Video Games     7
       MovieLens100K-938abed0  LensKit.ImplicitMFScorer-f0dd7ecb-42 Precision  5 0.167126 Amazon Video Games     7
       MovieLens100K-938abed0  LensKit.ImplicitMFScorer-f0dd7ecb-42 Precision 10 0.155249 Amazon Video Games     7
       MovieLens100K-938abed0  LensKit.ImplicitMFScorer-f0dd7ecb-42      NDCG  1 0.190880 Amazon Video Games    13
       MovieLens100K-938abed0  LensKit.ImplicitMFScorer-f0dd7ecb-42      NDCG  5 0.171960 Amazon Video Games    13
       MovieLens100K-938abed0  LensKit.ImplicitMFScorer-f0dd7ecb-42      NDCG 10 0.162212 Amazon Video Games    13
       MovieLens100K-938abed0  LensKit.ImplicitMFScorer-f0dd7ecb-42 Precision  1 0.190880 Amazon Video Games    13
       MovieLens100K-938abed0  LensKit.ImplicitMFScorer-f0dd7ecb-42 Precision  5 0.167126 Amazon Video Games    13
       MovieLens100K-938abed0  LensKit.ImplicitMFScorer-f0dd7ecb-42 Precision 10 0.155249 Amazon Video Games    13
       MovieLens100K-938abed0  LensKit.ImplicitMFScorer-f0dd7ecb-42      NDCG  1 0.190880 Amazon Video Games    29
       MovieLens100K-938abed0  LensKit.ImplicitMFScorer-f0dd7ecb-42      NDCG  5 0.171960 Amazon Video Games    29
       MovieLens100K-938abed0  LensKit.ImplicitMFScorer-f0dd7ecb-42      NDCG 10 0.162212 Amazon Video Games    29
       MovieLens100K-938abed0  LensKit.ImplicitMFScorer-f0dd7ecb-42 Precision  1 0.190880 Amazon Video Games    29
       MovieLens100K-938abed0  LensKit.ImplicitMFScorer-f0dd7ecb-42 Precision  5 0.167126 Amazon Video Games    29
       MovieLens100K-938abed0  LensKit.ImplicitMFScorer-f0dd7ecb-42 Precision 10 0.155249 Amazon Video Games    29
       MovieLens100K-938abed0  LensKit.ImplicitMFScorer-f0dd7ecb-42      NDCG  1 0.190880 Amazon Video Games    42
       MovieLens100K-938abed0  LensKit.ImplicitMFScorer-f0dd7ecb-42      NDCG  5 0.171960 Amazon Video Games    42
       MovieLens100K-938abed0  LensKit.ImplicitMFScorer-f0dd7ecb-42      NDCG 10 0.162212 Amazon Video Games    42
       MovieLens100K-938abed0  LensKit.ImplicitMFScorer-f0dd7ecb-42 Precision  1 0.190880 Amazon Video Games    42
       MovieLens100K-938abed0  LensKit.ImplicitMFScorer-f0dd7ecb-42 Precision  5 0.167126 Amazon Video Games    42
       MovieLens100K-938abed0  LensKit.ImplicitMFScorer-f0dd7ecb-42 Precision 10 0.155249 Amazon Video Games    42
       MovieLens100K-938abed0  LensKit.ImplicitMFScorer-f0dd7ecb-42      NDCG  1 0.190880 Amazon Video Games   101
       MovieLens100K-938abed0  LensKit.ImplicitMFScorer-f0dd7ecb-42      NDCG  5 0.171960 Amazon Video Games   101
       MovieLens100K-938abed0  LensKit.ImplicitMFScorer-f0dd7ecb-42      NDCG 10 0.162212 Amazon Video Games   101
       MovieLens100K-938abed0  LensKit.ImplicitMFScorer-f0dd7ecb-42 Precision  1 0.190880 Amazon Video Games   101
       MovieLens100K-938abed0  LensKit.ImplicitMFScorer-f0dd7ecb-42 Precision  5 0.167126 Amazon Video Games   101
       MovieLens100K-938abed0  LensKit.ImplicitMFScorer-f0dd7ecb-42 Precision 10 0.155249 Amazon Video Games   101
       MovieLens100K-938abed0   LensKit.ImplicitMFScorer-f0dd7ecb-7      NDCG  1 0.198303 Amazon Video Games     7
       MovieLens100K-938abed0   LensKit.ImplicitMFScorer-f0dd7ecb-7      NDCG  5 0.175218 Amazon Video Games     7
       MovieLens100K-938abed0   LensKit.ImplicitMFScorer-f0dd7ecb-7      NDCG 10 0.160326 Amazon Video Games     7
       MovieLens100K-938abed0   LensKit.ImplicitMFScorer-f0dd7ecb-7 Precision  1 0.198303 Amazon Video Games     7
       MovieLens100K-938abed0   LensKit.ImplicitMFScorer-f0dd7ecb-7 Precision  5 0.169247 Amazon Video Games     7
       MovieLens100K-938abed0   LensKit.ImplicitMFScorer-f0dd7ecb-7 Precision 10 0.151113 Amazon Video Games     7
       MovieLens100K-938abed0   LensKit.ImplicitMFScorer-f0dd7ecb-7      NDCG  1 0.198303 Amazon Video Games    13
       MovieLens100K-938abed0   LensKit.ImplicitMFScorer-f0dd7ecb-7      NDCG  5 0.175218 Amazon Video Games    13
       MovieLens100K-938abed0   LensKit.ImplicitMFScorer-f0dd7ecb-7      NDCG 10 0.160326 Amazon Video Games    13
       MovieLens100K-938abed0   LensKit.ImplicitMFScorer-f0dd7ecb-7 Precision  1 0.198303 Amazon Video Games    13
       MovieLens100K-938abed0   LensKit.ImplicitMFScorer-f0dd7ecb-7 Precision  5 0.169247 Amazon Video Games    13
       MovieLens100K-938abed0   LensKit.ImplicitMFScorer-f0dd7ecb-7 Precision 10 0.151113 Amazon Video Games    13
       MovieLens100K-938abed0   LensKit.ImplicitMFScorer-f0dd7ecb-7      NDCG  1 0.198303 Amazon Video Games    29
       MovieLens100K-938abed0   LensKit.ImplicitMFScorer-f0dd7ecb-7      NDCG  5 0.175218 Amazon Video Games    29
       MovieLens100K-938abed0   LensKit.ImplicitMFScorer-f0dd7ecb-7      NDCG 10 0.160326 Amazon Video Games    29
       MovieLens100K-938abed0   LensKit.ImplicitMFScorer-f0dd7ecb-7 Precision  1 0.198303 Amazon Video Games    29
       MovieLens100K-938abed0   LensKit.ImplicitMFScorer-f0dd7ecb-7 Precision  5 0.169247 Amazon Video Games    29
       MovieLens100K-938abed0   LensKit.ImplicitMFScorer-f0dd7ecb-7 Precision 10 0.151113 Amazon Video Games    29
       MovieLens100K-938abed0   LensKit.ImplicitMFScorer-f0dd7ecb-7      NDCG  1 0.198303 Amazon Video Games    42
       MovieLens100K-938abed0   LensKit.ImplicitMFScorer-f0dd7ecb-7      NDCG  5 0.175218 Amazon Video Games    42
       MovieLens100K-938abed0   LensKit.ImplicitMFScorer-f0dd7ecb-7      NDCG 10 0.160326 Amazon Video Games    42
       MovieLens100K-938abed0   LensKit.ImplicitMFScorer-f0dd7ecb-7 Precision  1 0.198303 Amazon Video Games    42
       MovieLens100K-938abed0   LensKit.ImplicitMFScorer-f0dd7ecb-7 Precision  5 0.169247 Amazon Video Games    42
       MovieLens100K-938abed0   LensKit.ImplicitMFScorer-f0dd7ecb-7 Precision 10 0.151113 Amazon Video Games    42
       MovieLens100K-938abed0   LensKit.ImplicitMFScorer-f0dd7ecb-7      NDCG  1 0.198303 Amazon Video Games   101
       MovieLens100K-938abed0   LensKit.ImplicitMFScorer-f0dd7ecb-7      NDCG  5 0.175218 Amazon Video Games   101
       MovieLens100K-938abed0   LensKit.ImplicitMFScorer-f0dd7ecb-7      NDCG 10 0.160326 Amazon Video Games   101
       MovieLens100K-938abed0   LensKit.ImplicitMFScorer-f0dd7ecb-7 Precision  1 0.198303 Amazon Video Games   101
       MovieLens100K-938abed0   LensKit.ImplicitMFScorer-f0dd7ecb-7 Precision  5 0.169247 Amazon Video Games   101
       MovieLens100K-938abed0   LensKit.ImplicitMFScorer-f0dd7ecb-7 Precision 10 0.151113 Amazon Video Games   101
       MovieLens100K-938abed0    LensKit.ItemKNNScorer-c3d66610-101      NDCG  1 0.268293 Amazon Video Games     7
       MovieLens100K-938abed0    LensKit.ItemKNNScorer-c3d66610-101      NDCG  5 0.225572 Amazon Video Games     7
       MovieLens100K-938abed0    LensKit.ItemKNNScorer-c3d66610-101      NDCG 10 0.202865 Amazon Video Games     7
       MovieLens100K-938abed0    LensKit.ItemKNNScorer-c3d66610-101 Precision  1 0.268293 Amazon Video Games     7
       MovieLens100K-938abed0    LensKit.ItemKNNScorer-c3d66610-101 Precision  5 0.213786 Amazon Video Games     7
       MovieLens100K-938abed0    LensKit.ItemKNNScorer-c3d66610-101 Precision 10 0.186744 Amazon Video Games     7
       MovieLens100K-938abed0    LensKit.ItemKNNScorer-c3d66610-101      NDCG  1 0.268293 Amazon Video Games    13
       MovieLens100K-938abed0    LensKit.ItemKNNScorer-c3d66610-101      NDCG  5 0.225572 Amazon Video Games    13
       MovieLens100K-938abed0    LensKit.ItemKNNScorer-c3d66610-101      NDCG 10 0.202865 Amazon Video Games    13
       MovieLens100K-938abed0    LensKit.ItemKNNScorer-c3d66610-101 Precision  1 0.268293 Amazon Video Games    13
       MovieLens100K-938abed0    LensKit.ItemKNNScorer-c3d66610-101 Precision  5 0.213786 Amazon Video Games    13
       MovieLens100K-938abed0    LensKit.ItemKNNScorer-c3d66610-101 Precision 10 0.186744 Amazon Video Games    13
       MovieLens100K-938abed0    LensKit.ItemKNNScorer-c3d66610-101      NDCG  1 0.268293 Amazon Video Games    29
       MovieLens100K-938abed0    LensKit.ItemKNNScorer-c3d66610-101      NDCG  5 0.225572 Amazon Video Games    29
       MovieLens100K-938abed0    LensKit.ItemKNNScorer-c3d66610-101      NDCG 10 0.202865 Amazon Video Games    29
       MovieLens100K-938abed0    LensKit.ItemKNNScorer-c3d66610-101 Precision  1 0.268293 Amazon Video Games    29
       MovieLens100K-938abed0    LensKit.ItemKNNScorer-c3d66610-101 Precision  5 0.213786 Amazon Video Games    29
       MovieLens100K-938abed0    LensKit.ItemKNNScorer-c3d66610-101 Precision 10 0.186744 Amazon Video Games    29
       MovieLens100K-938abed0    LensKit.ItemKNNScorer-c3d66610-101      NDCG  1 0.268293 Amazon Video Games    42
       MovieLens100K-938abed0    LensKit.ItemKNNScorer-c3d66610-101      NDCG  5 0.225572 Amazon Video Games    42
       MovieLens100K-938abed0    LensKit.ItemKNNScorer-c3d66610-101      NDCG 10 0.202865 Amazon Video Games    42
       MovieLens100K-938abed0    LensKit.ItemKNNScorer-c3d66610-101 Precision  1 0.268293 Amazon Video Games    42
       MovieLens100K-938abed0    LensKit.ItemKNNScorer-c3d66610-101 Precision  5 0.213786 Amazon Video Games    42
       MovieLens100K-938abed0    LensKit.ItemKNNScorer-c3d66610-101 Precision 10 0.186744 Amazon Video Games    42
       MovieLens100K-938abed0    LensKit.ItemKNNScorer-c3d66610-101      NDCG  1 0.268293 Amazon Video Games   101
Amazon2014VideoGames-32d2823b    LensKit.ItemKNNScorer-c3d66610-101      NDCG  1 0.014618 Amazon Video Games   101
       MovieLens100K-938abed0    LensKit.ItemKNNScorer-c3d66610-101      NDCG  5 0.225572 Amazon Video Games   101
Amazon2014VideoGames-32d2823b    LensKit.ItemKNNScorer-c3d66610-101      NDCG  5 0.012305 Amazon Video Games   101
       MovieLens100K-938abed0    LensKit.ItemKNNScorer-c3d66610-101      NDCG 10 0.202865 Amazon Video Games   101
Amazon2014VideoGames-32d2823b    LensKit.ItemKNNScorer-c3d66610-101      NDCG 10 0.010682 Amazon Video Games   101
       MovieLens100K-938abed0    LensKit.ItemKNNScorer-c3d66610-101 Precision  1 0.268293 Amazon Video Games   101
Amazon2014VideoGames-32d2823b    LensKit.ItemKNNScorer-c3d66610-101 Precision  1 0.014618 Amazon Video Games   101
       MovieLens100K-938abed0    LensKit.ItemKNNScorer-c3d66610-101 Precision  5 0.213786 Amazon Video Games   101
Amazon2014VideoGames-32d2823b    LensKit.ItemKNNScorer-c3d66610-101 Precision  5 0.011620 Amazon Video Games   101
       MovieLens100K-938abed0    LensKit.ItemKNNScorer-c3d66610-101 Precision 10 0.186744 Amazon Video Games   101
Amazon2014VideoGames-32d2823b    LensKit.ItemKNNScorer-c3d66610-101 Precision 10 0.009637 Amazon Video Games   101
       MovieLens100K-938abed0     LensKit.ItemKNNScorer-c3d66610-13      NDCG  1 0.292683 Amazon Video Games     7
       MovieLens100K-938abed0     LensKit.ItemKNNScorer-c3d66610-13      NDCG  5 0.233814 Amazon Video Games     7
       MovieLens100K-938abed0     LensKit.ItemKNNScorer-c3d66610-13      NDCG 10 0.207638 Amazon Video Games     7
       MovieLens100K-938abed0     LensKit.ItemKNNScorer-c3d66610-13 Precision  1 0.292683 Amazon Video Games     7
       MovieLens100K-938abed0     LensKit.ItemKNNScorer-c3d66610-13 Precision  5 0.221209 Amazon Video Games     7
       MovieLens100K-938abed0     LensKit.ItemKNNScorer-c3d66610-13 Precision 10 0.189926 Amazon Video Games     7
       MovieLens100K-938abed0     LensKit.ItemKNNScorer-c3d66610-13      NDCG  1 0.292683 Amazon Video Games    13
Amazon2014VideoGames-32d2823b     LensKit.ItemKNNScorer-c3d66610-13      NDCG  1 0.018392 Amazon Video Games    13
       MovieLens100K-938abed0     LensKit.ItemKNNScorer-c3d66610-13      NDCG  5 0.233814 Amazon Video Games    13
Amazon2014VideoGames-32d2823b     LensKit.ItemKNNScorer-c3d66610-13      NDCG  5 0.014187 Amazon Video Games    13
       MovieLens100K-938abed0     LensKit.ItemKNNScorer-c3d66610-13      NDCG 10 0.207638 Amazon Video Games    13
Amazon2014VideoGames-32d2823b     LensKit.ItemKNNScorer-c3d66610-13      NDCG 10 0.012209 Amazon Video Games    13
       MovieLens100K-938abed0     LensKit.ItemKNNScorer-c3d66610-13 Precision  1 0.292683 Amazon Video Games    13
Amazon2014VideoGames-32d2823b     LensKit.ItemKNNScorer-c3d66610-13 Precision  1 0.018392 Amazon Video Games    13
       MovieLens100K-938abed0     LensKit.ItemKNNScorer-c3d66610-13 Precision  5 0.221209 Amazon Video Games    13
Amazon2014VideoGames-32d2823b     LensKit.ItemKNNScorer-c3d66610-13 Precision  5 0.013140 Amazon Video Games    13
       MovieLens100K-938abed0     LensKit.ItemKNNScorer-c3d66610-13 Precision 10 0.189926 Amazon Video Games    13
Amazon2014VideoGames-32d2823b     LensKit.ItemKNNScorer-c3d66610-13 Precision 10 0.010833 Amazon Video Games    13
       MovieLens100K-938abed0     LensKit.ItemKNNScorer-c3d66610-13      NDCG  1 0.292683 Amazon Video Games    29
Amazon2014VideoGames-32d2823b     LensKit.ItemKNNScorer-c3d66610-13      NDCG  1 0.018392 Amazon Video Games    29
       MovieLens100K-938abed0     LensKit.ItemKNNScorer-c3d66610-13      NDCG  5 0.233814 Amazon Video Games    29
Amazon2014VideoGames-32d2823b     LensKit.ItemKNNScorer-c3d66610-13      NDCG  5 0.014187 Amazon Video Games    29
       MovieLens100K-938abed0     LensKit.ItemKNNScorer-c3d66610-13      NDCG 10 0.207638 Amazon Video Games    29
Amazon2014VideoGames-32d2823b     LensKit.ItemKNNScorer-c3d66610-13      NDCG 10 0.012209 Amazon Video Games    29
       MovieLens100K-938abed0     LensKit.ItemKNNScorer-c3d66610-13 Precision  1 0.292683 Amazon Video Games    29
Amazon2014VideoGames-32d2823b     LensKit.ItemKNNScorer-c3d66610-13 Precision  1 0.018392 Amazon Video Games    29
       MovieLens100K-938abed0     LensKit.ItemKNNScorer-c3d66610-13 Precision  5 0.221209 Amazon Video Games    29
Amazon2014VideoGames-32d2823b     LensKit.ItemKNNScorer-c3d66610-13 Precision  5 0.013140 Amazon Video Games    29
       MovieLens100K-938abed0     LensKit.ItemKNNScorer-c3d66610-13 Precision 10 0.189926 Amazon Video Games    29
Amazon2014VideoGames-32d2823b     LensKit.ItemKNNScorer-c3d66610-13 Precision 10 0.010833 Amazon Video Games    29
       MovieLens100K-938abed0     LensKit.ItemKNNScorer-c3d66610-13      NDCG  1 0.292683 Amazon Video Games    42
Amazon2014VideoGames-32d2823b     LensKit.ItemKNNScorer-c3d66610-13      NDCG  1 0.018392 Amazon Video Games    42
       MovieLens100K-938abed0     LensKit.ItemKNNScorer-c3d66610-13      NDCG  5 0.233814 Amazon Video Games    42
Amazon2014VideoGames-32d2823b     LensKit.ItemKNNScorer-c3d66610-13      NDCG  5 0.014187 Amazon Video Games    42
       MovieLens100K-938abed0     LensKit.ItemKNNScorer-c3d66610-13      NDCG 10 0.207638 Amazon Video Games    42
Amazon2014VideoGames-32d2823b     LensKit.ItemKNNScorer-c3d66610-13      NDCG 10 0.012209 Amazon Video Games    42
       MovieLens100K-938abed0     LensKit.ItemKNNScorer-c3d66610-13 Precision  1 0.292683 Amazon Video Games    42
Amazon2014VideoGames-32d2823b     LensKit.ItemKNNScorer-c3d66610-13 Precision  1 0.018392 Amazon Video Games    42
       MovieLens100K-938abed0     LensKit.ItemKNNScorer-c3d66610-13 Precision  5 0.221209 Amazon Video Games    42
Amazon2014VideoGames-32d2823b     LensKit.ItemKNNScorer-c3d66610-13 Precision  5 0.013140 Amazon Video Games    42
       MovieLens100K-938abed0     LensKit.ItemKNNScorer-c3d66610-13 Precision 10 0.189926 Amazon Video Games    42
Amazon2014VideoGames-32d2823b     LensKit.ItemKNNScorer-c3d66610-13 Precision 10 0.010833 Amazon Video Games    42
       MovieLens100K-938abed0     LensKit.ItemKNNScorer-c3d66610-13      NDCG  1 0.292683 Amazon Video Games   101
Amazon2014VideoGames-32d2823b     LensKit.ItemKNNScorer-c3d66610-13      NDCG  1 0.018392 Amazon Video Games   101
       MovieLens100K-938abed0     LensKit.ItemKNNScorer-c3d66610-13      NDCG  5 0.233814 Amazon Video Games   101
Amazon2014VideoGames-32d2823b     LensKit.ItemKNNScorer-c3d66610-13      NDCG  5 0.014187 Amazon Video Games   101
       MovieLens100K-938abed0     LensKit.ItemKNNScorer-c3d66610-13      NDCG 10 0.207638 Amazon Video Games   101
Amazon2014VideoGames-32d2823b     LensKit.ItemKNNScorer-c3d66610-13      NDCG 10 0.012209 Amazon Video Games   101
       MovieLens100K-938abed0     LensKit.ItemKNNScorer-c3d66610-13 Precision  1 0.292683 Amazon Video Games   101
Amazon2014VideoGames-32d2823b     LensKit.ItemKNNScorer-c3d66610-13 Precision  1 0.018392 Amazon Video Games   101
       MovieLens100K-938abed0     LensKit.ItemKNNScorer-c3d66610-13 Precision  5 0.221209 Amazon Video Games   101
Amazon2014VideoGames-32d2823b     LensKit.ItemKNNScorer-c3d66610-13 Precision  5 0.013140 Amazon Video Games   101
       MovieLens100K-938abed0     LensKit.ItemKNNScorer-c3d66610-13 Precision 10 0.189926 Amazon Video Games   101
Amazon2014VideoGames-32d2823b     LensKit.ItemKNNScorer-c3d66610-13 Precision 10 0.010833 Amazon Video Games   101
       MovieLens100K-938abed0     LensKit.ItemKNNScorer-c3d66610-29      NDCG  1 0.256628 Amazon Video Games     7
       MovieLens100K-938abed0     LensKit.ItemKNNScorer-c3d66610-29      NDCG  5 0.234015 Amazon Video Games     7
       MovieLens100K-938abed0     LensKit.ItemKNNScorer-c3d66610-29      NDCG 10 0.206270 Amazon Video Games     7
       MovieLens100K-938abed0     LensKit.ItemKNNScorer-c3d66610-29 Precision  1 0.256628 Amazon Video Games     7
       MovieLens100K-938abed0     LensKit.ItemKNNScorer-c3d66610-29 Precision  5 0.225239 Amazon Video Games     7
       MovieLens100K-938abed0     LensKit.ItemKNNScorer-c3d66610-29 Precision 10 0.189926 Amazon Video Games     7
       MovieLens100K-938abed0     LensKit.ItemKNNScorer-c3d66610-29      NDCG  1 0.256628 Amazon Video Games    13
       MovieLens100K-938abed0     LensKit.ItemKNNScorer-c3d66610-29      NDCG  5 0.234015 Amazon Video Games    13
       MovieLens100K-938abed0     LensKit.ItemKNNScorer-c3d66610-29      NDCG 10 0.206270 Amazon Video Games    13
       MovieLens100K-938abed0     LensKit.ItemKNNScorer-c3d66610-29 Precision  1 0.256628 Amazon Video Games    13
       MovieLens100K-938abed0     LensKit.ItemKNNScorer-c3d66610-29 Precision  5 0.225239 Amazon Video Games    13
       MovieLens100K-938abed0     LensKit.ItemKNNScorer-c3d66610-29 Precision 10 0.189926 Amazon Video Games    13
       MovieLens100K-938abed0     LensKit.ItemKNNScorer-c3d66610-29      NDCG  1 0.256628 Amazon Video Games    29
Amazon2014VideoGames-32d2823b     LensKit.ItemKNNScorer-c3d66610-29      NDCG  1 0.017063 Amazon Video Games    29
       MovieLens100K-938abed0     LensKit.ItemKNNScorer-c3d66610-29      NDCG  5 0.234015 Amazon Video Games    29
Amazon2014VideoGames-32d2823b     LensKit.ItemKNNScorer-c3d66610-29      NDCG  5 0.013537 Amazon Video Games    29
       MovieLens100K-938abed0     LensKit.ItemKNNScorer-c3d66610-29      NDCG 10 0.206270 Amazon Video Games    29
Amazon2014VideoGames-32d2823b     LensKit.ItemKNNScorer-c3d66610-29      NDCG 10 0.011614 Amazon Video Games    29
       MovieLens100K-938abed0     LensKit.ItemKNNScorer-c3d66610-29 Precision  1 0.256628 Amazon Video Games    29
Amazon2014VideoGames-32d2823b     LensKit.ItemKNNScorer-c3d66610-29 Precision  1 0.017063 Amazon Video Games    29
       MovieLens100K-938abed0     LensKit.ItemKNNScorer-c3d66610-29 Precision  5 0.225239 Amazon Video Games    29
Amazon2014VideoGames-32d2823b     LensKit.ItemKNNScorer-c3d66610-29 Precision  5 0.012598 Amazon Video Games    29
       MovieLens100K-938abed0     LensKit.ItemKNNScorer-c3d66610-29 Precision 10 0.189926 Amazon Video Games    29
Amazon2014VideoGames-32d2823b     LensKit.ItemKNNScorer-c3d66610-29 Precision 10 0.010301 Amazon Video Games    29
       MovieLens100K-938abed0     LensKit.ItemKNNScorer-c3d66610-29      NDCG  1 0.256628 Amazon Video Games    42
Amazon2014VideoGames-32d2823b     LensKit.ItemKNNScorer-c3d66610-29      NDCG  1 0.017063 Amazon Video Games    42
       MovieLens100K-938abed0     LensKit.ItemKNNScorer-c3d66610-29      NDCG  5 0.234015 Amazon Video Games    42
Amazon2014VideoGames-32d2823b     LensKit.ItemKNNScorer-c3d66610-29      NDCG  5 0.013537 Amazon Video Games    42
       MovieLens100K-938abed0     LensKit.ItemKNNScorer-c3d66610-29      NDCG 10 0.206270 Amazon Video Games    42
Amazon2014VideoGames-32d2823b     LensKit.ItemKNNScorer-c3d66610-29      NDCG 10 0.011614 Amazon Video Games    42
       MovieLens100K-938abed0     LensKit.ItemKNNScorer-c3d66610-29 Precision  1 0.256628 Amazon Video Games    42
Amazon2014VideoGames-32d2823b     LensKit.ItemKNNScorer-c3d66610-29 Precision  1 0.017063 Amazon Video Games    42
       MovieLens100K-938abed0     LensKit.ItemKNNScorer-c3d66610-29 Precision  5 0.225239 Amazon Video Games    42
Amazon2014VideoGames-32d2823b     LensKit.ItemKNNScorer-c3d66610-29 Precision  5 0.012598 Amazon Video Games    42
       MovieLens100K-938abed0     LensKit.ItemKNNScorer-c3d66610-29 Precision 10 0.189926 Amazon Video Games    42
Amazon2014VideoGames-32d2823b     LensKit.ItemKNNScorer-c3d66610-29 Precision 10 0.010301 Amazon Video Games    42
       MovieLens100K-938abed0     LensKit.ItemKNNScorer-c3d66610-29      NDCG  1 0.256628 Amazon Video Games   101
Amazon2014VideoGames-32d2823b     LensKit.ItemKNNScorer-c3d66610-29      NDCG  1 0.017063 Amazon Video Games   101
       MovieLens100K-938abed0     LensKit.ItemKNNScorer-c3d66610-29      NDCG  5 0.234015 Amazon Video Games   101
Amazon2014VideoGames-32d2823b     LensKit.ItemKNNScorer-c3d66610-29      NDCG  5 0.013537 Amazon Video Games   101
       MovieLens100K-938abed0     LensKit.ItemKNNScorer-c3d66610-29      NDCG 10 0.206270 Amazon Video Games   101
Amazon2014VideoGames-32d2823b     LensKit.ItemKNNScorer-c3d66610-29      NDCG 10 0.011614 Amazon Video Games   101
       MovieLens100K-938abed0     LensKit.ItemKNNScorer-c3d66610-29 Precision  1 0.256628 Amazon Video Games   101
Amazon2014VideoGames-32d2823b     LensKit.ItemKNNScorer-c3d66610-29 Precision  1 0.017063 Amazon Video Games   101
       MovieLens100K-938abed0     LensKit.ItemKNNScorer-c3d66610-29 Precision  5 0.225239 Amazon Video Games   101
Amazon2014VideoGames-32d2823b     LensKit.ItemKNNScorer-c3d66610-29 Precision  5 0.012598 Amazon Video Games   101
       MovieLens100K-938abed0     LensKit.ItemKNNScorer-c3d66610-29 Precision 10 0.189926 Amazon Video Games   101
Amazon2014VideoGames-32d2823b     LensKit.ItemKNNScorer-c3d66610-29 Precision 10 0.010301 Amazon Video Games   101
       MovieLens100K-938abed0     LensKit.ItemKNNScorer-c3d66610-42      NDCG  1 0.281018 Amazon Video Games     7
       MovieLens100K-938abed0     LensKit.ItemKNNScorer-c3d66610-42      NDCG  5 0.237551 Amazon Video Games     7
       MovieLens100K-938abed0     LensKit.ItemKNNScorer-c3d66610-42      NDCG 10 0.208556 Amazon Video Games     7
       MovieLens100K-938abed0     LensKit.ItemKNNScorer-c3d66610-42 Precision  1 0.281018 Amazon Video Games     7
       MovieLens100K-938abed0     LensKit.ItemKNNScorer-c3d66610-42 Precision  5 0.224814 Amazon Video Games     7
       MovieLens100K-938abed0     LensKit.ItemKNNScorer-c3d66610-42 Precision 10 0.189502 Amazon Video Games     7
       MovieLens100K-938abed0     LensKit.ItemKNNScorer-c3d66610-42      NDCG  1 0.281018 Amazon Video Games    13
       MovieLens100K-938abed0     LensKit.ItemKNNScorer-c3d66610-42      NDCG  5 0.237551 Amazon Video Games    13
       MovieLens100K-938abed0     LensKit.ItemKNNScorer-c3d66610-42      NDCG 10 0.208556 Amazon Video Games    13
       MovieLens100K-938abed0     LensKit.ItemKNNScorer-c3d66610-42 Precision  1 0.281018 Amazon Video Games    13
       MovieLens100K-938abed0     LensKit.ItemKNNScorer-c3d66610-42 Precision  5 0.224814 Amazon Video Games    13
       MovieLens100K-938abed0     LensKit.ItemKNNScorer-c3d66610-42 Precision 10 0.189502 Amazon Video Games    13
       MovieLens100K-938abed0     LensKit.ItemKNNScorer-c3d66610-42      NDCG  1 0.281018 Amazon Video Games    29
       MovieLens100K-938abed0     LensKit.ItemKNNScorer-c3d66610-42      NDCG  5 0.237551 Amazon Video Games    29
       MovieLens100K-938abed0     LensKit.ItemKNNScorer-c3d66610-42      NDCG 10 0.208556 Amazon Video Games    29
       MovieLens100K-938abed0     LensKit.ItemKNNScorer-c3d66610-42 Precision  1 0.281018 Amazon Video Games    29
       MovieLens100K-938abed0     LensKit.ItemKNNScorer-c3d66610-42 Precision  5 0.224814 Amazon Video Games    29
       MovieLens100K-938abed0     LensKit.ItemKNNScorer-c3d66610-42 Precision 10 0.189502 Amazon Video Games    29
       MovieLens100K-938abed0     LensKit.ItemKNNScorer-c3d66610-42      NDCG  1 0.281018 Amazon Video Games    42
Amazon2014VideoGames-32d2823b     LensKit.ItemKNNScorer-c3d66610-42      NDCG  1 0.017701 Amazon Video Games    42
       MovieLens100K-938abed0     LensKit.ItemKNNScorer-c3d66610-42      NDCG  5 0.237551 Amazon Video Games    42
Amazon2014VideoGames-32d2823b     LensKit.ItemKNNScorer-c3d66610-42      NDCG  5 0.013760 Amazon Video Games    42
       MovieLens100K-938abed0     LensKit.ItemKNNScorer-c3d66610-42      NDCG 10 0.208556 Amazon Video Games    42
Amazon2014VideoGames-32d2823b     LensKit.ItemKNNScorer-c3d66610-42      NDCG 10 0.011745 Amazon Video Games    42
       MovieLens100K-938abed0     LensKit.ItemKNNScorer-c3d66610-42 Precision  1 0.281018 Amazon Video Games    42
Amazon2014VideoGames-32d2823b     LensKit.ItemKNNScorer-c3d66610-42 Precision  1 0.017701 Amazon Video Games    42
       MovieLens100K-938abed0     LensKit.ItemKNNScorer-c3d66610-42 Precision  5 0.224814 Amazon Video Games    42
Amazon2014VideoGames-32d2823b     LensKit.ItemKNNScorer-c3d66610-42 Precision  5 0.012683 Amazon Video Games    42
       MovieLens100K-938abed0     LensKit.ItemKNNScorer-c3d66610-42 Precision 10 0.189502 Amazon Video Games    42
Amazon2014VideoGames-32d2823b     LensKit.ItemKNNScorer-c3d66610-42 Precision 10 0.010339 Amazon Video Games    42
       MovieLens100K-938abed0     LensKit.ItemKNNScorer-c3d66610-42      NDCG  1 0.281018 Amazon Video Games   101
Amazon2014VideoGames-32d2823b     LensKit.ItemKNNScorer-c3d66610-42      NDCG  1 0.017701 Amazon Video Games   101
       MovieLens100K-938abed0     LensKit.ItemKNNScorer-c3d66610-42      NDCG  5 0.237551 Amazon Video Games   101
Amazon2014VideoGames-32d2823b     LensKit.ItemKNNScorer-c3d66610-42      NDCG  5 0.013760 Amazon Video Games   101
       MovieLens100K-938abed0     LensKit.ItemKNNScorer-c3d66610-42      NDCG 10 0.208556 Amazon Video Games   101
Amazon2014VideoGames-32d2823b     LensKit.ItemKNNScorer-c3d66610-42      NDCG 10 0.011745 Amazon Video Games   101
       MovieLens100K-938abed0     LensKit.ItemKNNScorer-c3d66610-42 Precision  1 0.281018 Amazon Video Games   101
Amazon2014VideoGames-32d2823b     LensKit.ItemKNNScorer-c3d66610-42 Precision  1 0.017701 Amazon Video Games   101
       MovieLens100K-938abed0     LensKit.ItemKNNScorer-c3d66610-42 Precision  5 0.224814 Amazon Video Games   101
Amazon2014VideoGames-32d2823b     LensKit.ItemKNNScorer-c3d66610-42 Precision  5 0.012683 Amazon Video Games   101
       MovieLens100K-938abed0     LensKit.ItemKNNScorer-c3d66610-42 Precision 10 0.189502 Amazon Video Games   101
Amazon2014VideoGames-32d2823b     LensKit.ItemKNNScorer-c3d66610-42 Precision 10 0.010339 Amazon Video Games   101
       MovieLens100K-938abed0      LensKit.ItemKNNScorer-c3d66610-7      NDCG  1 0.287381 Amazon Video Games     7
Amazon2014VideoGames-32d2823b      LensKit.ItemKNNScorer-c3d66610-7      NDCG  1 0.017116 Amazon Video Games     7
       MovieLens100K-938abed0      LensKit.ItemKNNScorer-c3d66610-7      NDCG  5 0.242931 Amazon Video Games     7
Amazon2014VideoGames-32d2823b      LensKit.ItemKNNScorer-c3d66610-7      NDCG  5 0.012694 Amazon Video Games     7
       MovieLens100K-938abed0      LensKit.ItemKNNScorer-c3d66610-7      NDCG 10 0.213917 Amazon Video Games     7
Amazon2014VideoGames-32d2823b      LensKit.ItemKNNScorer-c3d66610-7      NDCG 10 0.011142 Amazon Video Games     7
       MovieLens100K-938abed0      LensKit.ItemKNNScorer-c3d66610-7 Precision  1 0.287381 Amazon Video Games     7
Amazon2014VideoGames-32d2823b      LensKit.ItemKNNScorer-c3d66610-7 Precision  1 0.017116 Amazon Video Games     7
       MovieLens100K-938abed0      LensKit.ItemKNNScorer-c3d66610-7 Precision  5 0.231177 Amazon Video Games     7
Amazon2014VideoGames-32d2823b      LensKit.ItemKNNScorer-c3d66610-7 Precision  5 0.011630 Amazon Video Games     7
       MovieLens100K-938abed0      LensKit.ItemKNNScorer-c3d66610-7 Precision 10 0.195334 Amazon Video Games     7
Amazon2014VideoGames-32d2823b      LensKit.ItemKNNScorer-c3d66610-7 Precision 10 0.009913 Amazon Video Games     7
       MovieLens100K-938abed0      LensKit.ItemKNNScorer-c3d66610-7      NDCG  1 0.287381 Amazon Video Games    13
Amazon2014VideoGames-32d2823b      LensKit.ItemKNNScorer-c3d66610-7      NDCG  1 0.017116 Amazon Video Games    13
       MovieLens100K-938abed0      LensKit.ItemKNNScorer-c3d66610-7      NDCG  5 0.242931 Amazon Video Games    13
Amazon2014VideoGames-32d2823b      LensKit.ItemKNNScorer-c3d66610-7      NDCG  5 0.012694 Amazon Video Games    13
       MovieLens100K-938abed0      LensKit.ItemKNNScorer-c3d66610-7      NDCG 10 0.213917 Amazon Video Games    13
Amazon2014VideoGames-32d2823b      LensKit.ItemKNNScorer-c3d66610-7      NDCG 10 0.011142 Amazon Video Games    13
       MovieLens100K-938abed0      LensKit.ItemKNNScorer-c3d66610-7 Precision  1 0.287381 Amazon Video Games    13
Amazon2014VideoGames-32d2823b      LensKit.ItemKNNScorer-c3d66610-7 Precision  1 0.017116 Amazon Video Games    13
       MovieLens100K-938abed0      LensKit.ItemKNNScorer-c3d66610-7 Precision  5 0.231177 Amazon Video Games    13
Amazon2014VideoGames-32d2823b      LensKit.ItemKNNScorer-c3d66610-7 Precision  5 0.011630 Amazon Video Games    13
       MovieLens100K-938abed0      LensKit.ItemKNNScorer-c3d66610-7 Precision 10 0.195334 Amazon Video Games    13
Amazon2014VideoGames-32d2823b      LensKit.ItemKNNScorer-c3d66610-7 Precision 10 0.009913 Amazon Video Games    13
       MovieLens100K-938abed0      LensKit.ItemKNNScorer-c3d66610-7      NDCG  1 0.287381 Amazon Video Games    29
Amazon2014VideoGames-32d2823b      LensKit.ItemKNNScorer-c3d66610-7      NDCG  1 0.017116 Amazon Video Games    29
       MovieLens100K-938abed0      LensKit.ItemKNNScorer-c3d66610-7      NDCG  5 0.242931 Amazon Video Games    29
Amazon2014VideoGames-32d2823b      LensKit.ItemKNNScorer-c3d66610-7      NDCG  5 0.012694 Amazon Video Games    29
       MovieLens100K-938abed0      LensKit.ItemKNNScorer-c3d66610-7      NDCG 10 0.213917 Amazon Video Games    29
Amazon2014VideoGames-32d2823b      LensKit.ItemKNNScorer-c3d66610-7      NDCG 10 0.011142 Amazon Video Games    29
       MovieLens100K-938abed0      LensKit.ItemKNNScorer-c3d66610-7 Precision  1 0.287381 Amazon Video Games    29
Amazon2014VideoGames-32d2823b      LensKit.ItemKNNScorer-c3d66610-7 Precision  1 0.017116 Amazon Video Games    29
       MovieLens100K-938abed0      LensKit.ItemKNNScorer-c3d66610-7 Precision  5 0.231177 Amazon Video Games    29
Amazon2014VideoGames-32d2823b      LensKit.ItemKNNScorer-c3d66610-7 Precision  5 0.011630 Amazon Video Games    29
       MovieLens100K-938abed0      LensKit.ItemKNNScorer-c3d66610-7 Precision 10 0.195334 Amazon Video Games    29
Amazon2014VideoGames-32d2823b      LensKit.ItemKNNScorer-c3d66610-7 Precision 10 0.009913 Amazon Video Games    29
       MovieLens100K-938abed0      LensKit.ItemKNNScorer-c3d66610-7      NDCG  1 0.287381 Amazon Video Games    42
Amazon2014VideoGames-32d2823b      LensKit.ItemKNNScorer-c3d66610-7      NDCG  1 0.017116 Amazon Video Games    42
       MovieLens100K-938abed0      LensKit.ItemKNNScorer-c3d66610-7      NDCG  5 0.242931 Amazon Video Games    42
Amazon2014VideoGames-32d2823b      LensKit.ItemKNNScorer-c3d66610-7      NDCG  5 0.012694 Amazon Video Games    42
       MovieLens100K-938abed0      LensKit.ItemKNNScorer-c3d66610-7      NDCG 10 0.213917 Amazon Video Games    42
Amazon2014VideoGames-32d2823b      LensKit.ItemKNNScorer-c3d66610-7      NDCG 10 0.011142 Amazon Video Games    42
       MovieLens100K-938abed0      LensKit.ItemKNNScorer-c3d66610-7 Precision  1 0.287381 Amazon Video Games    42
Amazon2014VideoGames-32d2823b      LensKit.ItemKNNScorer-c3d66610-7 Precision  1 0.017116 Amazon Video Games    42
       MovieLens100K-938abed0      LensKit.ItemKNNScorer-c3d66610-7 Precision  5 0.231177 Amazon Video Games    42
Amazon2014VideoGames-32d2823b      LensKit.ItemKNNScorer-c3d66610-7 Precision  5 0.011630 Amazon Video Games    42
       MovieLens100K-938abed0      LensKit.ItemKNNScorer-c3d66610-7 Precision 10 0.195334 Amazon Video Games    42
Amazon2014VideoGames-32d2823b      LensKit.ItemKNNScorer-c3d66610-7 Precision 10 0.009913 Amazon Video Games    42
       MovieLens100K-938abed0      LensKit.ItemKNNScorer-c3d66610-7      NDCG  1 0.287381 Amazon Video Games   101
Amazon2014VideoGames-32d2823b      LensKit.ItemKNNScorer-c3d66610-7      NDCG  1 0.017116 Amazon Video Games   101
       MovieLens100K-938abed0      LensKit.ItemKNNScorer-c3d66610-7      NDCG  5 0.242931 Amazon Video Games   101
Amazon2014VideoGames-32d2823b      LensKit.ItemKNNScorer-c3d66610-7      NDCG  5 0.012694 Amazon Video Games   101
       MovieLens100K-938abed0      LensKit.ItemKNNScorer-c3d66610-7      NDCG 10 0.213917 Amazon Video Games   101
Amazon2014VideoGames-32d2823b      LensKit.ItemKNNScorer-c3d66610-7      NDCG 10 0.011142 Amazon Video Games   101
       MovieLens100K-938abed0      LensKit.ItemKNNScorer-c3d66610-7 Precision  1 0.287381 Amazon Video Games   101
Amazon2014VideoGames-32d2823b      LensKit.ItemKNNScorer-c3d66610-7 Precision  1 0.017116 Amazon Video Games   101
       MovieLens100K-938abed0      LensKit.ItemKNNScorer-c3d66610-7 Precision  5 0.231177 Amazon Video Games   101
Amazon2014VideoGames-32d2823b      LensKit.ItemKNNScorer-c3d66610-7 Precision  5 0.011630 Amazon Video Games   101
       MovieLens100K-938abed0      LensKit.ItemKNNScorer-c3d66610-7 Precision 10 0.195334 Amazon Video Games   101
Amazon2014VideoGames-32d2823b      LensKit.ItemKNNScorer-c3d66610-7 Precision 10 0.009913 Amazon Video Games   101
       MovieLens100K-938abed0        LensKit.PopScorer-f4aa5539-101      NDCG  1 0.194062 Amazon Video Games     7
       MovieLens100K-938abed0        LensKit.PopScorer-f4aa5539-101      NDCG  5 0.158462 Amazon Video Games     7
       MovieLens100K-938abed0        LensKit.PopScorer-f4aa5539-101      NDCG 10 0.142090 Amazon Video Games     7
       MovieLens100K-938abed0        LensKit.PopScorer-f4aa5539-101 Precision  1 0.194062 Amazon Video Games     7
       MovieLens100K-938abed0        LensKit.PopScorer-f4aa5539-101 Precision  5 0.148250 Amazon Video Games     7
       MovieLens100K-938abed0        LensKit.PopScorer-f4aa5539-101 Precision 10 0.130329 Amazon Video Games     7
       MovieLens100K-938abed0        LensKit.PopScorer-f4aa5539-101      NDCG  1 0.194062 Amazon Video Games    13
       MovieLens100K-938abed0        LensKit.PopScorer-f4aa5539-101      NDCG  5 0.158462 Amazon Video Games    13
       MovieLens100K-938abed0        LensKit.PopScorer-f4aa5539-101      NDCG 10 0.142090 Amazon Video Games    13
       MovieLens100K-938abed0        LensKit.PopScorer-f4aa5539-101 Precision  1 0.194062 Amazon Video Games    13
       MovieLens100K-938abed0        LensKit.PopScorer-f4aa5539-101 Precision  5 0.148250 Amazon Video Games    13
       MovieLens100K-938abed0        LensKit.PopScorer-f4aa5539-101 Precision 10 0.130329 Amazon Video Games    13
       MovieLens100K-938abed0        LensKit.PopScorer-f4aa5539-101      NDCG  1 0.194062 Amazon Video Games    29
       MovieLens100K-938abed0        LensKit.PopScorer-f4aa5539-101      NDCG  5 0.158462 Amazon Video Games    29
       MovieLens100K-938abed0        LensKit.PopScorer-f4aa5539-101      NDCG 10 0.142090 Amazon Video Games    29
       MovieLens100K-938abed0        LensKit.PopScorer-f4aa5539-101 Precision  1 0.194062 Amazon Video Games    29
       MovieLens100K-938abed0        LensKit.PopScorer-f4aa5539-101 Precision  5 0.148250 Amazon Video Games    29
       MovieLens100K-938abed0        LensKit.PopScorer-f4aa5539-101 Precision 10 0.130329 Amazon Video Games    29
       MovieLens100K-938abed0        LensKit.PopScorer-f4aa5539-101      NDCG  1 0.194062 Amazon Video Games    42
       MovieLens100K-938abed0        LensKit.PopScorer-f4aa5539-101      NDCG  5 0.158462 Amazon Video Games    42
       MovieLens100K-938abed0        LensKit.PopScorer-f4aa5539-101      NDCG 10 0.142090 Amazon Video Games    42
       MovieLens100K-938abed0        LensKit.PopScorer-f4aa5539-101 Precision  1 0.194062 Amazon Video Games    42
       MovieLens100K-938abed0        LensKit.PopScorer-f4aa5539-101 Precision  5 0.148250 Amazon Video Games    42
       MovieLens100K-938abed0        LensKit.PopScorer-f4aa5539-101 Precision 10 0.130329 Amazon Video Games    42
       MovieLens100K-938abed0        LensKit.PopScorer-f4aa5539-101      NDCG  1 0.194062 Amazon Video Games   101
       MovieLens100K-938abed0        LensKit.PopScorer-f4aa5539-101      NDCG  5 0.158462 Amazon Video Games   101
       MovieLens100K-938abed0        LensKit.PopScorer-f4aa5539-101      NDCG 10 0.142090 Amazon Video Games   101
       MovieLens100K-938abed0        LensKit.PopScorer-f4aa5539-101 Precision  1 0.194062 Amazon Video Games   101
       MovieLens100K-938abed0        LensKit.PopScorer-f4aa5539-101 Precision  5 0.148250 Amazon Video Games   101
       MovieLens100K-938abed0        LensKit.PopScorer-f4aa5539-101 Precision 10 0.130329 Amazon Video Games   101
       MovieLens100K-938abed0         LensKit.PopScorer-f4aa5539-13      NDCG  1 0.184517 Amazon Video Games     7
       MovieLens100K-938abed0         LensKit.PopScorer-f4aa5539-13      NDCG  5 0.150137 Amazon Video Games     7
       MovieLens100K-938abed0         LensKit.PopScorer-f4aa5539-13      NDCG 10 0.139494 Amazon Video Games     7
       MovieLens100K-938abed0         LensKit.PopScorer-f4aa5539-13 Precision  1 0.184517 Amazon Video Games     7
       MovieLens100K-938abed0         LensKit.PopScorer-f4aa5539-13 Precision  5 0.139343 Amazon Video Games     7
       MovieLens100K-938abed0         LensKit.PopScorer-f4aa5539-13 Precision 10 0.129374 Amazon Video Games     7
       MovieLens100K-938abed0         LensKit.PopScorer-f4aa5539-13      NDCG  1 0.184517 Amazon Video Games    13
       MovieLens100K-938abed0         LensKit.PopScorer-f4aa5539-13      NDCG  5 0.150137 Amazon Video Games    13
       MovieLens100K-938abed0         LensKit.PopScorer-f4aa5539-13      NDCG 10 0.139494 Amazon Video Games    13
       MovieLens100K-938abed0         LensKit.PopScorer-f4aa5539-13 Precision  1 0.184517 Amazon Video Games    13
       MovieLens100K-938abed0         LensKit.PopScorer-f4aa5539-13 Precision  5 0.139343 Amazon Video Games    13
       MovieLens100K-938abed0         LensKit.PopScorer-f4aa5539-13 Precision 10 0.129374 Amazon Video Games    13
       MovieLens100K-938abed0         LensKit.PopScorer-f4aa5539-13      NDCG  1 0.184517 Amazon Video Games    29
       MovieLens100K-938abed0         LensKit.PopScorer-f4aa5539-13      NDCG  5 0.150137 Amazon Video Games    29
       MovieLens100K-938abed0         LensKit.PopScorer-f4aa5539-13      NDCG 10 0.139494 Amazon Video Games    29
       MovieLens100K-938abed0         LensKit.PopScorer-f4aa5539-13 Precision  1 0.184517 Amazon Video Games    29
       MovieLens100K-938abed0         LensKit.PopScorer-f4aa5539-13 Precision  5 0.139343 Amazon Video Games    29
       MovieLens100K-938abed0         LensKit.PopScorer-f4aa5539-13 Precision 10 0.129374 Amazon Video Games    29
       MovieLens100K-938abed0         LensKit.PopScorer-f4aa5539-13      NDCG  1 0.184517 Amazon Video Games    42
       MovieLens100K-938abed0         LensKit.PopScorer-f4aa5539-13      NDCG  5 0.150137 Amazon Video Games    42
       MovieLens100K-938abed0         LensKit.PopScorer-f4aa5539-13      NDCG 10 0.139494 Amazon Video Games    42
       MovieLens100K-938abed0         LensKit.PopScorer-f4aa5539-13 Precision  1 0.184517 Amazon Video Games    42
       MovieLens100K-938abed0         LensKit.PopScorer-f4aa5539-13 Precision  5 0.139343 Amazon Video Games    42
       MovieLens100K-938abed0         LensKit.PopScorer-f4aa5539-13 Precision 10 0.129374 Amazon Video Games    42
       MovieLens100K-938abed0         LensKit.PopScorer-f4aa5539-13      NDCG  1 0.184517 Amazon Video Games   101
       MovieLens100K-938abed0         LensKit.PopScorer-f4aa5539-13      NDCG  5 0.150137 Amazon Video Games   101
       MovieLens100K-938abed0         LensKit.PopScorer-f4aa5539-13      NDCG 10 0.139494 Amazon Video Games   101
       MovieLens100K-938abed0         LensKit.PopScorer-f4aa5539-13 Precision  1 0.184517 Amazon Video Games   101
       MovieLens100K-938abed0         LensKit.PopScorer-f4aa5539-13 Precision  5 0.139343 Amazon Video Games   101
       MovieLens100K-938abed0         LensKit.PopScorer-f4aa5539-13 Precision 10 0.129374 Amazon Video Games   101
       MovieLens100K-938abed0         LensKit.PopScorer-f4aa5539-29      NDCG  1 0.222694 Amazon Video Games     7
       MovieLens100K-938abed0         LensKit.PopScorer-f4aa5539-29      NDCG  5 0.165421 Amazon Video Games     7
       MovieLens100K-938abed0         LensKit.PopScorer-f4aa5539-29      NDCG 10 0.153320 Amazon Video Games     7
       MovieLens100K-938abed0         LensKit.PopScorer-f4aa5539-29 Precision  1 0.222694 Amazon Video Games     7
       MovieLens100K-938abed0         LensKit.PopScorer-f4aa5539-29 Precision  5 0.152492 Amazon Video Games     7
       MovieLens100K-938abed0         LensKit.PopScorer-f4aa5539-29 Precision 10 0.141676 Amazon Video Games     7
       MovieLens100K-938abed0         LensKit.PopScorer-f4aa5539-29      NDCG  1 0.222694 Amazon Video Games    13
       MovieLens100K-938abed0         LensKit.PopScorer-f4aa5539-29      NDCG  5 0.165421 Amazon Video Games    13
       MovieLens100K-938abed0         LensKit.PopScorer-f4aa5539-29      NDCG 10 0.153320 Amazon Video Games    13
       MovieLens100K-938abed0         LensKit.PopScorer-f4aa5539-29 Precision  1 0.222694 Amazon Video Games    13
       MovieLens100K-938abed0         LensKit.PopScorer-f4aa5539-29 Precision  5 0.152492 Amazon Video Games    13
       MovieLens100K-938abed0         LensKit.PopScorer-f4aa5539-29 Precision 10 0.141676 Amazon Video Games    13
       MovieLens100K-938abed0         LensKit.PopScorer-f4aa5539-29      NDCG  1 0.222694 Amazon Video Games    29
       MovieLens100K-938abed0         LensKit.PopScorer-f4aa5539-29      NDCG  5 0.165421 Amazon Video Games    29
       MovieLens100K-938abed0         LensKit.PopScorer-f4aa5539-29      NDCG 10 0.153320 Amazon Video Games    29
       MovieLens100K-938abed0         LensKit.PopScorer-f4aa5539-29 Precision  1 0.222694 Amazon Video Games    29
       MovieLens100K-938abed0         LensKit.PopScorer-f4aa5539-29 Precision  5 0.152492 Amazon Video Games    29
       MovieLens100K-938abed0         LensKit.PopScorer-f4aa5539-29 Precision 10 0.141676 Amazon Video Games    29
       MovieLens100K-938abed0         LensKit.PopScorer-f4aa5539-29      NDCG  1 0.222694 Amazon Video Games    42
       MovieLens100K-938abed0         LensKit.PopScorer-f4aa5539-29      NDCG  5 0.165421 Amazon Video Games    42
       MovieLens100K-938abed0         LensKit.PopScorer-f4aa5539-29      NDCG 10 0.153320 Amazon Video Games    42
       MovieLens100K-938abed0         LensKit.PopScorer-f4aa5539-29 Precision  1 0.222694 Amazon Video Games    42
       MovieLens100K-938abed0         LensKit.PopScorer-f4aa5539-29 Precision  5 0.152492 Amazon Video Games    42
       MovieLens100K-938abed0         LensKit.PopScorer-f4aa5539-29 Precision 10 0.141676 Amazon Video Games    42
       MovieLens100K-938abed0         LensKit.PopScorer-f4aa5539-29      NDCG  1 0.222694 Amazon Video Games   101
       MovieLens100K-938abed0         LensKit.PopScorer-f4aa5539-29      NDCG  5 0.165421 Amazon Video Games   101
       MovieLens100K-938abed0         LensKit.PopScorer-f4aa5539-29      NDCG 10 0.153320 Amazon Video Games   101
       MovieLens100K-938abed0         LensKit.PopScorer-f4aa5539-29 Precision  1 0.222694 Amazon Video Games   101
       MovieLens100K-938abed0         LensKit.PopScorer-f4aa5539-29 Precision  5 0.152492 Amazon Video Games   101
       MovieLens100K-938abed0         LensKit.PopScorer-f4aa5539-29 Precision 10 0.141676 Amazon Video Games   101
       MovieLens100K-938abed0         LensKit.PopScorer-f4aa5539-42      NDCG  1 0.222694 Amazon Video Games     7
       MovieLens100K-938abed0         LensKit.PopScorer-f4aa5539-42      NDCG  5 0.164529 Amazon Video Games     7
       MovieLens100K-938abed0         LensKit.PopScorer-f4aa5539-42      NDCG 10 0.144470 Amazon Video Games     7
       MovieLens100K-938abed0         LensKit.PopScorer-f4aa5539-42 Precision  1 0.222694 Amazon Video Games     7
       MovieLens100K-938abed0         LensKit.PopScorer-f4aa5539-42 Precision  5 0.151007 Amazon Video Games     7
       MovieLens100K-938abed0         LensKit.PopScorer-f4aa5539-42 Precision 10 0.128844 Amazon Video Games     7
       MovieLens100K-938abed0         LensKit.PopScorer-f4aa5539-42      NDCG  1 0.222694 Amazon Video Games    13
       MovieLens100K-938abed0         LensKit.PopScorer-f4aa5539-42      NDCG  5 0.164529 Amazon Video Games    13
       MovieLens100K-938abed0         LensKit.PopScorer-f4aa5539-42      NDCG 10 0.144470 Amazon Video Games    13
       MovieLens100K-938abed0         LensKit.PopScorer-f4aa5539-42 Precision  1 0.222694 Amazon Video Games    13
       MovieLens100K-938abed0         LensKit.PopScorer-f4aa5539-42 Precision  5 0.151007 Amazon Video Games    13
       MovieLens100K-938abed0         LensKit.PopScorer-f4aa5539-42 Precision 10 0.128844 Amazon Video Games    13
       MovieLens100K-938abed0         LensKit.PopScorer-f4aa5539-42      NDCG  1 0.222694 Amazon Video Games    29
       MovieLens100K-938abed0         LensKit.PopScorer-f4aa5539-42      NDCG  5 0.164529 Amazon Video Games    29
       MovieLens100K-938abed0         LensKit.PopScorer-f4aa5539-42      NDCG 10 0.144470 Amazon Video Games    29
       MovieLens100K-938abed0         LensKit.PopScorer-f4aa5539-42 Precision  1 0.222694 Amazon Video Games    29
       MovieLens100K-938abed0         LensKit.PopScorer-f4aa5539-42 Precision  5 0.151007 Amazon Video Games    29
       MovieLens100K-938abed0         LensKit.PopScorer-f4aa5539-42 Precision 10 0.128844 Amazon Video Games    29
       MovieLens100K-938abed0         LensKit.PopScorer-f4aa5539-42      NDCG  1 0.222694 Amazon Video Games    42
       MovieLens100K-938abed0         LensKit.PopScorer-f4aa5539-42      NDCG  5 0.164529 Amazon Video Games    42
       MovieLens100K-938abed0         LensKit.PopScorer-f4aa5539-42      NDCG 10 0.144470 Amazon Video Games    42
       MovieLens100K-938abed0         LensKit.PopScorer-f4aa5539-42 Precision  1 0.222694 Amazon Video Games    42
       MovieLens100K-938abed0         LensKit.PopScorer-f4aa5539-42 Precision  5 0.151007 Amazon Video Games    42
       MovieLens100K-938abed0         LensKit.PopScorer-f4aa5539-42 Precision 10 0.128844 Amazon Video Games    42
       MovieLens100K-938abed0         LensKit.PopScorer-f4aa5539-42      NDCG  1 0.222694 Amazon Video Games   101
       MovieLens100K-938abed0         LensKit.PopScorer-f4aa5539-42      NDCG  5 0.164529 Amazon Video Games   101
       MovieLens100K-938abed0         LensKit.PopScorer-f4aa5539-42      NDCG 10 0.144470 Amazon Video Games   101
       MovieLens100K-938abed0         LensKit.PopScorer-f4aa5539-42 Precision  1 0.222694 Amazon Video Games   101
       MovieLens100K-938abed0         LensKit.PopScorer-f4aa5539-42 Precision  5 0.151007 Amazon Video Games   101
       MovieLens100K-938abed0         LensKit.PopScorer-f4aa5539-42 Precision 10 0.128844 Amazon Video Games   101
       MovieLens100K-938abed0          LensKit.PopScorer-f4aa5539-7      NDCG  1 0.218452 Amazon Video Games     7
       MovieLens100K-938abed0          LensKit.PopScorer-f4aa5539-7      NDCG  5 0.159858 Amazon Video Games     7
       MovieLens100K-938abed0          LensKit.PopScorer-f4aa5539-7      NDCG 10 0.146344 Amazon Video Games     7
       MovieLens100K-938abed0          LensKit.PopScorer-f4aa5539-7 Precision  1 0.218452 Amazon Video Games     7
       MovieLens100K-938abed0          LensKit.PopScorer-f4aa5539-7 Precision  5 0.147402 Amazon Video Games     7
       MovieLens100K-938abed0          LensKit.PopScorer-f4aa5539-7 Precision 10 0.134677 Amazon Video Games     7
       MovieLens100K-938abed0          LensKit.PopScorer-f4aa5539-7      NDCG  1 0.218452 Amazon Video Games    13
       MovieLens100K-938abed0          LensKit.PopScorer-f4aa5539-7      NDCG  5 0.159858 Amazon Video Games    13
       MovieLens100K-938abed0          LensKit.PopScorer-f4aa5539-7      NDCG 10 0.146344 Amazon Video Games    13
       MovieLens100K-938abed0          LensKit.PopScorer-f4aa5539-7 Precision  1 0.218452 Amazon Video Games    13
       MovieLens100K-938abed0          LensKit.PopScorer-f4aa5539-7 Precision  5 0.147402 Amazon Video Games    13
       MovieLens100K-938abed0          LensKit.PopScorer-f4aa5539-7 Precision 10 0.134677 Amazon Video Games    13
       MovieLens100K-938abed0          LensKit.PopScorer-f4aa5539-7      NDCG  1 0.218452 Amazon Video Games    29
       MovieLens100K-938abed0          LensKit.PopScorer-f4aa5539-7      NDCG  5 0.159858 Amazon Video Games    29
       MovieLens100K-938abed0          LensKit.PopScorer-f4aa5539-7      NDCG 10 0.146344 Amazon Video Games    29
       MovieLens100K-938abed0          LensKit.PopScorer-f4aa5539-7 Precision  1 0.218452 Amazon Video Games    29
       MovieLens100K-938abed0          LensKit.PopScorer-f4aa5539-7 Precision  5 0.147402 Amazon Video Games    29
       MovieLens100K-938abed0          LensKit.PopScorer-f4aa5539-7 Precision 10 0.134677 Amazon Video Games    29
       MovieLens100K-938abed0          LensKit.PopScorer-f4aa5539-7      NDCG  1 0.218452 Amazon Video Games    42
       MovieLens100K-938abed0          LensKit.PopScorer-f4aa5539-7      NDCG  5 0.159858 Amazon Video Games    42
       MovieLens100K-938abed0          LensKit.PopScorer-f4aa5539-7      NDCG 10 0.146344 Amazon Video Games    42
       MovieLens100K-938abed0          LensKit.PopScorer-f4aa5539-7 Precision  1 0.218452 Amazon Video Games    42
       MovieLens100K-938abed0          LensKit.PopScorer-f4aa5539-7 Precision  5 0.147402 Amazon Video Games    42
       MovieLens100K-938abed0          LensKit.PopScorer-f4aa5539-7 Precision 10 0.134677 Amazon Video Games    42
       MovieLens100K-938abed0          LensKit.PopScorer-f4aa5539-7      NDCG  1 0.218452 Amazon Video Games   101
       MovieLens100K-938abed0          LensKit.PopScorer-f4aa5539-7      NDCG  5 0.159858 Amazon Video Games   101
       MovieLens100K-938abed0          LensKit.PopScorer-f4aa5539-7      NDCG 10 0.146344 Amazon Video Games   101
       MovieLens100K-938abed0          LensKit.PopScorer-f4aa5539-7 Precision  1 0.218452 Amazon Video Games   101
       MovieLens100K-938abed0          LensKit.PopScorer-f4aa5539-7 Precision  5 0.147402 Amazon Video Games   101
       MovieLens100K-938abed0          LensKit.PopScorer-f4aa5539-7 Precision 10 0.134677 Amazon Video Games   101
       MovieLens100K-938abed0 LensKit.ImplicitMFScorer-f0dd7ecb-101      NDCG  1 0.190880            Last.FM     7
       MovieLens100K-938abed0 LensKit.ImplicitMFScorer-f0dd7ecb-101      NDCG  5 0.178198            Last.FM     7
       MovieLens100K-938abed0 LensKit.ImplicitMFScorer-f0dd7ecb-101      NDCG 10 0.164446            Last.FM     7
       MovieLens100K-938abed0 LensKit.ImplicitMFScorer-f0dd7ecb-101 Precision  1 0.190880            Last.FM     7
       MovieLens100K-938abed0 LensKit.ImplicitMFScorer-f0dd7ecb-101 Precision  5 0.173489            Last.FM     7
       MovieLens100K-938abed0 LensKit.ImplicitMFScorer-f0dd7ecb-101 Precision 10 0.155992            Last.FM     7
       MovieLens100K-938abed0 LensKit.ImplicitMFScorer-f0dd7ecb-101      NDCG  1 0.190880            Last.FM    13
       MovieLens100K-938abed0 LensKit.ImplicitMFScorer-f0dd7ecb-101      NDCG  5 0.178198            Last.FM    13
       MovieLens100K-938abed0 LensKit.ImplicitMFScorer-f0dd7ecb-101      NDCG 10 0.164446            Last.FM    13
       MovieLens100K-938abed0 LensKit.ImplicitMFScorer-f0dd7ecb-101 Precision  1 0.190880            Last.FM    13
       MovieLens100K-938abed0 LensKit.ImplicitMFScorer-f0dd7ecb-101 Precision  5 0.173489            Last.FM    13
       MovieLens100K-938abed0 LensKit.ImplicitMFScorer-f0dd7ecb-101 Precision 10 0.155992            Last.FM    13
       MovieLens100K-938abed0 LensKit.ImplicitMFScorer-f0dd7ecb-101      NDCG  1 0.190880            Last.FM    29
       MovieLens100K-938abed0 LensKit.ImplicitMFScorer-f0dd7ecb-101      NDCG  5 0.178198            Last.FM    29
       MovieLens100K-938abed0 LensKit.ImplicitMFScorer-f0dd7ecb-101      NDCG 10 0.164446            Last.FM    29
       MovieLens100K-938abed0 LensKit.ImplicitMFScorer-f0dd7ecb-101 Precision  1 0.190880            Last.FM    29
       MovieLens100K-938abed0 LensKit.ImplicitMFScorer-f0dd7ecb-101 Precision  5 0.173489            Last.FM    29
       MovieLens100K-938abed0 LensKit.ImplicitMFScorer-f0dd7ecb-101 Precision 10 0.155992            Last.FM    29
       MovieLens100K-938abed0 LensKit.ImplicitMFScorer-f0dd7ecb-101      NDCG  1 0.190880            Last.FM    42
       MovieLens100K-938abed0 LensKit.ImplicitMFScorer-f0dd7ecb-101      NDCG  5 0.178198            Last.FM    42
       MovieLens100K-938abed0 LensKit.ImplicitMFScorer-f0dd7ecb-101      NDCG 10 0.164446            Last.FM    42
       MovieLens100K-938abed0 LensKit.ImplicitMFScorer-f0dd7ecb-101 Precision  1 0.190880            Last.FM    42
       MovieLens100K-938abed0 LensKit.ImplicitMFScorer-f0dd7ecb-101 Precision  5 0.173489            Last.FM    42
       MovieLens100K-938abed0 LensKit.ImplicitMFScorer-f0dd7ecb-101 Precision 10 0.155992            Last.FM    42
       MovieLens100K-938abed0 LensKit.ImplicitMFScorer-f0dd7ecb-101      NDCG  1 0.190880            Last.FM   101
       MovieLens100K-938abed0 LensKit.ImplicitMFScorer-f0dd7ecb-101      NDCG  5 0.178198            Last.FM   101
       MovieLens100K-938abed0 LensKit.ImplicitMFScorer-f0dd7ecb-101      NDCG 10 0.164446            Last.FM   101
       MovieLens100K-938abed0 LensKit.ImplicitMFScorer-f0dd7ecb-101 Precision  1 0.190880            Last.FM   101
       MovieLens100K-938abed0 LensKit.ImplicitMFScorer-f0dd7ecb-101 Precision  5 0.173489            Last.FM   101
       MovieLens100K-938abed0 LensKit.ImplicitMFScorer-f0dd7ecb-101 Precision 10 0.155992            Last.FM   101
       MovieLens100K-938abed0  LensKit.ImplicitMFScorer-f0dd7ecb-13      NDCG  1 0.182397            Last.FM     7
       MovieLens100K-938abed0  LensKit.ImplicitMFScorer-f0dd7ecb-13      NDCG  5 0.173634            Last.FM     7
       MovieLens100K-938abed0  LensKit.ImplicitMFScorer-f0dd7ecb-13      NDCG 10 0.160928            Last.FM     7
       MovieLens100K-938abed0  LensKit.ImplicitMFScorer-f0dd7ecb-13 Precision  1 0.182397            Last.FM     7
       MovieLens100K-938abed0  LensKit.ImplicitMFScorer-f0dd7ecb-13 Precision  5 0.170944            Last.FM     7
       MovieLens100K-938abed0  LensKit.ImplicitMFScorer-f0dd7ecb-13 Precision 10 0.153977            Last.FM     7
       MovieLens100K-938abed0  LensKit.ImplicitMFScorer-f0dd7ecb-13      NDCG  1 0.182397            Last.FM    13
       MovieLens100K-938abed0  LensKit.ImplicitMFScorer-f0dd7ecb-13      NDCG  5 0.173634            Last.FM    13
       MovieLens100K-938abed0  LensKit.ImplicitMFScorer-f0dd7ecb-13      NDCG 10 0.160928            Last.FM    13
       MovieLens100K-938abed0  LensKit.ImplicitMFScorer-f0dd7ecb-13 Precision  1 0.182397            Last.FM    13
       MovieLens100K-938abed0  LensKit.ImplicitMFScorer-f0dd7ecb-13 Precision  5 0.170944            Last.FM    13
       MovieLens100K-938abed0  LensKit.ImplicitMFScorer-f0dd7ecb-13 Precision 10 0.153977            Last.FM    13
       MovieLens100K-938abed0  LensKit.ImplicitMFScorer-f0dd7ecb-13      NDCG  1 0.182397            Last.FM    29
       MovieLens100K-938abed0  LensKit.ImplicitMFScorer-f0dd7ecb-13      NDCG  5 0.173634            Last.FM    29
       MovieLens100K-938abed0  LensKit.ImplicitMFScorer-f0dd7ecb-13      NDCG 10 0.160928            Last.FM    29
       MovieLens100K-938abed0  LensKit.ImplicitMFScorer-f0dd7ecb-13 Precision  1 0.182397            Last.FM    29
       MovieLens100K-938abed0  LensKit.ImplicitMFScorer-f0dd7ecb-13 Precision  5 0.170944            Last.FM    29
       MovieLens100K-938abed0  LensKit.ImplicitMFScorer-f0dd7ecb-13 Precision 10 0.153977            Last.FM    29
       MovieLens100K-938abed0  LensKit.ImplicitMFScorer-f0dd7ecb-13      NDCG  1 0.182397            Last.FM    42
       MovieLens100K-938abed0  LensKit.ImplicitMFScorer-f0dd7ecb-13      NDCG  5 0.173634            Last.FM    42
       MovieLens100K-938abed0  LensKit.ImplicitMFScorer-f0dd7ecb-13      NDCG 10 0.160928            Last.FM    42
       MovieLens100K-938abed0  LensKit.ImplicitMFScorer-f0dd7ecb-13 Precision  1 0.182397            Last.FM    42
       MovieLens100K-938abed0  LensKit.ImplicitMFScorer-f0dd7ecb-13 Precision  5 0.170944            Last.FM    42
       MovieLens100K-938abed0  LensKit.ImplicitMFScorer-f0dd7ecb-13 Precision 10 0.153977            Last.FM    42
       MovieLens100K-938abed0  LensKit.ImplicitMFScorer-f0dd7ecb-13      NDCG  1 0.182397            Last.FM   101
       MovieLens100K-938abed0  LensKit.ImplicitMFScorer-f0dd7ecb-13      NDCG  5 0.173634            Last.FM   101
       MovieLens100K-938abed0  LensKit.ImplicitMFScorer-f0dd7ecb-13      NDCG 10 0.160928            Last.FM   101
       MovieLens100K-938abed0  LensKit.ImplicitMFScorer-f0dd7ecb-13 Precision  1 0.182397            Last.FM   101
       MovieLens100K-938abed0  LensKit.ImplicitMFScorer-f0dd7ecb-13 Precision  5 0.170944            Last.FM   101
       MovieLens100K-938abed0  LensKit.ImplicitMFScorer-f0dd7ecb-13 Precision 10 0.153977            Last.FM   101
       MovieLens100K-938abed0  LensKit.ImplicitMFScorer-f0dd7ecb-29      NDCG  1 0.199364            Last.FM     7
       MovieLens100K-938abed0  LensKit.ImplicitMFScorer-f0dd7ecb-29      NDCG  5 0.182785            Last.FM     7
       MovieLens100K-938abed0  LensKit.ImplicitMFScorer-f0dd7ecb-29      NDCG 10 0.167198            Last.FM     7
       MovieLens100K-938abed0  LensKit.ImplicitMFScorer-f0dd7ecb-29 Precision  1 0.199364            Last.FM     7
       MovieLens100K-938abed0  LensKit.ImplicitMFScorer-f0dd7ecb-29 Precision  5 0.178791            Last.FM     7
       MovieLens100K-938abed0  LensKit.ImplicitMFScorer-f0dd7ecb-29 Precision 10 0.158112            Last.FM     7
       MovieLens100K-938abed0  LensKit.ImplicitMFScorer-f0dd7ecb-29      NDCG  1 0.199364            Last.FM    13
       MovieLens100K-938abed0  LensKit.ImplicitMFScorer-f0dd7ecb-29      NDCG  5 0.182785            Last.FM    13
       MovieLens100K-938abed0  LensKit.ImplicitMFScorer-f0dd7ecb-29      NDCG 10 0.167198            Last.FM    13
       MovieLens100K-938abed0  LensKit.ImplicitMFScorer-f0dd7ecb-29 Precision  1 0.199364            Last.FM    13
       MovieLens100K-938abed0  LensKit.ImplicitMFScorer-f0dd7ecb-29 Precision  5 0.178791            Last.FM    13
       MovieLens100K-938abed0  LensKit.ImplicitMFScorer-f0dd7ecb-29 Precision 10 0.158112            Last.FM    13
       MovieLens100K-938abed0  LensKit.ImplicitMFScorer-f0dd7ecb-29      NDCG  1 0.199364            Last.FM    29
       MovieLens100K-938abed0  LensKit.ImplicitMFScorer-f0dd7ecb-29      NDCG  5 0.182785            Last.FM    29
       MovieLens100K-938abed0  LensKit.ImplicitMFScorer-f0dd7ecb-29      NDCG 10 0.167198            Last.FM    29
       MovieLens100K-938abed0  LensKit.ImplicitMFScorer-f0dd7ecb-29 Precision  1 0.199364            Last.FM    29
       MovieLens100K-938abed0  LensKit.ImplicitMFScorer-f0dd7ecb-29 Precision  5 0.178791            Last.FM    29
       MovieLens100K-938abed0  LensKit.ImplicitMFScorer-f0dd7ecb-29 Precision 10 0.158112            Last.FM    29
       MovieLens100K-938abed0  LensKit.ImplicitMFScorer-f0dd7ecb-29      NDCG  1 0.199364            Last.FM    42
       MovieLens100K-938abed0  LensKit.ImplicitMFScorer-f0dd7ecb-29      NDCG  5 0.182785            Last.FM    42
       MovieLens100K-938abed0  LensKit.ImplicitMFScorer-f0dd7ecb-29      NDCG 10 0.167198            Last.FM    42
       MovieLens100K-938abed0  LensKit.ImplicitMFScorer-f0dd7ecb-29 Precision  1 0.199364            Last.FM    42
       MovieLens100K-938abed0  LensKit.ImplicitMFScorer-f0dd7ecb-29 Precision  5 0.178791            Last.FM    42
       MovieLens100K-938abed0  LensKit.ImplicitMFScorer-f0dd7ecb-29 Precision 10 0.158112            Last.FM    42
       MovieLens100K-938abed0  LensKit.ImplicitMFScorer-f0dd7ecb-29      NDCG  1 0.199364            Last.FM   101
       MovieLens100K-938abed0  LensKit.ImplicitMFScorer-f0dd7ecb-29      NDCG  5 0.182785            Last.FM   101
       MovieLens100K-938abed0  LensKit.ImplicitMFScorer-f0dd7ecb-29      NDCG 10 0.167198            Last.FM   101
       MovieLens100K-938abed0  LensKit.ImplicitMFScorer-f0dd7ecb-29 Precision  1 0.199364            Last.FM   101
       MovieLens100K-938abed0  LensKit.ImplicitMFScorer-f0dd7ecb-29 Precision  5 0.178791            Last.FM   101
       MovieLens100K-938abed0  LensKit.ImplicitMFScorer-f0dd7ecb-29 Precision 10 0.158112            Last.FM   101
       MovieLens100K-938abed0  LensKit.ImplicitMFScorer-f0dd7ecb-42      NDCG  1 0.190880            Last.FM     7
       MovieLens100K-938abed0  LensKit.ImplicitMFScorer-f0dd7ecb-42      NDCG  5 0.171960            Last.FM     7
       MovieLens100K-938abed0  LensKit.ImplicitMFScorer-f0dd7ecb-42      NDCG 10 0.162212            Last.FM     7
       MovieLens100K-938abed0  LensKit.ImplicitMFScorer-f0dd7ecb-42 Precision  1 0.190880            Last.FM     7
       MovieLens100K-938abed0  LensKit.ImplicitMFScorer-f0dd7ecb-42 Precision  5 0.167126            Last.FM     7
       MovieLens100K-938abed0  LensKit.ImplicitMFScorer-f0dd7ecb-42 Precision 10 0.155249            Last.FM     7
       MovieLens100K-938abed0  LensKit.ImplicitMFScorer-f0dd7ecb-42      NDCG  1 0.190880            Last.FM    13
       MovieLens100K-938abed0  LensKit.ImplicitMFScorer-f0dd7ecb-42      NDCG  5 0.171960            Last.FM    13
       MovieLens100K-938abed0  LensKit.ImplicitMFScorer-f0dd7ecb-42      NDCG 10 0.162212            Last.FM    13
       MovieLens100K-938abed0  LensKit.ImplicitMFScorer-f0dd7ecb-42 Precision  1 0.190880            Last.FM    13
       MovieLens100K-938abed0  LensKit.ImplicitMFScorer-f0dd7ecb-42 Precision  5 0.167126            Last.FM    13
       MovieLens100K-938abed0  LensKit.ImplicitMFScorer-f0dd7ecb-42 Precision 10 0.155249            Last.FM    13
       MovieLens100K-938abed0  LensKit.ImplicitMFScorer-f0dd7ecb-42      NDCG  1 0.190880            Last.FM    29
       MovieLens100K-938abed0  LensKit.ImplicitMFScorer-f0dd7ecb-42      NDCG  5 0.171960            Last.FM    29
       MovieLens100K-938abed0  LensKit.ImplicitMFScorer-f0dd7ecb-42      NDCG 10 0.162212            Last.FM    29
       MovieLens100K-938abed0  LensKit.ImplicitMFScorer-f0dd7ecb-42 Precision  1 0.190880            Last.FM    29
       MovieLens100K-938abed0  LensKit.ImplicitMFScorer-f0dd7ecb-42 Precision  5 0.167126            Last.FM    29
       MovieLens100K-938abed0  LensKit.ImplicitMFScorer-f0dd7ecb-42 Precision 10 0.155249            Last.FM    29
       MovieLens100K-938abed0  LensKit.ImplicitMFScorer-f0dd7ecb-42      NDCG  1 0.190880            Last.FM    42
       MovieLens100K-938abed0  LensKit.ImplicitMFScorer-f0dd7ecb-42      NDCG  5 0.171960            Last.FM    42
       MovieLens100K-938abed0  LensKit.ImplicitMFScorer-f0dd7ecb-42      NDCG 10 0.162212            Last.FM    42
       MovieLens100K-938abed0  LensKit.ImplicitMFScorer-f0dd7ecb-42 Precision  1 0.190880            Last.FM    42
       MovieLens100K-938abed0  LensKit.ImplicitMFScorer-f0dd7ecb-42 Precision  5 0.167126            Last.FM    42
       MovieLens100K-938abed0  LensKit.ImplicitMFScorer-f0dd7ecb-42 Precision 10 0.155249            Last.FM    42
       MovieLens100K-938abed0  LensKit.ImplicitMFScorer-f0dd7ecb-42      NDCG  1 0.190880            Last.FM   101
       MovieLens100K-938abed0  LensKit.ImplicitMFScorer-f0dd7ecb-42      NDCG  5 0.171960            Last.FM   101
       MovieLens100K-938abed0  LensKit.ImplicitMFScorer-f0dd7ecb-42      NDCG 10 0.162212            Last.FM   101
       MovieLens100K-938abed0  LensKit.ImplicitMFScorer-f0dd7ecb-42 Precision  1 0.190880            Last.FM   101
       MovieLens100K-938abed0  LensKit.ImplicitMFScorer-f0dd7ecb-42 Precision  5 0.167126            Last.FM   101
       MovieLens100K-938abed0  LensKit.ImplicitMFScorer-f0dd7ecb-42 Precision 10 0.155249            Last.FM   101
       MovieLens100K-938abed0   LensKit.ImplicitMFScorer-f0dd7ecb-7      NDCG  1 0.198303            Last.FM     7
       MovieLens100K-938abed0   LensKit.ImplicitMFScorer-f0dd7ecb-7      NDCG  5 0.175218            Last.FM     7
       MovieLens100K-938abed0   LensKit.ImplicitMFScorer-f0dd7ecb-7      NDCG 10 0.160326            Last.FM     7
       MovieLens100K-938abed0   LensKit.ImplicitMFScorer-f0dd7ecb-7 Precision  1 0.198303            Last.FM     7
       MovieLens100K-938abed0   LensKit.ImplicitMFScorer-f0dd7ecb-7 Precision  5 0.169247            Last.FM     7
       MovieLens100K-938abed0   LensKit.ImplicitMFScorer-f0dd7ecb-7 Precision 10 0.151113            Last.FM     7
       MovieLens100K-938abed0   LensKit.ImplicitMFScorer-f0dd7ecb-7      NDCG  1 0.198303            Last.FM    13
       MovieLens100K-938abed0   LensKit.ImplicitMFScorer-f0dd7ecb-7      NDCG  5 0.175218            Last.FM    13
       MovieLens100K-938abed0   LensKit.ImplicitMFScorer-f0dd7ecb-7      NDCG 10 0.160326            Last.FM    13
       MovieLens100K-938abed0   LensKit.ImplicitMFScorer-f0dd7ecb-7 Precision  1 0.198303            Last.FM    13
       MovieLens100K-938abed0   LensKit.ImplicitMFScorer-f0dd7ecb-7 Precision  5 0.169247            Last.FM    13
       MovieLens100K-938abed0   LensKit.ImplicitMFScorer-f0dd7ecb-7 Precision 10 0.151113            Last.FM    13
       MovieLens100K-938abed0   LensKit.ImplicitMFScorer-f0dd7ecb-7      NDCG  1 0.198303            Last.FM    29
       MovieLens100K-938abed0   LensKit.ImplicitMFScorer-f0dd7ecb-7      NDCG  5 0.175218            Last.FM    29
       MovieLens100K-938abed0   LensKit.ImplicitMFScorer-f0dd7ecb-7      NDCG 10 0.160326            Last.FM    29
       MovieLens100K-938abed0   LensKit.ImplicitMFScorer-f0dd7ecb-7 Precision  1 0.198303            Last.FM    29
       MovieLens100K-938abed0   LensKit.ImplicitMFScorer-f0dd7ecb-7 Precision  5 0.169247            Last.FM    29
       MovieLens100K-938abed0   LensKit.ImplicitMFScorer-f0dd7ecb-7 Precision 10 0.151113            Last.FM    29
       MovieLens100K-938abed0   LensKit.ImplicitMFScorer-f0dd7ecb-7      NDCG  1 0.198303            Last.FM    42
       MovieLens100K-938abed0   LensKit.ImplicitMFScorer-f0dd7ecb-7      NDCG  5 0.175218            Last.FM    42
       MovieLens100K-938abed0   LensKit.ImplicitMFScorer-f0dd7ecb-7      NDCG 10 0.160326            Last.FM    42
       MovieLens100K-938abed0   LensKit.ImplicitMFScorer-f0dd7ecb-7 Precision  1 0.198303            Last.FM    42
       MovieLens100K-938abed0   LensKit.ImplicitMFScorer-f0dd7ecb-7 Precision  5 0.169247            Last.FM    42
       MovieLens100K-938abed0   LensKit.ImplicitMFScorer-f0dd7ecb-7 Precision 10 0.151113            Last.FM    42
       MovieLens100K-938abed0   LensKit.ImplicitMFScorer-f0dd7ecb-7      NDCG  1 0.198303            Last.FM   101
       MovieLens100K-938abed0   LensKit.ImplicitMFScorer-f0dd7ecb-7      NDCG  5 0.175218            Last.FM   101
       MovieLens100K-938abed0   LensKit.ImplicitMFScorer-f0dd7ecb-7      NDCG 10 0.160326            Last.FM   101
       MovieLens100K-938abed0   LensKit.ImplicitMFScorer-f0dd7ecb-7 Precision  1 0.198303            Last.FM   101
       MovieLens100K-938abed0   LensKit.ImplicitMFScorer-f0dd7ecb-7 Precision  5 0.169247            Last.FM   101
       MovieLens100K-938abed0   LensKit.ImplicitMFScorer-f0dd7ecb-7 Precision 10 0.151113            Last.FM   101
       MovieLens100K-938abed0    LensKit.ItemKNNScorer-c3d66610-101      NDCG  1 0.268293            Last.FM     7
Amazon2014VideoGames-32d2823b    LensKit.ItemKNNScorer-c3d66610-101      NDCG  1 0.014618            Last.FM     7
       MovieLens100K-938abed0    LensKit.ItemKNNScorer-c3d66610-101      NDCG  5 0.225572            Last.FM     7
Amazon2014VideoGames-32d2823b    LensKit.ItemKNNScorer-c3d66610-101      NDCG  5 0.012305            Last.FM     7
       MovieLens100K-938abed0    LensKit.ItemKNNScorer-c3d66610-101      NDCG 10 0.202865            Last.FM     7
Amazon2014VideoGames-32d2823b    LensKit.ItemKNNScorer-c3d66610-101      NDCG 10 0.010682            Last.FM     7
       MovieLens100K-938abed0    LensKit.ItemKNNScorer-c3d66610-101 Precision  1 0.268293            Last.FM     7
Amazon2014VideoGames-32d2823b    LensKit.ItemKNNScorer-c3d66610-101 Precision  1 0.014618            Last.FM     7
       MovieLens100K-938abed0    LensKit.ItemKNNScorer-c3d66610-101 Precision  5 0.213786            Last.FM     7
Amazon2014VideoGames-32d2823b    LensKit.ItemKNNScorer-c3d66610-101 Precision  5 0.011620            Last.FM     7
       MovieLens100K-938abed0    LensKit.ItemKNNScorer-c3d66610-101 Precision 10 0.186744            Last.FM     7
Amazon2014VideoGames-32d2823b    LensKit.ItemKNNScorer-c3d66610-101 Precision 10 0.009637            Last.FM     7
       MovieLens100K-938abed0    LensKit.ItemKNNScorer-c3d66610-101      NDCG  1 0.268293            Last.FM    13
Amazon2014VideoGames-32d2823b    LensKit.ItemKNNScorer-c3d66610-101      NDCG  1 0.014618            Last.FM    13
       MovieLens100K-938abed0    LensKit.ItemKNNScorer-c3d66610-101      NDCG  5 0.225572            Last.FM    13
Amazon2014VideoGames-32d2823b    LensKit.ItemKNNScorer-c3d66610-101      NDCG  5 0.012305            Last.FM    13
       MovieLens100K-938abed0    LensKit.ItemKNNScorer-c3d66610-101      NDCG 10 0.202865            Last.FM    13
Amazon2014VideoGames-32d2823b    LensKit.ItemKNNScorer-c3d66610-101      NDCG 10 0.010682            Last.FM    13
       MovieLens100K-938abed0    LensKit.ItemKNNScorer-c3d66610-101 Precision  1 0.268293            Last.FM    13
Amazon2014VideoGames-32d2823b    LensKit.ItemKNNScorer-c3d66610-101 Precision  1 0.014618            Last.FM    13
       MovieLens100K-938abed0    LensKit.ItemKNNScorer-c3d66610-101 Precision  5 0.213786            Last.FM    13
Amazon2014VideoGames-32d2823b    LensKit.ItemKNNScorer-c3d66610-101 Precision  5 0.011620            Last.FM    13
       MovieLens100K-938abed0    LensKit.ItemKNNScorer-c3d66610-101 Precision 10 0.186744            Last.FM    13
Amazon2014VideoGames-32d2823b    LensKit.ItemKNNScorer-c3d66610-101 Precision 10 0.009637            Last.FM    13
       MovieLens100K-938abed0    LensKit.ItemKNNScorer-c3d66610-101      NDCG  1 0.268293            Last.FM    29
Amazon2014VideoGames-32d2823b    LensKit.ItemKNNScorer-c3d66610-101      NDCG  1 0.014618            Last.FM    29
       MovieLens100K-938abed0    LensKit.ItemKNNScorer-c3d66610-101      NDCG  5 0.225572            Last.FM    29
Amazon2014VideoGames-32d2823b    LensKit.ItemKNNScorer-c3d66610-101      NDCG  5 0.012305            Last.FM    29
       MovieLens100K-938abed0    LensKit.ItemKNNScorer-c3d66610-101      NDCG 10 0.202865            Last.FM    29
Amazon2014VideoGames-32d2823b    LensKit.ItemKNNScorer-c3d66610-101      NDCG 10 0.010682            Last.FM    29
       MovieLens100K-938abed0    LensKit.ItemKNNScorer-c3d66610-101 Precision  1 0.268293            Last.FM    29
Amazon2014VideoGames-32d2823b    LensKit.ItemKNNScorer-c3d66610-101 Precision  1 0.014618            Last.FM    29
       MovieLens100K-938abed0    LensKit.ItemKNNScorer-c3d66610-101 Precision  5 0.213786            Last.FM    29
Amazon2014VideoGames-32d2823b    LensKit.ItemKNNScorer-c3d66610-101 Precision  5 0.011620            Last.FM    29
       MovieLens100K-938abed0    LensKit.ItemKNNScorer-c3d66610-101 Precision 10 0.186744            Last.FM    29
Amazon2014VideoGames-32d2823b    LensKit.ItemKNNScorer-c3d66610-101 Precision 10 0.009637            Last.FM    29
       MovieLens100K-938abed0    LensKit.ItemKNNScorer-c3d66610-101      NDCG  1 0.268293            Last.FM    42
Amazon2014VideoGames-32d2823b    LensKit.ItemKNNScorer-c3d66610-101      NDCG  1 0.014618            Last.FM    42
       MovieLens100K-938abed0    LensKit.ItemKNNScorer-c3d66610-101      NDCG  5 0.225572            Last.FM    42
Amazon2014VideoGames-32d2823b    LensKit.ItemKNNScorer-c3d66610-101      NDCG  5 0.012305            Last.FM    42
       MovieLens100K-938abed0    LensKit.ItemKNNScorer-c3d66610-101      NDCG 10 0.202865            Last.FM    42
Amazon2014VideoGames-32d2823b    LensKit.ItemKNNScorer-c3d66610-101      NDCG 10 0.010682            Last.FM    42
       MovieLens100K-938abed0    LensKit.ItemKNNScorer-c3d66610-101 Precision  1 0.268293            Last.FM    42
Amazon2014VideoGames-32d2823b    LensKit.ItemKNNScorer-c3d66610-101 Precision  1 0.014618            Last.FM    42
       MovieLens100K-938abed0    LensKit.ItemKNNScorer-c3d66610-101 Precision  5 0.213786            Last.FM    42
Amazon2014VideoGames-32d2823b    LensKit.ItemKNNScorer-c3d66610-101 Precision  5 0.011620            Last.FM    42
       MovieLens100K-938abed0    LensKit.ItemKNNScorer-c3d66610-101 Precision 10 0.186744            Last.FM    42
Amazon2014VideoGames-32d2823b    LensKit.ItemKNNScorer-c3d66610-101 Precision 10 0.009637            Last.FM    42
       MovieLens100K-938abed0    LensKit.ItemKNNScorer-c3d66610-101      NDCG  1 0.268293            Last.FM   101
Amazon2014VideoGames-32d2823b    LensKit.ItemKNNScorer-c3d66610-101      NDCG  1 0.014618            Last.FM   101
       MovieLens100K-938abed0    LensKit.ItemKNNScorer-c3d66610-101      NDCG  5 0.225572            Last.FM   101
Amazon2014VideoGames-32d2823b    LensKit.ItemKNNScorer-c3d66610-101      NDCG  5 0.012305            Last.FM   101
       MovieLens100K-938abed0    LensKit.ItemKNNScorer-c3d66610-101      NDCG 10 0.202865            Last.FM   101
Amazon2014VideoGames-32d2823b    LensKit.ItemKNNScorer-c3d66610-101      NDCG 10 0.010682            Last.FM   101
       MovieLens100K-938abed0    LensKit.ItemKNNScorer-c3d66610-101 Precision  1 0.268293            Last.FM   101
Amazon2014VideoGames-32d2823b    LensKit.ItemKNNScorer-c3d66610-101 Precision  1 0.014618            Last.FM   101
       MovieLens100K-938abed0    LensKit.ItemKNNScorer-c3d66610-101 Precision  5 0.213786            Last.FM   101
Amazon2014VideoGames-32d2823b    LensKit.ItemKNNScorer-c3d66610-101 Precision  5 0.011620            Last.FM   101
       MovieLens100K-938abed0    LensKit.ItemKNNScorer-c3d66610-101 Precision 10 0.186744            Last.FM   101
Amazon2014VideoGames-32d2823b    LensKit.ItemKNNScorer-c3d66610-101 Precision 10 0.009637            Last.FM   101
       MovieLens100K-938abed0     LensKit.ItemKNNScorer-c3d66610-13      NDCG  1 0.292683            Last.FM     7
Amazon2014VideoGames-32d2823b     LensKit.ItemKNNScorer-c3d66610-13      NDCG  1 0.018392            Last.FM     7
       MovieLens100K-938abed0     LensKit.ItemKNNScorer-c3d66610-13      NDCG  5 0.233814            Last.FM     7
Amazon2014VideoGames-32d2823b     LensKit.ItemKNNScorer-c3d66610-13      NDCG  5 0.014187            Last.FM     7
       MovieLens100K-938abed0     LensKit.ItemKNNScorer-c3d66610-13      NDCG 10 0.207638            Last.FM     7
Amazon2014VideoGames-32d2823b     LensKit.ItemKNNScorer-c3d66610-13      NDCG 10 0.012209            Last.FM     7
       MovieLens100K-938abed0     LensKit.ItemKNNScorer-c3d66610-13 Precision  1 0.292683            Last.FM     7
Amazon2014VideoGames-32d2823b     LensKit.ItemKNNScorer-c3d66610-13 Precision  1 0.018392            Last.FM     7
       MovieLens100K-938abed0     LensKit.ItemKNNScorer-c3d66610-13 Precision  5 0.221209            Last.FM     7
Amazon2014VideoGames-32d2823b     LensKit.ItemKNNScorer-c3d66610-13 Precision  5 0.013140            Last.FM     7
       MovieLens100K-938abed0     LensKit.ItemKNNScorer-c3d66610-13 Precision 10 0.189926            Last.FM     7
Amazon2014VideoGames-32d2823b     LensKit.ItemKNNScorer-c3d66610-13 Precision 10 0.010833            Last.FM     7
       MovieLens100K-938abed0     LensKit.ItemKNNScorer-c3d66610-13      NDCG  1 0.292683            Last.FM    13
Amazon2014VideoGames-32d2823b     LensKit.ItemKNNScorer-c3d66610-13      NDCG  1 0.018392            Last.FM    13
       MovieLens100K-938abed0     LensKit.ItemKNNScorer-c3d66610-13      NDCG  5 0.233814            Last.FM    13
Amazon2014VideoGames-32d2823b     LensKit.ItemKNNScorer-c3d66610-13      NDCG  5 0.014187            Last.FM    13
       MovieLens100K-938abed0     LensKit.ItemKNNScorer-c3d66610-13      NDCG 10 0.207638            Last.FM    13
Amazon2014VideoGames-32d2823b     LensKit.ItemKNNScorer-c3d66610-13      NDCG 10 0.012209            Last.FM    13
       MovieLens100K-938abed0     LensKit.ItemKNNScorer-c3d66610-13 Precision  1 0.292683            Last.FM    13
Amazon2014VideoGames-32d2823b     LensKit.ItemKNNScorer-c3d66610-13 Precision  1 0.018392            Last.FM    13
       MovieLens100K-938abed0     LensKit.ItemKNNScorer-c3d66610-13 Precision  5 0.221209            Last.FM    13
Amazon2014VideoGames-32d2823b     LensKit.ItemKNNScorer-c3d66610-13 Precision  5 0.013140            Last.FM    13
       MovieLens100K-938abed0     LensKit.ItemKNNScorer-c3d66610-13 Precision 10 0.189926            Last.FM    13
Amazon2014VideoGames-32d2823b     LensKit.ItemKNNScorer-c3d66610-13 Precision 10 0.010833            Last.FM    13
       MovieLens100K-938abed0     LensKit.ItemKNNScorer-c3d66610-13      NDCG  1 0.292683            Last.FM    29
Amazon2014VideoGames-32d2823b     LensKit.ItemKNNScorer-c3d66610-13      NDCG  1 0.018392            Last.FM    29
       MovieLens100K-938abed0     LensKit.ItemKNNScorer-c3d66610-13      NDCG  5 0.233814            Last.FM    29
Amazon2014VideoGames-32d2823b     LensKit.ItemKNNScorer-c3d66610-13      NDCG  5 0.014187            Last.FM    29
       MovieLens100K-938abed0     LensKit.ItemKNNScorer-c3d66610-13      NDCG 10 0.207638            Last.FM    29
Amazon2014VideoGames-32d2823b     LensKit.ItemKNNScorer-c3d66610-13      NDCG 10 0.012209            Last.FM    29
       MovieLens100K-938abed0     LensKit.ItemKNNScorer-c3d66610-13 Precision  1 0.292683            Last.FM    29
Amazon2014VideoGames-32d2823b     LensKit.ItemKNNScorer-c3d66610-13 Precision  1 0.018392            Last.FM    29
       MovieLens100K-938abed0     LensKit.ItemKNNScorer-c3d66610-13 Precision  5 0.221209            Last.FM    29
Amazon2014VideoGames-32d2823b     LensKit.ItemKNNScorer-c3d66610-13 Precision  5 0.013140            Last.FM    29
       MovieLens100K-938abed0     LensKit.ItemKNNScorer-c3d66610-13 Precision 10 0.189926            Last.FM    29
Amazon2014VideoGames-32d2823b     LensKit.ItemKNNScorer-c3d66610-13 Precision 10 0.010833            Last.FM    29
       MovieLens100K-938abed0     LensKit.ItemKNNScorer-c3d66610-13      NDCG  1 0.292683            Last.FM    42
Amazon2014VideoGames-32d2823b     LensKit.ItemKNNScorer-c3d66610-13      NDCG  1 0.018392            Last.FM    42
       MovieLens100K-938abed0     LensKit.ItemKNNScorer-c3d66610-13      NDCG  5 0.233814            Last.FM    42
Amazon2014VideoGames-32d2823b     LensKit.ItemKNNScorer-c3d66610-13      NDCG  5 0.014187            Last.FM    42
       MovieLens100K-938abed0     LensKit.ItemKNNScorer-c3d66610-13      NDCG 10 0.207638            Last.FM    42
Amazon2014VideoGames-32d2823b     LensKit.ItemKNNScorer-c3d66610-13      NDCG 10 0.012209            Last.FM    42
       MovieLens100K-938abed0     LensKit.ItemKNNScorer-c3d66610-13 Precision  1 0.292683            Last.FM    42
Amazon2014VideoGames-32d2823b     LensKit.ItemKNNScorer-c3d66610-13 Precision  1 0.018392            Last.FM    42
       MovieLens100K-938abed0     LensKit.ItemKNNScorer-c3d66610-13 Precision  5 0.221209            Last.FM    42
Amazon2014VideoGames-32d2823b     LensKit.ItemKNNScorer-c3d66610-13 Precision  5 0.013140            Last.FM    42
       MovieLens100K-938abed0     LensKit.ItemKNNScorer-c3d66610-13 Precision 10 0.189926            Last.FM    42
Amazon2014VideoGames-32d2823b     LensKit.ItemKNNScorer-c3d66610-13 Precision 10 0.010833            Last.FM    42
       MovieLens100K-938abed0     LensKit.ItemKNNScorer-c3d66610-13      NDCG  1 0.292683            Last.FM   101
Amazon2014VideoGames-32d2823b     LensKit.ItemKNNScorer-c3d66610-13      NDCG  1 0.018392            Last.FM   101
       MovieLens100K-938abed0     LensKit.ItemKNNScorer-c3d66610-13      NDCG  5 0.233814            Last.FM   101
Amazon2014VideoGames-32d2823b     LensKit.ItemKNNScorer-c3d66610-13      NDCG  5 0.014187            Last.FM   101
       MovieLens100K-938abed0     LensKit.ItemKNNScorer-c3d66610-13      NDCG 10 0.207638            Last.FM   101
Amazon2014VideoGames-32d2823b     LensKit.ItemKNNScorer-c3d66610-13      NDCG 10 0.012209            Last.FM   101
       MovieLens100K-938abed0     LensKit.ItemKNNScorer-c3d66610-13 Precision  1 0.292683            Last.FM   101
Amazon2014VideoGames-32d2823b     LensKit.ItemKNNScorer-c3d66610-13 Precision  1 0.018392            Last.FM   101
       MovieLens100K-938abed0     LensKit.ItemKNNScorer-c3d66610-13 Precision  5 0.221209            Last.FM   101
Amazon2014VideoGames-32d2823b     LensKit.ItemKNNScorer-c3d66610-13 Precision  5 0.013140            Last.FM   101
       MovieLens100K-938abed0     LensKit.ItemKNNScorer-c3d66610-13 Precision 10 0.189926            Last.FM   101
Amazon2014VideoGames-32d2823b     LensKit.ItemKNNScorer-c3d66610-13 Precision 10 0.010833            Last.FM   101
       MovieLens100K-938abed0     LensKit.ItemKNNScorer-c3d66610-29      NDCG  1 0.256628            Last.FM     7
Amazon2014VideoGames-32d2823b     LensKit.ItemKNNScorer-c3d66610-29      NDCG  1 0.017063            Last.FM     7
       MovieLens100K-938abed0     LensKit.ItemKNNScorer-c3d66610-29      NDCG  5 0.234015            Last.FM     7
Amazon2014VideoGames-32d2823b     LensKit.ItemKNNScorer-c3d66610-29      NDCG  5 0.013537            Last.FM     7
       MovieLens100K-938abed0     LensKit.ItemKNNScorer-c3d66610-29      NDCG 10 0.206270            Last.FM     7
Amazon2014VideoGames-32d2823b     LensKit.ItemKNNScorer-c3d66610-29      NDCG 10 0.011614            Last.FM     7
       MovieLens100K-938abed0     LensKit.ItemKNNScorer-c3d66610-29 Precision  1 0.256628            Last.FM     7
Amazon2014VideoGames-32d2823b     LensKit.ItemKNNScorer-c3d66610-29 Precision  1 0.017063            Last.FM     7
       MovieLens100K-938abed0     LensKit.ItemKNNScorer-c3d66610-29 Precision  5 0.225239            Last.FM     7
Amazon2014VideoGames-32d2823b     LensKit.ItemKNNScorer-c3d66610-29 Precision  5 0.012598            Last.FM     7
       MovieLens100K-938abed0     LensKit.ItemKNNScorer-c3d66610-29 Precision 10 0.189926            Last.FM     7
Amazon2014VideoGames-32d2823b     LensKit.ItemKNNScorer-c3d66610-29 Precision 10 0.010301            Last.FM     7
       MovieLens100K-938abed0     LensKit.ItemKNNScorer-c3d66610-29      NDCG  1 0.256628            Last.FM    13
Amazon2014VideoGames-32d2823b     LensKit.ItemKNNScorer-c3d66610-29      NDCG  1 0.017063            Last.FM    13
       MovieLens100K-938abed0     LensKit.ItemKNNScorer-c3d66610-29      NDCG  5 0.234015            Last.FM    13
Amazon2014VideoGames-32d2823b     LensKit.ItemKNNScorer-c3d66610-29      NDCG  5 0.013537            Last.FM    13
       MovieLens100K-938abed0     LensKit.ItemKNNScorer-c3d66610-29      NDCG 10 0.206270            Last.FM    13
Amazon2014VideoGames-32d2823b     LensKit.ItemKNNScorer-c3d66610-29      NDCG 10 0.011614            Last.FM    13
       MovieLens100K-938abed0     LensKit.ItemKNNScorer-c3d66610-29 Precision  1 0.256628            Last.FM    13
Amazon2014VideoGames-32d2823b     LensKit.ItemKNNScorer-c3d66610-29 Precision  1 0.017063            Last.FM    13
       MovieLens100K-938abed0     LensKit.ItemKNNScorer-c3d66610-29 Precision  5 0.225239            Last.FM    13
Amazon2014VideoGames-32d2823b     LensKit.ItemKNNScorer-c3d66610-29 Precision  5 0.012598            Last.FM    13
       MovieLens100K-938abed0     LensKit.ItemKNNScorer-c3d66610-29 Precision 10 0.189926            Last.FM    13
Amazon2014VideoGames-32d2823b     LensKit.ItemKNNScorer-c3d66610-29 Precision 10 0.010301            Last.FM    13
       MovieLens100K-938abed0     LensKit.ItemKNNScorer-c3d66610-29      NDCG  1 0.256628            Last.FM    29
Amazon2014VideoGames-32d2823b     LensKit.ItemKNNScorer-c3d66610-29      NDCG  1 0.017063            Last.FM    29
       MovieLens100K-938abed0     LensKit.ItemKNNScorer-c3d66610-29      NDCG  5 0.234015            Last.FM    29
Amazon2014VideoGames-32d2823b     LensKit.ItemKNNScorer-c3d66610-29      NDCG  5 0.013537            Last.FM    29
       MovieLens100K-938abed0     LensKit.ItemKNNScorer-c3d66610-29      NDCG 10 0.206270            Last.FM    29
Amazon2014VideoGames-32d2823b     LensKit.ItemKNNScorer-c3d66610-29      NDCG 10 0.011614            Last.FM    29
       MovieLens100K-938abed0     LensKit.ItemKNNScorer-c3d66610-29 Precision  1 0.256628            Last.FM    29
Amazon2014VideoGames-32d2823b     LensKit.ItemKNNScorer-c3d66610-29 Precision  1 0.017063            Last.FM    29
       MovieLens100K-938abed0     LensKit.ItemKNNScorer-c3d66610-29 Precision  5 0.225239            Last.FM    29
Amazon2014VideoGames-32d2823b     LensKit.ItemKNNScorer-c3d66610-29 Precision  5 0.012598            Last.FM    29
       MovieLens100K-938abed0     LensKit.ItemKNNScorer-c3d66610-29 Precision 10 0.189926            Last.FM    29
Amazon2014VideoGames-32d2823b     LensKit.ItemKNNScorer-c3d66610-29 Precision 10 0.010301            Last.FM    29
       MovieLens100K-938abed0     LensKit.ItemKNNScorer-c3d66610-29      NDCG  1 0.256628            Last.FM    42
Amazon2014VideoGames-32d2823b     LensKit.ItemKNNScorer-c3d66610-29      NDCG  1 0.017063            Last.FM    42
       MovieLens100K-938abed0     LensKit.ItemKNNScorer-c3d66610-29      NDCG  5 0.234015            Last.FM    42
Amazon2014VideoGames-32d2823b     LensKit.ItemKNNScorer-c3d66610-29      NDCG  5 0.013537            Last.FM    42
       MovieLens100K-938abed0     LensKit.ItemKNNScorer-c3d66610-29      NDCG 10 0.206270            Last.FM    42
Amazon2014VideoGames-32d2823b     LensKit.ItemKNNScorer-c3d66610-29      NDCG 10 0.011614            Last.FM    42
       MovieLens100K-938abed0     LensKit.ItemKNNScorer-c3d66610-29 Precision  1 0.256628            Last.FM    42
Amazon2014VideoGames-32d2823b     LensKit.ItemKNNScorer-c3d66610-29 Precision  1 0.017063            Last.FM    42
       MovieLens100K-938abed0     LensKit.ItemKNNScorer-c3d66610-29 Precision  5 0.225239            Last.FM    42
Amazon2014VideoGames-32d2823b     LensKit.ItemKNNScorer-c3d66610-29 Precision  5 0.012598            Last.FM    42
       MovieLens100K-938abed0     LensKit.ItemKNNScorer-c3d66610-29 Precision 10 0.189926            Last.FM    42
Amazon2014VideoGames-32d2823b     LensKit.ItemKNNScorer-c3d66610-29 Precision 10 0.010301            Last.FM    42
       MovieLens100K-938abed0     LensKit.ItemKNNScorer-c3d66610-29      NDCG  1 0.256628            Last.FM   101
Amazon2014VideoGames-32d2823b     LensKit.ItemKNNScorer-c3d66610-29      NDCG  1 0.017063            Last.FM   101
       MovieLens100K-938abed0     LensKit.ItemKNNScorer-c3d66610-29      NDCG  5 0.234015            Last.FM   101
Amazon2014VideoGames-32d2823b     LensKit.ItemKNNScorer-c3d66610-29      NDCG  5 0.013537            Last.FM   101
       MovieLens100K-938abed0     LensKit.ItemKNNScorer-c3d66610-29      NDCG 10 0.206270            Last.FM   101
Amazon2014VideoGames-32d2823b     LensKit.ItemKNNScorer-c3d66610-29      NDCG 10 0.011614            Last.FM   101
       MovieLens100K-938abed0     LensKit.ItemKNNScorer-c3d66610-29 Precision  1 0.256628            Last.FM   101
Amazon2014VideoGames-32d2823b     LensKit.ItemKNNScorer-c3d66610-29 Precision  1 0.017063            Last.FM   101
       MovieLens100K-938abed0     LensKit.ItemKNNScorer-c3d66610-29 Precision  5 0.225239            Last.FM   101
Amazon2014VideoGames-32d2823b     LensKit.ItemKNNScorer-c3d66610-29 Precision  5 0.012598            Last.FM   101
       MovieLens100K-938abed0     LensKit.ItemKNNScorer-c3d66610-29 Precision 10 0.189926            Last.FM   101
Amazon2014VideoGames-32d2823b     LensKit.ItemKNNScorer-c3d66610-29 Precision 10 0.010301            Last.FM   101
       MovieLens100K-938abed0     LensKit.ItemKNNScorer-c3d66610-42      NDCG  1 0.281018            Last.FM     7
Amazon2014VideoGames-32d2823b     LensKit.ItemKNNScorer-c3d66610-42      NDCG  1 0.017701            Last.FM     7
       MovieLens100K-938abed0     LensKit.ItemKNNScorer-c3d66610-42      NDCG  5 0.237551            Last.FM     7
Amazon2014VideoGames-32d2823b     LensKit.ItemKNNScorer-c3d66610-42      NDCG  5 0.013760            Last.FM     7
       MovieLens100K-938abed0     LensKit.ItemKNNScorer-c3d66610-42      NDCG 10 0.208556            Last.FM     7
Amazon2014VideoGames-32d2823b     LensKit.ItemKNNScorer-c3d66610-42      NDCG 10 0.011745            Last.FM     7
       MovieLens100K-938abed0     LensKit.ItemKNNScorer-c3d66610-42 Precision  1 0.281018            Last.FM     7
Amazon2014VideoGames-32d2823b     LensKit.ItemKNNScorer-c3d66610-42 Precision  1 0.017701            Last.FM     7
       MovieLens100K-938abed0     LensKit.ItemKNNScorer-c3d66610-42 Precision  5 0.224814            Last.FM     7
Amazon2014VideoGames-32d2823b     LensKit.ItemKNNScorer-c3d66610-42 Precision  5 0.012683            Last.FM     7
       MovieLens100K-938abed0     LensKit.ItemKNNScorer-c3d66610-42 Precision 10 0.189502            Last.FM     7
Amazon2014VideoGames-32d2823b     LensKit.ItemKNNScorer-c3d66610-42 Precision 10 0.010339            Last.FM     7
       MovieLens100K-938abed0     LensKit.ItemKNNScorer-c3d66610-42      NDCG  1 0.281018            Last.FM    13
Amazon2014VideoGames-32d2823b     LensKit.ItemKNNScorer-c3d66610-42      NDCG  1 0.017701            Last.FM    13
       MovieLens100K-938abed0     LensKit.ItemKNNScorer-c3d66610-42      NDCG  5 0.237551            Last.FM    13
Amazon2014VideoGames-32d2823b     LensKit.ItemKNNScorer-c3d66610-42      NDCG  5 0.013760            Last.FM    13
       MovieLens100K-938abed0     LensKit.ItemKNNScorer-c3d66610-42      NDCG 10 0.208556            Last.FM    13
Amazon2014VideoGames-32d2823b     LensKit.ItemKNNScorer-c3d66610-42      NDCG 10 0.011745            Last.FM    13
       MovieLens100K-938abed0     LensKit.ItemKNNScorer-c3d66610-42 Precision  1 0.281018            Last.FM    13
Amazon2014VideoGames-32d2823b     LensKit.ItemKNNScorer-c3d66610-42 Precision  1 0.017701            Last.FM    13
       MovieLens100K-938abed0     LensKit.ItemKNNScorer-c3d66610-42 Precision  5 0.224814            Last.FM    13
Amazon2014VideoGames-32d2823b     LensKit.ItemKNNScorer-c3d66610-42 Precision  5 0.012683            Last.FM    13
       MovieLens100K-938abed0     LensKit.ItemKNNScorer-c3d66610-42 Precision 10 0.189502            Last.FM    13
Amazon2014VideoGames-32d2823b     LensKit.ItemKNNScorer-c3d66610-42 Precision 10 0.010339            Last.FM    13
       MovieLens100K-938abed0     LensKit.ItemKNNScorer-c3d66610-42      NDCG  1 0.281018            Last.FM    29
Amazon2014VideoGames-32d2823b     LensKit.ItemKNNScorer-c3d66610-42      NDCG  1 0.017701            Last.FM    29
       MovieLens100K-938abed0     LensKit.ItemKNNScorer-c3d66610-42      NDCG  5 0.237551            Last.FM    29
Amazon2014VideoGames-32d2823b     LensKit.ItemKNNScorer-c3d66610-42      NDCG  5 0.013760            Last.FM    29
       MovieLens100K-938abed0     LensKit.ItemKNNScorer-c3d66610-42      NDCG 10 0.208556            Last.FM    29
Amazon2014VideoGames-32d2823b     LensKit.ItemKNNScorer-c3d66610-42      NDCG 10 0.011745            Last.FM    29
       MovieLens100K-938abed0     LensKit.ItemKNNScorer-c3d66610-42 Precision  1 0.281018            Last.FM    29
Amazon2014VideoGames-32d2823b     LensKit.ItemKNNScorer-c3d66610-42 Precision  1 0.017701            Last.FM    29
       MovieLens100K-938abed0     LensKit.ItemKNNScorer-c3d66610-42 Precision  5 0.224814            Last.FM    29
Amazon2014VideoGames-32d2823b     LensKit.ItemKNNScorer-c3d66610-42 Precision  5 0.012683            Last.FM    29
       MovieLens100K-938abed0     LensKit.ItemKNNScorer-c3d66610-42 Precision 10 0.189502            Last.FM    29
Amazon2014VideoGames-32d2823b     LensKit.ItemKNNScorer-c3d66610-42 Precision 10 0.010339            Last.FM    29
       MovieLens100K-938abed0     LensKit.ItemKNNScorer-c3d66610-42      NDCG  1 0.281018            Last.FM    42
Amazon2014VideoGames-32d2823b     LensKit.ItemKNNScorer-c3d66610-42      NDCG  1 0.017701            Last.FM    42
       MovieLens100K-938abed0     LensKit.ItemKNNScorer-c3d66610-42      NDCG  5 0.237551            Last.FM    42
Amazon2014VideoGames-32d2823b     LensKit.ItemKNNScorer-c3d66610-42      NDCG  5 0.013760            Last.FM    42
       MovieLens100K-938abed0     LensKit.ItemKNNScorer-c3d66610-42      NDCG 10 0.208556            Last.FM    42
Amazon2014VideoGames-32d2823b     LensKit.ItemKNNScorer-c3d66610-42      NDCG 10 0.011745            Last.FM    42
       MovieLens100K-938abed0     LensKit.ItemKNNScorer-c3d66610-42 Precision  1 0.281018            Last.FM    42
Amazon2014VideoGames-32d2823b     LensKit.ItemKNNScorer-c3d66610-42 Precision  1 0.017701            Last.FM    42
       MovieLens100K-938abed0     LensKit.ItemKNNScorer-c3d66610-42 Precision  5 0.224814            Last.FM    42
Amazon2014VideoGames-32d2823b     LensKit.ItemKNNScorer-c3d66610-42 Precision  5 0.012683            Last.FM    42
       MovieLens100K-938abed0     LensKit.ItemKNNScorer-c3d66610-42 Precision 10 0.189502            Last.FM    42
Amazon2014VideoGames-32d2823b     LensKit.ItemKNNScorer-c3d66610-42 Precision 10 0.010339            Last.FM    42
       MovieLens100K-938abed0     LensKit.ItemKNNScorer-c3d66610-42      NDCG  1 0.281018            Last.FM   101
Amazon2014VideoGames-32d2823b     LensKit.ItemKNNScorer-c3d66610-42      NDCG  1 0.017701            Last.FM   101
       MovieLens100K-938abed0     LensKit.ItemKNNScorer-c3d66610-42      NDCG  5 0.237551            Last.FM   101
Amazon2014VideoGames-32d2823b     LensKit.ItemKNNScorer-c3d66610-42      NDCG  5 0.013760            Last.FM   101
       MovieLens100K-938abed0     LensKit.ItemKNNScorer-c3d66610-42      NDCG 10 0.208556            Last.FM   101
Amazon2014VideoGames-32d2823b     LensKit.ItemKNNScorer-c3d66610-42      NDCG 10 0.011745            Last.FM   101
       MovieLens100K-938abed0     LensKit.ItemKNNScorer-c3d66610-42 Precision  1 0.281018            Last.FM   101
Amazon2014VideoGames-32d2823b     LensKit.ItemKNNScorer-c3d66610-42 Precision  1 0.017701            Last.FM   101
       MovieLens100K-938abed0     LensKit.ItemKNNScorer-c3d66610-42 Precision  5 0.224814            Last.FM   101
Amazon2014VideoGames-32d2823b     LensKit.ItemKNNScorer-c3d66610-42 Precision  5 0.012683            Last.FM   101
       MovieLens100K-938abed0     LensKit.ItemKNNScorer-c3d66610-42 Precision 10 0.189502            Last.FM   101
Amazon2014VideoGames-32d2823b     LensKit.ItemKNNScorer-c3d66610-42 Precision 10 0.010339            Last.FM   101
       MovieLens100K-938abed0      LensKit.ItemKNNScorer-c3d66610-7      NDCG  1 0.287381            Last.FM     7
Amazon2014VideoGames-32d2823b      LensKit.ItemKNNScorer-c3d66610-7      NDCG  1 0.017116            Last.FM     7
       MovieLens100K-938abed0      LensKit.ItemKNNScorer-c3d66610-7      NDCG  5 0.242931            Last.FM     7
Amazon2014VideoGames-32d2823b      LensKit.ItemKNNScorer-c3d66610-7      NDCG  5 0.012694            Last.FM     7
       MovieLens100K-938abed0      LensKit.ItemKNNScorer-c3d66610-7      NDCG 10 0.213917            Last.FM     7
Amazon2014VideoGames-32d2823b      LensKit.ItemKNNScorer-c3d66610-7      NDCG 10 0.011142            Last.FM     7
       MovieLens100K-938abed0      LensKit.ItemKNNScorer-c3d66610-7 Precision  1 0.287381            Last.FM     7
Amazon2014VideoGames-32d2823b      LensKit.ItemKNNScorer-c3d66610-7 Precision  1 0.017116            Last.FM     7
       MovieLens100K-938abed0      LensKit.ItemKNNScorer-c3d66610-7 Precision  5 0.231177            Last.FM     7
Amazon2014VideoGames-32d2823b      LensKit.ItemKNNScorer-c3d66610-7 Precision  5 0.011630            Last.FM     7
       MovieLens100K-938abed0      LensKit.ItemKNNScorer-c3d66610-7 Precision 10 0.195334            Last.FM     7
Amazon2014VideoGames-32d2823b      LensKit.ItemKNNScorer-c3d66610-7 Precision 10 0.009913            Last.FM     7
       MovieLens100K-938abed0      LensKit.ItemKNNScorer-c3d66610-7      NDCG  1 0.287381            Last.FM    13
Amazon2014VideoGames-32d2823b      LensKit.ItemKNNScorer-c3d66610-7      NDCG  1 0.017116            Last.FM    13
       MovieLens100K-938abed0      LensKit.ItemKNNScorer-c3d66610-7      NDCG  5 0.242931            Last.FM    13
Amazon2014VideoGames-32d2823b      LensKit.ItemKNNScorer-c3d66610-7      NDCG  5 0.012694            Last.FM    13
       MovieLens100K-938abed0      LensKit.ItemKNNScorer-c3d66610-7      NDCG 10 0.213917            Last.FM    13
Amazon2014VideoGames-32d2823b      LensKit.ItemKNNScorer-c3d66610-7      NDCG 10 0.011142            Last.FM    13
       MovieLens100K-938abed0      LensKit.ItemKNNScorer-c3d66610-7 Precision  1 0.287381            Last.FM    13
Amazon2014VideoGames-32d2823b      LensKit.ItemKNNScorer-c3d66610-7 Precision  1 0.017116            Last.FM    13
       MovieLens100K-938abed0      LensKit.ItemKNNScorer-c3d66610-7 Precision  5 0.231177            Last.FM    13
Amazon2014VideoGames-32d2823b      LensKit.ItemKNNScorer-c3d66610-7 Precision  5 0.011630            Last.FM    13
       MovieLens100K-938abed0      LensKit.ItemKNNScorer-c3d66610-7 Precision 10 0.195334            Last.FM    13
Amazon2014VideoGames-32d2823b      LensKit.ItemKNNScorer-c3d66610-7 Precision 10 0.009913            Last.FM    13
       MovieLens100K-938abed0      LensKit.ItemKNNScorer-c3d66610-7      NDCG  1 0.287381            Last.FM    29
Amazon2014VideoGames-32d2823b      LensKit.ItemKNNScorer-c3d66610-7      NDCG  1 0.017116            Last.FM    29
       MovieLens100K-938abed0      LensKit.ItemKNNScorer-c3d66610-7      NDCG  5 0.242931            Last.FM    29
Amazon2014VideoGames-32d2823b      LensKit.ItemKNNScorer-c3d66610-7      NDCG  5 0.012694            Last.FM    29
       MovieLens100K-938abed0      LensKit.ItemKNNScorer-c3d66610-7      NDCG 10 0.213917            Last.FM    29
Amazon2014VideoGames-32d2823b      LensKit.ItemKNNScorer-c3d66610-7      NDCG 10 0.011142            Last.FM    29
       MovieLens100K-938abed0      LensKit.ItemKNNScorer-c3d66610-7 Precision  1 0.287381            Last.FM    29
Amazon2014VideoGames-32d2823b      LensKit.ItemKNNScorer-c3d66610-7 Precision  1 0.017116            Last.FM    29
       MovieLens100K-938abed0      LensKit.ItemKNNScorer-c3d66610-7 Precision  5 0.231177            Last.FM    29
Amazon2014VideoGames-32d2823b      LensKit.ItemKNNScorer-c3d66610-7 Precision  5 0.011630            Last.FM    29
       MovieLens100K-938abed0      LensKit.ItemKNNScorer-c3d66610-7 Precision 10 0.195334            Last.FM    29
Amazon2014VideoGames-32d2823b      LensKit.ItemKNNScorer-c3d66610-7 Precision 10 0.009913            Last.FM    29
       MovieLens100K-938abed0      LensKit.ItemKNNScorer-c3d66610-7      NDCG  1 0.287381            Last.FM    42
Amazon2014VideoGames-32d2823b      LensKit.ItemKNNScorer-c3d66610-7      NDCG  1 0.017116            Last.FM    42
       MovieLens100K-938abed0      LensKit.ItemKNNScorer-c3d66610-7      NDCG  5 0.242931            Last.FM    42
Amazon2014VideoGames-32d2823b      LensKit.ItemKNNScorer-c3d66610-7      NDCG  5 0.012694            Last.FM    42
       MovieLens100K-938abed0      LensKit.ItemKNNScorer-c3d66610-7      NDCG 10 0.213917            Last.FM    42
Amazon2014VideoGames-32d2823b      LensKit.ItemKNNScorer-c3d66610-7      NDCG 10 0.011142            Last.FM    42
       MovieLens100K-938abed0      LensKit.ItemKNNScorer-c3d66610-7 Precision  1 0.287381            Last.FM    42
Amazon2014VideoGames-32d2823b      LensKit.ItemKNNScorer-c3d66610-7 Precision  1 0.017116            Last.FM    42
       MovieLens100K-938abed0      LensKit.ItemKNNScorer-c3d66610-7 Precision  5 0.231177            Last.FM    42
Amazon2014VideoGames-32d2823b      LensKit.ItemKNNScorer-c3d66610-7 Precision  5 0.011630            Last.FM    42
       MovieLens100K-938abed0      LensKit.ItemKNNScorer-c3d66610-7 Precision 10 0.195334            Last.FM    42
Amazon2014VideoGames-32d2823b      LensKit.ItemKNNScorer-c3d66610-7 Precision 10 0.009913            Last.FM    42
       MovieLens100K-938abed0      LensKit.ItemKNNScorer-c3d66610-7      NDCG  1 0.287381            Last.FM   101
Amazon2014VideoGames-32d2823b      LensKit.ItemKNNScorer-c3d66610-7      NDCG  1 0.017116            Last.FM   101
       MovieLens100K-938abed0      LensKit.ItemKNNScorer-c3d66610-7      NDCG  5 0.242931            Last.FM   101
Amazon2014VideoGames-32d2823b      LensKit.ItemKNNScorer-c3d66610-7      NDCG  5 0.012694            Last.FM   101
       MovieLens100K-938abed0      LensKit.ItemKNNScorer-c3d66610-7      NDCG 10 0.213917            Last.FM   101
Amazon2014VideoGames-32d2823b      LensKit.ItemKNNScorer-c3d66610-7      NDCG 10 0.011142            Last.FM   101
       MovieLens100K-938abed0      LensKit.ItemKNNScorer-c3d66610-7 Precision  1 0.287381            Last.FM   101
Amazon2014VideoGames-32d2823b      LensKit.ItemKNNScorer-c3d66610-7 Precision  1 0.017116            Last.FM   101
       MovieLens100K-938abed0      LensKit.ItemKNNScorer-c3d66610-7 Precision  5 0.231177            Last.FM   101
Amazon2014VideoGames-32d2823b      LensKit.ItemKNNScorer-c3d66610-7 Precision  5 0.011630            Last.FM   101
       MovieLens100K-938abed0      LensKit.ItemKNNScorer-c3d66610-7 Precision 10 0.195334            Last.FM   101
Amazon2014VideoGames-32d2823b      LensKit.ItemKNNScorer-c3d66610-7 Precision 10 0.009913            Last.FM   101
       MovieLens100K-938abed0        LensKit.PopScorer-f4aa5539-101      NDCG  1 0.194062            Last.FM     7
       MovieLens100K-938abed0        LensKit.PopScorer-f4aa5539-101      NDCG  5 0.158462            Last.FM     7
       MovieLens100K-938abed0        LensKit.PopScorer-f4aa5539-101      NDCG 10 0.142090            Last.FM     7
       MovieLens100K-938abed0        LensKit.PopScorer-f4aa5539-101 Precision  1 0.194062            Last.FM     7
       MovieLens100K-938abed0        LensKit.PopScorer-f4aa5539-101 Precision  5 0.148250            Last.FM     7
       MovieLens100K-938abed0        LensKit.PopScorer-f4aa5539-101 Precision 10 0.130329            Last.FM     7
       MovieLens100K-938abed0        LensKit.PopScorer-f4aa5539-101      NDCG  1 0.194062            Last.FM    13
       MovieLens100K-938abed0        LensKit.PopScorer-f4aa5539-101      NDCG  5 0.158462            Last.FM    13
       MovieLens100K-938abed0        LensKit.PopScorer-f4aa5539-101      NDCG 10 0.142090            Last.FM    13
       MovieLens100K-938abed0        LensKit.PopScorer-f4aa5539-101 Precision  1 0.194062            Last.FM    13
       MovieLens100K-938abed0        LensKit.PopScorer-f4aa5539-101 Precision  5 0.148250            Last.FM    13
       MovieLens100K-938abed0        LensKit.PopScorer-f4aa5539-101 Precision 10 0.130329            Last.FM    13
       MovieLens100K-938abed0        LensKit.PopScorer-f4aa5539-101      NDCG  1 0.194062            Last.FM    29
       MovieLens100K-938abed0        LensKit.PopScorer-f4aa5539-101      NDCG  5 0.158462            Last.FM    29
       MovieLens100K-938abed0        LensKit.PopScorer-f4aa5539-101      NDCG 10 0.142090            Last.FM    29
       MovieLens100K-938abed0        LensKit.PopScorer-f4aa5539-101 Precision  1 0.194062            Last.FM    29
       MovieLens100K-938abed0        LensKit.PopScorer-f4aa5539-101 Precision  5 0.148250            Last.FM    29
       MovieLens100K-938abed0        LensKit.PopScorer-f4aa5539-101 Precision 10 0.130329            Last.FM    29
       MovieLens100K-938abed0        LensKit.PopScorer-f4aa5539-101      NDCG  1 0.194062            Last.FM    42
       MovieLens100K-938abed0        LensKit.PopScorer-f4aa5539-101      NDCG  5 0.158462            Last.FM    42
       MovieLens100K-938abed0        LensKit.PopScorer-f4aa5539-101      NDCG 10 0.142090            Last.FM    42
       MovieLens100K-938abed0        LensKit.PopScorer-f4aa5539-101 Precision  1 0.194062            Last.FM    42
       MovieLens100K-938abed0        LensKit.PopScorer-f4aa5539-101 Precision  5 0.148250            Last.FM    42
       MovieLens100K-938abed0        LensKit.PopScorer-f4aa5539-101 Precision 10 0.130329            Last.FM    42
       MovieLens100K-938abed0        LensKit.PopScorer-f4aa5539-101      NDCG  1 0.194062            Last.FM   101
       MovieLens100K-938abed0        LensKit.PopScorer-f4aa5539-101      NDCG  5 0.158462            Last.FM   101
       MovieLens100K-938abed0        LensKit.PopScorer-f4aa5539-101      NDCG 10 0.142090            Last.FM   101
       MovieLens100K-938abed0        LensKit.PopScorer-f4aa5539-101 Precision  1 0.194062            Last.FM   101
       MovieLens100K-938abed0        LensKit.PopScorer-f4aa5539-101 Precision  5 0.148250            Last.FM   101
       MovieLens100K-938abed0        LensKit.PopScorer-f4aa5539-101 Precision 10 0.130329            Last.FM   101
       MovieLens100K-938abed0         LensKit.PopScorer-f4aa5539-13      NDCG  1 0.184517            Last.FM     7
       MovieLens100K-938abed0         LensKit.PopScorer-f4aa5539-13      NDCG  5 0.150137            Last.FM     7
       MovieLens100K-938abed0         LensKit.PopScorer-f4aa5539-13      NDCG 10 0.139494            Last.FM     7
       MovieLens100K-938abed0         LensKit.PopScorer-f4aa5539-13 Precision  1 0.184517            Last.FM     7
       MovieLens100K-938abed0         LensKit.PopScorer-f4aa5539-13 Precision  5 0.139343            Last.FM     7
       MovieLens100K-938abed0         LensKit.PopScorer-f4aa5539-13 Precision 10 0.129374            Last.FM     7
       MovieLens100K-938abed0         LensKit.PopScorer-f4aa5539-13      NDCG  1 0.184517            Last.FM    13
       MovieLens100K-938abed0         LensKit.PopScorer-f4aa5539-13      NDCG  5 0.150137            Last.FM    13
       MovieLens100K-938abed0         LensKit.PopScorer-f4aa5539-13      NDCG 10 0.139494            Last.FM    13
       MovieLens100K-938abed0         LensKit.PopScorer-f4aa5539-13 Precision  1 0.184517            Last.FM    13
       MovieLens100K-938abed0         LensKit.PopScorer-f4aa5539-13 Precision  5 0.139343            Last.FM    13
       MovieLens100K-938abed0         LensKit.PopScorer-f4aa5539-13 Precision 10 0.129374            Last.FM    13
       MovieLens100K-938abed0         LensKit.PopScorer-f4aa5539-13      NDCG  1 0.184517            Last.FM    29
       MovieLens100K-938abed0         LensKit.PopScorer-f4aa5539-13      NDCG  5 0.150137            Last.FM    29
       MovieLens100K-938abed0         LensKit.PopScorer-f4aa5539-13      NDCG 10 0.139494            Last.FM    29
       MovieLens100K-938abed0         LensKit.PopScorer-f4aa5539-13 Precision  1 0.184517            Last.FM    29
       MovieLens100K-938abed0         LensKit.PopScorer-f4aa5539-13 Precision  5 0.139343            Last.FM    29
       MovieLens100K-938abed0         LensKit.PopScorer-f4aa5539-13 Precision 10 0.129374            Last.FM    29
       MovieLens100K-938abed0         LensKit.PopScorer-f4aa5539-13      NDCG  1 0.184517            Last.FM    42
       MovieLens100K-938abed0         LensKit.PopScorer-f4aa5539-13      NDCG  5 0.150137            Last.FM    42
       MovieLens100K-938abed0         LensKit.PopScorer-f4aa5539-13      NDCG 10 0.139494            Last.FM    42
       MovieLens100K-938abed0         LensKit.PopScorer-f4aa5539-13 Precision  1 0.184517            Last.FM    42
       MovieLens100K-938abed0         LensKit.PopScorer-f4aa5539-13 Precision  5 0.139343            Last.FM    42
       MovieLens100K-938abed0         LensKit.PopScorer-f4aa5539-13 Precision 10 0.129374            Last.FM    42
       MovieLens100K-938abed0         LensKit.PopScorer-f4aa5539-13      NDCG  1 0.184517            Last.FM   101
       MovieLens100K-938abed0         LensKit.PopScorer-f4aa5539-13      NDCG  5 0.150137            Last.FM   101
       MovieLens100K-938abed0         LensKit.PopScorer-f4aa5539-13      NDCG 10 0.139494            Last.FM   101
       MovieLens100K-938abed0         LensKit.PopScorer-f4aa5539-13 Precision  1 0.184517            Last.FM   101
       MovieLens100K-938abed0         LensKit.PopScorer-f4aa5539-13 Precision  5 0.139343            Last.FM   101
       MovieLens100K-938abed0         LensKit.PopScorer-f4aa5539-13 Precision 10 0.129374            Last.FM   101
       MovieLens100K-938abed0         LensKit.PopScorer-f4aa5539-29      NDCG  1 0.222694            Last.FM     7
       MovieLens100K-938abed0         LensKit.PopScorer-f4aa5539-29      NDCG  5 0.165421            Last.FM     7
       MovieLens100K-938abed0         LensKit.PopScorer-f4aa5539-29      NDCG 10 0.153320            Last.FM     7
       MovieLens100K-938abed0         LensKit.PopScorer-f4aa5539-29 Precision  1 0.222694            Last.FM     7
       MovieLens100K-938abed0         LensKit.PopScorer-f4aa5539-29 Precision  5 0.152492            Last.FM     7
       MovieLens100K-938abed0         LensKit.PopScorer-f4aa5539-29 Precision 10 0.141676            Last.FM     7
       MovieLens100K-938abed0         LensKit.PopScorer-f4aa5539-29      NDCG  1 0.222694            Last.FM    13
       MovieLens100K-938abed0         LensKit.PopScorer-f4aa5539-29      NDCG  5 0.165421            Last.FM    13
       MovieLens100K-938abed0         LensKit.PopScorer-f4aa5539-29      NDCG 10 0.153320            Last.FM    13
       MovieLens100K-938abed0         LensKit.PopScorer-f4aa5539-29 Precision  1 0.222694            Last.FM    13
       MovieLens100K-938abed0         LensKit.PopScorer-f4aa5539-29 Precision  5 0.152492            Last.FM    13
       MovieLens100K-938abed0         LensKit.PopScorer-f4aa5539-29 Precision 10 0.141676            Last.FM    13
       MovieLens100K-938abed0         LensKit.PopScorer-f4aa5539-29      NDCG  1 0.222694            Last.FM    29
       MovieLens100K-938abed0         LensKit.PopScorer-f4aa5539-29      NDCG  5 0.165421            Last.FM    29
       MovieLens100K-938abed0         LensKit.PopScorer-f4aa5539-29      NDCG 10 0.153320            Last.FM    29
       MovieLens100K-938abed0         LensKit.PopScorer-f4aa5539-29 Precision  1 0.222694            Last.FM    29
       MovieLens100K-938abed0         LensKit.PopScorer-f4aa5539-29 Precision  5 0.152492            Last.FM    29
       MovieLens100K-938abed0         LensKit.PopScorer-f4aa5539-29 Precision 10 0.141676            Last.FM    29
       MovieLens100K-938abed0         LensKit.PopScorer-f4aa5539-29      NDCG  1 0.222694            Last.FM    42
       MovieLens100K-938abed0         LensKit.PopScorer-f4aa5539-29      NDCG  5 0.165421            Last.FM    42
       MovieLens100K-938abed0         LensKit.PopScorer-f4aa5539-29      NDCG 10 0.153320            Last.FM    42
       MovieLens100K-938abed0         LensKit.PopScorer-f4aa5539-29 Precision  1 0.222694            Last.FM    42
       MovieLens100K-938abed0         LensKit.PopScorer-f4aa5539-29 Precision  5 0.152492            Last.FM    42
       MovieLens100K-938abed0         LensKit.PopScorer-f4aa5539-29 Precision 10 0.141676            Last.FM    42
       MovieLens100K-938abed0         LensKit.PopScorer-f4aa5539-29      NDCG  1 0.222694            Last.FM   101
       MovieLens100K-938abed0         LensKit.PopScorer-f4aa5539-29      NDCG  5 0.165421            Last.FM   101
       MovieLens100K-938abed0         LensKit.PopScorer-f4aa5539-29      NDCG 10 0.153320            Last.FM   101
       MovieLens100K-938abed0         LensKit.PopScorer-f4aa5539-29 Precision  1 0.222694            Last.FM   101
       MovieLens100K-938abed0         LensKit.PopScorer-f4aa5539-29 Precision  5 0.152492            Last.FM   101
       MovieLens100K-938abed0         LensKit.PopScorer-f4aa5539-29 Precision 10 0.141676            Last.FM   101
       MovieLens100K-938abed0         LensKit.PopScorer-f4aa5539-42      NDCG  1 0.222694            Last.FM     7
       MovieLens100K-938abed0         LensKit.PopScorer-f4aa5539-42      NDCG  5 0.164529            Last.FM     7
       MovieLens100K-938abed0         LensKit.PopScorer-f4aa5539-42      NDCG 10 0.144470            Last.FM     7
       MovieLens100K-938abed0         LensKit.PopScorer-f4aa5539-42 Precision  1 0.222694            Last.FM     7
       MovieLens100K-938abed0         LensKit.PopScorer-f4aa5539-42 Precision  5 0.151007            Last.FM     7
       MovieLens100K-938abed0         LensKit.PopScorer-f4aa5539-42 Precision 10 0.128844            Last.FM     7
       MovieLens100K-938abed0         LensKit.PopScorer-f4aa5539-42      NDCG  1 0.222694            Last.FM    13
       MovieLens100K-938abed0         LensKit.PopScorer-f4aa5539-42      NDCG  5 0.164529            Last.FM    13
       MovieLens100K-938abed0         LensKit.PopScorer-f4aa5539-42      NDCG 10 0.144470            Last.FM    13
       MovieLens100K-938abed0         LensKit.PopScorer-f4aa5539-42 Precision  1 0.222694            Last.FM    13
       MovieLens100K-938abed0         LensKit.PopScorer-f4aa5539-42 Precision  5 0.151007            Last.FM    13
       MovieLens100K-938abed0         LensKit.PopScorer-f4aa5539-42 Precision 10 0.128844            Last.FM    13
       MovieLens100K-938abed0         LensKit.PopScorer-f4aa5539-42      NDCG  1 0.222694            Last.FM    29
       MovieLens100K-938abed0         LensKit.PopScorer-f4aa5539-42      NDCG  5 0.164529            Last.FM    29
       MovieLens100K-938abed0         LensKit.PopScorer-f4aa5539-42      NDCG 10 0.144470            Last.FM    29
       MovieLens100K-938abed0         LensKit.PopScorer-f4aa5539-42 Precision  1 0.222694            Last.FM    29
       MovieLens100K-938abed0         LensKit.PopScorer-f4aa5539-42 Precision  5 0.151007            Last.FM    29
       MovieLens100K-938abed0         LensKit.PopScorer-f4aa5539-42 Precision 10 0.128844            Last.FM    29
       MovieLens100K-938abed0         LensKit.PopScorer-f4aa5539-42      NDCG  1 0.222694            Last.FM    42
       MovieLens100K-938abed0         LensKit.PopScorer-f4aa5539-42      NDCG  5 0.164529            Last.FM    42
       MovieLens100K-938abed0         LensKit.PopScorer-f4aa5539-42      NDCG 10 0.144470            Last.FM    42
       MovieLens100K-938abed0         LensKit.PopScorer-f4aa5539-42 Precision  1 0.222694            Last.FM    42
       MovieLens100K-938abed0         LensKit.PopScorer-f4aa5539-42 Precision  5 0.151007            Last.FM    42
       MovieLens100K-938abed0         LensKit.PopScorer-f4aa5539-42 Precision 10 0.128844            Last.FM    42
       MovieLens100K-938abed0         LensKit.PopScorer-f4aa5539-42      NDCG  1 0.222694            Last.FM   101
       MovieLens100K-938abed0         LensKit.PopScorer-f4aa5539-42      NDCG  5 0.164529            Last.FM   101
       MovieLens100K-938abed0         LensKit.PopScorer-f4aa5539-42      NDCG 10 0.144470            Last.FM   101
       MovieLens100K-938abed0         LensKit.PopScorer-f4aa5539-42 Precision  1 0.222694            Last.FM   101
       MovieLens100K-938abed0         LensKit.PopScorer-f4aa5539-42 Precision  5 0.151007            Last.FM   101
       MovieLens100K-938abed0         LensKit.PopScorer-f4aa5539-42 Precision 10 0.128844            Last.FM   101
       MovieLens100K-938abed0          LensKit.PopScorer-f4aa5539-7      NDCG  1 0.218452            Last.FM     7
       MovieLens100K-938abed0          LensKit.PopScorer-f4aa5539-7      NDCG  5 0.159858            Last.FM     7
       MovieLens100K-938abed0          LensKit.PopScorer-f4aa5539-7      NDCG 10 0.146344            Last.FM     7
       MovieLens100K-938abed0          LensKit.PopScorer-f4aa5539-7 Precision  1 0.218452            Last.FM     7
       MovieLens100K-938abed0          LensKit.PopScorer-f4aa5539-7 Precision  5 0.147402            Last.FM     7
       MovieLens100K-938abed0          LensKit.PopScorer-f4aa5539-7 Precision 10 0.134677            Last.FM     7
       MovieLens100K-938abed0          LensKit.PopScorer-f4aa5539-7      NDCG  1 0.218452            Last.FM    13
       MovieLens100K-938abed0          LensKit.PopScorer-f4aa5539-7      NDCG  5 0.159858            Last.FM    13
       MovieLens100K-938abed0          LensKit.PopScorer-f4aa5539-7      NDCG 10 0.146344            Last.FM    13
       MovieLens100K-938abed0          LensKit.PopScorer-f4aa5539-7 Precision  1 0.218452            Last.FM    13
       MovieLens100K-938abed0          LensKit.PopScorer-f4aa5539-7 Precision  5 0.147402            Last.FM    13
       MovieLens100K-938abed0          LensKit.PopScorer-f4aa5539-7 Precision 10 0.134677            Last.FM    13
       MovieLens100K-938abed0          LensKit.PopScorer-f4aa5539-7      NDCG  1 0.218452            Last.FM    29
       MovieLens100K-938abed0          LensKit.PopScorer-f4aa5539-7      NDCG  5 0.159858            Last.FM    29
       MovieLens100K-938abed0          LensKit.PopScorer-f4aa5539-7      NDCG 10 0.146344            Last.FM    29
       MovieLens100K-938abed0          LensKit.PopScorer-f4aa5539-7 Precision  1 0.218452            Last.FM    29
       MovieLens100K-938abed0          LensKit.PopScorer-f4aa5539-7 Precision  5 0.147402            Last.FM    29
       MovieLens100K-938abed0          LensKit.PopScorer-f4aa5539-7 Precision 10 0.134677            Last.FM    29
       MovieLens100K-938abed0          LensKit.PopScorer-f4aa5539-7      NDCG  1 0.218452            Last.FM    42
       MovieLens100K-938abed0          LensKit.PopScorer-f4aa5539-7      NDCG  5 0.159858            Last.FM    42
       MovieLens100K-938abed0          LensKit.PopScorer-f4aa5539-7      NDCG 10 0.146344            Last.FM    42
       MovieLens100K-938abed0          LensKit.PopScorer-f4aa5539-7 Precision  1 0.218452            Last.FM    42
       MovieLens100K-938abed0          LensKit.PopScorer-f4aa5539-7 Precision  5 0.147402            Last.FM    42
       MovieLens100K-938abed0          LensKit.PopScorer-f4aa5539-7 Precision 10 0.134677            Last.FM    42
       MovieLens100K-938abed0          LensKit.PopScorer-f4aa5539-7      NDCG  1 0.218452            Last.FM   101
       MovieLens100K-938abed0          LensKit.PopScorer-f4aa5539-7      NDCG  5 0.159858            Last.FM   101
       MovieLens100K-938abed0          LensKit.PopScorer-f4aa5539-7      NDCG 10 0.146344            Last.FM   101
       MovieLens100K-938abed0          LensKit.PopScorer-f4aa5539-7 Precision  1 0.218452            Last.FM   101
       MovieLens100K-938abed0          LensKit.PopScorer-f4aa5539-7 Precision  5 0.147402            Last.FM   101
       MovieLens100K-938abed0          LensKit.PopScorer-f4aa5539-7 Precision 10 0.134677            Last.FM   101
       MovieLens100K-938abed0 LensKit.ImplicitMFScorer-f0dd7ecb-101      NDCG  1 0.190880      MovieLens100K   101
       MovieLens100K-938abed0 LensKit.ImplicitMFScorer-f0dd7ecb-101      NDCG  5 0.178198      MovieLens100K   101
       MovieLens100K-938abed0 LensKit.ImplicitMFScorer-f0dd7ecb-101      NDCG 10 0.164446      MovieLens100K   101
       MovieLens100K-938abed0 LensKit.ImplicitMFScorer-f0dd7ecb-101 Precision  1 0.190880      MovieLens100K   101
       MovieLens100K-938abed0 LensKit.ImplicitMFScorer-f0dd7ecb-101 Precision  5 0.173489      MovieLens100K   101
       MovieLens100K-938abed0 LensKit.ImplicitMFScorer-f0dd7ecb-101 Precision 10 0.155992      MovieLens100K   101
       MovieLens100K-938abed0  LensKit.ImplicitMFScorer-f0dd7ecb-13      NDCG  1 0.182397      MovieLens100K    13
       MovieLens100K-938abed0  LensKit.ImplicitMFScorer-f0dd7ecb-13      NDCG  5 0.173634      MovieLens100K    13
       MovieLens100K-938abed0  LensKit.ImplicitMFScorer-f0dd7ecb-13      NDCG 10 0.160928      MovieLens100K    13
       MovieLens100K-938abed0  LensKit.ImplicitMFScorer-f0dd7ecb-13 Precision  1 0.182397      MovieLens100K    13
       MovieLens100K-938abed0  LensKit.ImplicitMFScorer-f0dd7ecb-13 Precision  5 0.170944      MovieLens100K    13
       MovieLens100K-938abed0  LensKit.ImplicitMFScorer-f0dd7ecb-13 Precision 10 0.153977      MovieLens100K    13
       MovieLens100K-938abed0  LensKit.ImplicitMFScorer-f0dd7ecb-13      NDCG  1 0.182397      MovieLens100K    29
       MovieLens100K-938abed0  LensKit.ImplicitMFScorer-f0dd7ecb-13      NDCG  5 0.173634      MovieLens100K    29
       MovieLens100K-938abed0  LensKit.ImplicitMFScorer-f0dd7ecb-13      NDCG 10 0.160928      MovieLens100K    29
       MovieLens100K-938abed0  LensKit.ImplicitMFScorer-f0dd7ecb-13 Precision  1 0.182397      MovieLens100K    29
       MovieLens100K-938abed0  LensKit.ImplicitMFScorer-f0dd7ecb-13 Precision  5 0.170944      MovieLens100K    29
       MovieLens100K-938abed0  LensKit.ImplicitMFScorer-f0dd7ecb-13 Precision 10 0.153977      MovieLens100K    29
       MovieLens100K-938abed0  LensKit.ImplicitMFScorer-f0dd7ecb-13      NDCG  1 0.182397      MovieLens100K    42
       MovieLens100K-938abed0  LensKit.ImplicitMFScorer-f0dd7ecb-13      NDCG  5 0.173634      MovieLens100K    42
       MovieLens100K-938abed0  LensKit.ImplicitMFScorer-f0dd7ecb-13      NDCG 10 0.160928      MovieLens100K    42
       MovieLens100K-938abed0  LensKit.ImplicitMFScorer-f0dd7ecb-13 Precision  1 0.182397      MovieLens100K    42
       MovieLens100K-938abed0  LensKit.ImplicitMFScorer-f0dd7ecb-13 Precision  5 0.170944      MovieLens100K    42
       MovieLens100K-938abed0  LensKit.ImplicitMFScorer-f0dd7ecb-13 Precision 10 0.153977      MovieLens100K    42
       MovieLens100K-938abed0  LensKit.ImplicitMFScorer-f0dd7ecb-13      NDCG  1 0.182397      MovieLens100K   101
       MovieLens100K-938abed0  LensKit.ImplicitMFScorer-f0dd7ecb-13      NDCG  5 0.173634      MovieLens100K   101
       MovieLens100K-938abed0  LensKit.ImplicitMFScorer-f0dd7ecb-13      NDCG 10 0.160928      MovieLens100K   101
       MovieLens100K-938abed0  LensKit.ImplicitMFScorer-f0dd7ecb-13 Precision  1 0.182397      MovieLens100K   101
       MovieLens100K-938abed0  LensKit.ImplicitMFScorer-f0dd7ecb-13 Precision  5 0.170944      MovieLens100K   101
       MovieLens100K-938abed0  LensKit.ImplicitMFScorer-f0dd7ecb-13 Precision 10 0.153977      MovieLens100K   101
       MovieLens100K-938abed0  LensKit.ImplicitMFScorer-f0dd7ecb-29      NDCG  1 0.199364      MovieLens100K    29
       MovieLens100K-938abed0  LensKit.ImplicitMFScorer-f0dd7ecb-29      NDCG  5 0.182785      MovieLens100K    29
       MovieLens100K-938abed0  LensKit.ImplicitMFScorer-f0dd7ecb-29      NDCG 10 0.167198      MovieLens100K    29
       MovieLens100K-938abed0  LensKit.ImplicitMFScorer-f0dd7ecb-29 Precision  1 0.199364      MovieLens100K    29
       MovieLens100K-938abed0  LensKit.ImplicitMFScorer-f0dd7ecb-29 Precision  5 0.178791      MovieLens100K    29
       MovieLens100K-938abed0  LensKit.ImplicitMFScorer-f0dd7ecb-29 Precision 10 0.158112      MovieLens100K    29
       MovieLens100K-938abed0  LensKit.ImplicitMFScorer-f0dd7ecb-29      NDCG  1 0.199364      MovieLens100K    42
       MovieLens100K-938abed0  LensKit.ImplicitMFScorer-f0dd7ecb-29      NDCG  5 0.182785      MovieLens100K    42
       MovieLens100K-938abed0  LensKit.ImplicitMFScorer-f0dd7ecb-29      NDCG 10 0.167198      MovieLens100K    42
       MovieLens100K-938abed0  LensKit.ImplicitMFScorer-f0dd7ecb-29 Precision  1 0.199364      MovieLens100K    42
       MovieLens100K-938abed0  LensKit.ImplicitMFScorer-f0dd7ecb-29 Precision  5 0.178791      MovieLens100K    42
       MovieLens100K-938abed0  LensKit.ImplicitMFScorer-f0dd7ecb-29 Precision 10 0.158112      MovieLens100K    42
       MovieLens100K-938abed0  LensKit.ImplicitMFScorer-f0dd7ecb-29      NDCG  1 0.199364      MovieLens100K   101
       MovieLens100K-938abed0  LensKit.ImplicitMFScorer-f0dd7ecb-29      NDCG  5 0.182785      MovieLens100K   101
       MovieLens100K-938abed0  LensKit.ImplicitMFScorer-f0dd7ecb-29      NDCG 10 0.167198      MovieLens100K   101
       MovieLens100K-938abed0  LensKit.ImplicitMFScorer-f0dd7ecb-29 Precision  1 0.199364      MovieLens100K   101
       MovieLens100K-938abed0  LensKit.ImplicitMFScorer-f0dd7ecb-29 Precision  5 0.178791      MovieLens100K   101
       MovieLens100K-938abed0  LensKit.ImplicitMFScorer-f0dd7ecb-29 Precision 10 0.158112      MovieLens100K   101
       MovieLens100K-938abed0  LensKit.ImplicitMFScorer-f0dd7ecb-42      NDCG  1 0.190880      MovieLens100K    42
       MovieLens100K-938abed0  LensKit.ImplicitMFScorer-f0dd7ecb-42      NDCG  5 0.171960      MovieLens100K    42
       MovieLens100K-938abed0  LensKit.ImplicitMFScorer-f0dd7ecb-42      NDCG 10 0.162212      MovieLens100K    42
       MovieLens100K-938abed0  LensKit.ImplicitMFScorer-f0dd7ecb-42 Precision  1 0.190880      MovieLens100K    42
       MovieLens100K-938abed0  LensKit.ImplicitMFScorer-f0dd7ecb-42 Precision  5 0.167126      MovieLens100K    42
       MovieLens100K-938abed0  LensKit.ImplicitMFScorer-f0dd7ecb-42 Precision 10 0.155249      MovieLens100K    42
       MovieLens100K-938abed0  LensKit.ImplicitMFScorer-f0dd7ecb-42      NDCG  1 0.190880      MovieLens100K   101
       MovieLens100K-938abed0  LensKit.ImplicitMFScorer-f0dd7ecb-42      NDCG  5 0.171960      MovieLens100K   101
       MovieLens100K-938abed0  LensKit.ImplicitMFScorer-f0dd7ecb-42      NDCG 10 0.162212      MovieLens100K   101
       MovieLens100K-938abed0  LensKit.ImplicitMFScorer-f0dd7ecb-42 Precision  1 0.190880      MovieLens100K   101
       MovieLens100K-938abed0  LensKit.ImplicitMFScorer-f0dd7ecb-42 Precision  5 0.167126      MovieLens100K   101
       MovieLens100K-938abed0  LensKit.ImplicitMFScorer-f0dd7ecb-42 Precision 10 0.155249      MovieLens100K   101
       MovieLens100K-938abed0   LensKit.ImplicitMFScorer-f0dd7ecb-7      NDCG  1 0.198303      MovieLens100K     7
       MovieLens100K-938abed0   LensKit.ImplicitMFScorer-f0dd7ecb-7      NDCG  5 0.175218      MovieLens100K     7
       MovieLens100K-938abed0   LensKit.ImplicitMFScorer-f0dd7ecb-7      NDCG 10 0.160326      MovieLens100K     7
       MovieLens100K-938abed0   LensKit.ImplicitMFScorer-f0dd7ecb-7 Precision  1 0.198303      MovieLens100K     7
       MovieLens100K-938abed0   LensKit.ImplicitMFScorer-f0dd7ecb-7 Precision  5 0.169247      MovieLens100K     7
       MovieLens100K-938abed0   LensKit.ImplicitMFScorer-f0dd7ecb-7 Precision 10 0.151113      MovieLens100K     7
       MovieLens100K-938abed0   LensKit.ImplicitMFScorer-f0dd7ecb-7      NDCG  1 0.198303      MovieLens100K    13
       MovieLens100K-938abed0   LensKit.ImplicitMFScorer-f0dd7ecb-7      NDCG  5 0.175218      MovieLens100K    13
       MovieLens100K-938abed0   LensKit.ImplicitMFScorer-f0dd7ecb-7      NDCG 10 0.160326      MovieLens100K    13
       MovieLens100K-938abed0   LensKit.ImplicitMFScorer-f0dd7ecb-7 Precision  1 0.198303      MovieLens100K    13
       MovieLens100K-938abed0   LensKit.ImplicitMFScorer-f0dd7ecb-7 Precision  5 0.169247      MovieLens100K    13
       MovieLens100K-938abed0   LensKit.ImplicitMFScorer-f0dd7ecb-7 Precision 10 0.151113      MovieLens100K    13
       MovieLens100K-938abed0   LensKit.ImplicitMFScorer-f0dd7ecb-7      NDCG  1 0.198303      MovieLens100K    29
       MovieLens100K-938abed0   LensKit.ImplicitMFScorer-f0dd7ecb-7      NDCG  5 0.175218      MovieLens100K    29
       MovieLens100K-938abed0   LensKit.ImplicitMFScorer-f0dd7ecb-7      NDCG 10 0.160326      MovieLens100K    29
       MovieLens100K-938abed0   LensKit.ImplicitMFScorer-f0dd7ecb-7 Precision  1 0.198303      MovieLens100K    29
       MovieLens100K-938abed0   LensKit.ImplicitMFScorer-f0dd7ecb-7 Precision  5 0.169247      MovieLens100K    29
       MovieLens100K-938abed0   LensKit.ImplicitMFScorer-f0dd7ecb-7 Precision 10 0.151113      MovieLens100K    29
       MovieLens100K-938abed0   LensKit.ImplicitMFScorer-f0dd7ecb-7      NDCG  1 0.198303      MovieLens100K    42
       MovieLens100K-938abed0   LensKit.ImplicitMFScorer-f0dd7ecb-7      NDCG  5 0.175218      MovieLens100K    42
       MovieLens100K-938abed0   LensKit.ImplicitMFScorer-f0dd7ecb-7      NDCG 10 0.160326      MovieLens100K    42
       MovieLens100K-938abed0   LensKit.ImplicitMFScorer-f0dd7ecb-7 Precision  1 0.198303      MovieLens100K    42
       MovieLens100K-938abed0   LensKit.ImplicitMFScorer-f0dd7ecb-7 Precision  5 0.169247      MovieLens100K    42
       MovieLens100K-938abed0   LensKit.ImplicitMFScorer-f0dd7ecb-7 Precision 10 0.151113      MovieLens100K    42
       MovieLens100K-938abed0   LensKit.ImplicitMFScorer-f0dd7ecb-7      NDCG  1 0.198303      MovieLens100K   101
       MovieLens100K-938abed0   LensKit.ImplicitMFScorer-f0dd7ecb-7      NDCG  5 0.175218      MovieLens100K   101
       MovieLens100K-938abed0   LensKit.ImplicitMFScorer-f0dd7ecb-7      NDCG 10 0.160326      MovieLens100K   101
       MovieLens100K-938abed0   LensKit.ImplicitMFScorer-f0dd7ecb-7 Precision  1 0.198303      MovieLens100K   101
       MovieLens100K-938abed0   LensKit.ImplicitMFScorer-f0dd7ecb-7 Precision  5 0.169247      MovieLens100K   101
       MovieLens100K-938abed0   LensKit.ImplicitMFScorer-f0dd7ecb-7 Precision 10 0.151113      MovieLens100K   101
       MovieLens100K-938abed0    LensKit.ItemKNNScorer-c3d66610-101      NDCG  1 0.268293      MovieLens100K   101
       MovieLens100K-938abed0    LensKit.ItemKNNScorer-c3d66610-101      NDCG  5 0.225572      MovieLens100K   101
       MovieLens100K-938abed0    LensKit.ItemKNNScorer-c3d66610-101      NDCG 10 0.202865      MovieLens100K   101
       MovieLens100K-938abed0    LensKit.ItemKNNScorer-c3d66610-101 Precision  1 0.268293      MovieLens100K   101
       MovieLens100K-938abed0    LensKit.ItemKNNScorer-c3d66610-101 Precision  5 0.213786      MovieLens100K   101
       MovieLens100K-938abed0    LensKit.ItemKNNScorer-c3d66610-101 Precision 10 0.186744      MovieLens100K   101
       MovieLens100K-938abed0     LensKit.ItemKNNScorer-c3d66610-13      NDCG  1 0.292683      MovieLens100K    13
       MovieLens100K-938abed0     LensKit.ItemKNNScorer-c3d66610-13      NDCG  5 0.233814      MovieLens100K    13
       MovieLens100K-938abed0     LensKit.ItemKNNScorer-c3d66610-13      NDCG 10 0.207638      MovieLens100K    13
       MovieLens100K-938abed0     LensKit.ItemKNNScorer-c3d66610-13 Precision  1 0.292683      MovieLens100K    13
       MovieLens100K-938abed0     LensKit.ItemKNNScorer-c3d66610-13 Precision  5 0.221209      MovieLens100K    13
       MovieLens100K-938abed0     LensKit.ItemKNNScorer-c3d66610-13 Precision 10 0.189926      MovieLens100K    13
       MovieLens100K-938abed0     LensKit.ItemKNNScorer-c3d66610-13      NDCG  1 0.292683      MovieLens100K    29
       MovieLens100K-938abed0     LensKit.ItemKNNScorer-c3d66610-13      NDCG  5 0.233814      MovieLens100K    29
       MovieLens100K-938abed0     LensKit.ItemKNNScorer-c3d66610-13      NDCG 10 0.207638      MovieLens100K    29
       MovieLens100K-938abed0     LensKit.ItemKNNScorer-c3d66610-13 Precision  1 0.292683      MovieLens100K    29
       MovieLens100K-938abed0     LensKit.ItemKNNScorer-c3d66610-13 Precision  5 0.221209      MovieLens100K    29
       MovieLens100K-938abed0     LensKit.ItemKNNScorer-c3d66610-13 Precision 10 0.189926      MovieLens100K    29
       MovieLens100K-938abed0     LensKit.ItemKNNScorer-c3d66610-13      NDCG  1 0.292683      MovieLens100K    42
       MovieLens100K-938abed0     LensKit.ItemKNNScorer-c3d66610-13      NDCG  5 0.233814      MovieLens100K    42
       MovieLens100K-938abed0     LensKit.ItemKNNScorer-c3d66610-13      NDCG 10 0.207638      MovieLens100K    42
       MovieLens100K-938abed0     LensKit.ItemKNNScorer-c3d66610-13 Precision  1 0.292683      MovieLens100K    42
       MovieLens100K-938abed0     LensKit.ItemKNNScorer-c3d66610-13 Precision  5 0.221209      MovieLens100K    42
       MovieLens100K-938abed0     LensKit.ItemKNNScorer-c3d66610-13 Precision 10 0.189926      MovieLens100K    42
       MovieLens100K-938abed0     LensKit.ItemKNNScorer-c3d66610-13      NDCG  1 0.292683      MovieLens100K   101
       MovieLens100K-938abed0     LensKit.ItemKNNScorer-c3d66610-13      NDCG  5 0.233814      MovieLens100K   101
       MovieLens100K-938abed0     LensKit.ItemKNNScorer-c3d66610-13      NDCG 10 0.207638      MovieLens100K   101
       MovieLens100K-938abed0     LensKit.ItemKNNScorer-c3d66610-13 Precision  1 0.292683      MovieLens100K   101
       MovieLens100K-938abed0     LensKit.ItemKNNScorer-c3d66610-13 Precision  5 0.221209      MovieLens100K   101
       MovieLens100K-938abed0     LensKit.ItemKNNScorer-c3d66610-13 Precision 10 0.189926      MovieLens100K   101
       MovieLens100K-938abed0     LensKit.ItemKNNScorer-c3d66610-29      NDCG  1 0.256628      MovieLens100K    29
       MovieLens100K-938abed0     LensKit.ItemKNNScorer-c3d66610-29      NDCG  5 0.234015      MovieLens100K    29
       MovieLens100K-938abed0     LensKit.ItemKNNScorer-c3d66610-29      NDCG 10 0.206270      MovieLens100K    29
       MovieLens100K-938abed0     LensKit.ItemKNNScorer-c3d66610-29 Precision  1 0.256628      MovieLens100K    29
       MovieLens100K-938abed0     LensKit.ItemKNNScorer-c3d66610-29 Precision  5 0.225239      MovieLens100K    29
       MovieLens100K-938abed0     LensKit.ItemKNNScorer-c3d66610-29 Precision 10 0.189926      MovieLens100K    29
       MovieLens100K-938abed0     LensKit.ItemKNNScorer-c3d66610-29      NDCG  1 0.256628      MovieLens100K    42
       MovieLens100K-938abed0     LensKit.ItemKNNScorer-c3d66610-29      NDCG  5 0.234015      MovieLens100K    42
       MovieLens100K-938abed0     LensKit.ItemKNNScorer-c3d66610-29      NDCG 10 0.206270      MovieLens100K    42
       MovieLens100K-938abed0     LensKit.ItemKNNScorer-c3d66610-29 Precision  1 0.256628      MovieLens100K    42
       MovieLens100K-938abed0     LensKit.ItemKNNScorer-c3d66610-29 Precision  5 0.225239      MovieLens100K    42
       MovieLens100K-938abed0     LensKit.ItemKNNScorer-c3d66610-29 Precision 10 0.189926      MovieLens100K    42
       MovieLens100K-938abed0     LensKit.ItemKNNScorer-c3d66610-29      NDCG  1 0.256628      MovieLens100K   101
       MovieLens100K-938abed0     LensKit.ItemKNNScorer-c3d66610-29      NDCG  5 0.234015      MovieLens100K   101
       MovieLens100K-938abed0     LensKit.ItemKNNScorer-c3d66610-29      NDCG 10 0.206270      MovieLens100K   101
       MovieLens100K-938abed0     LensKit.ItemKNNScorer-c3d66610-29 Precision  1 0.256628      MovieLens100K   101
       MovieLens100K-938abed0     LensKit.ItemKNNScorer-c3d66610-29 Precision  5 0.225239      MovieLens100K   101
       MovieLens100K-938abed0     LensKit.ItemKNNScorer-c3d66610-29 Precision 10 0.189926      MovieLens100K   101
       MovieLens100K-938abed0     LensKit.ItemKNNScorer-c3d66610-42      NDCG  1 0.281018      MovieLens100K    42
       MovieLens100K-938abed0     LensKit.ItemKNNScorer-c3d66610-42      NDCG  5 0.237551      MovieLens100K    42
       MovieLens100K-938abed0     LensKit.ItemKNNScorer-c3d66610-42      NDCG 10 0.208556      MovieLens100K    42
       MovieLens100K-938abed0     LensKit.ItemKNNScorer-c3d66610-42 Precision  1 0.281018      MovieLens100K    42
       MovieLens100K-938abed0     LensKit.ItemKNNScorer-c3d66610-42 Precision  5 0.224814      MovieLens100K    42
       MovieLens100K-938abed0     LensKit.ItemKNNScorer-c3d66610-42 Precision 10 0.189502      MovieLens100K    42
       MovieLens100K-938abed0     LensKit.ItemKNNScorer-c3d66610-42      NDCG  1 0.281018      MovieLens100K   101
       MovieLens100K-938abed0     LensKit.ItemKNNScorer-c3d66610-42      NDCG  5 0.237551      MovieLens100K   101
       MovieLens100K-938abed0     LensKit.ItemKNNScorer-c3d66610-42      NDCG 10 0.208556      MovieLens100K   101
       MovieLens100K-938abed0     LensKit.ItemKNNScorer-c3d66610-42 Precision  1 0.281018      MovieLens100K   101
       MovieLens100K-938abed0     LensKit.ItemKNNScorer-c3d66610-42 Precision  5 0.224814      MovieLens100K   101
       MovieLens100K-938abed0     LensKit.ItemKNNScorer-c3d66610-42 Precision 10 0.189502      MovieLens100K   101
       MovieLens100K-938abed0      LensKit.ItemKNNScorer-c3d66610-7      NDCG  1 0.287381      MovieLens100K     7
       MovieLens100K-938abed0      LensKit.ItemKNNScorer-c3d66610-7      NDCG  5 0.242931      MovieLens100K     7
       MovieLens100K-938abed0      LensKit.ItemKNNScorer-c3d66610-7      NDCG 10 0.213917      MovieLens100K     7
       MovieLens100K-938abed0      LensKit.ItemKNNScorer-c3d66610-7 Precision  1 0.287381      MovieLens100K     7
       MovieLens100K-938abed0      LensKit.ItemKNNScorer-c3d66610-7 Precision  5 0.231177      MovieLens100K     7
       MovieLens100K-938abed0      LensKit.ItemKNNScorer-c3d66610-7 Precision 10 0.195334      MovieLens100K     7
       MovieLens100K-938abed0      LensKit.ItemKNNScorer-c3d66610-7      NDCG  1 0.287381      MovieLens100K    13
       MovieLens100K-938abed0      LensKit.ItemKNNScorer-c3d66610-7      NDCG  5 0.242931      MovieLens100K    13
       MovieLens100K-938abed0      LensKit.ItemKNNScorer-c3d66610-7      NDCG 10 0.213917      MovieLens100K    13
       MovieLens100K-938abed0      LensKit.ItemKNNScorer-c3d66610-7 Precision  1 0.287381      MovieLens100K    13
       MovieLens100K-938abed0      LensKit.ItemKNNScorer-c3d66610-7 Precision  5 0.231177      MovieLens100K    13
       MovieLens100K-938abed0      LensKit.ItemKNNScorer-c3d66610-7 Precision 10 0.195334      MovieLens100K    13
       MovieLens100K-938abed0      LensKit.ItemKNNScorer-c3d66610-7      NDCG  1 0.287381      MovieLens100K    29
       MovieLens100K-938abed0      LensKit.ItemKNNScorer-c3d66610-7      NDCG  5 0.242931      MovieLens100K    29
       MovieLens100K-938abed0      LensKit.ItemKNNScorer-c3d66610-7      NDCG 10 0.213917      MovieLens100K    29
       MovieLens100K-938abed0      LensKit.ItemKNNScorer-c3d66610-7 Precision  1 0.287381      MovieLens100K    29
       MovieLens100K-938abed0      LensKit.ItemKNNScorer-c3d66610-7 Precision  5 0.231177      MovieLens100K    29
       MovieLens100K-938abed0      LensKit.ItemKNNScorer-c3d66610-7 Precision 10 0.195334      MovieLens100K    29
       MovieLens100K-938abed0      LensKit.ItemKNNScorer-c3d66610-7      NDCG  1 0.287381      MovieLens100K    42
       MovieLens100K-938abed0      LensKit.ItemKNNScorer-c3d66610-7      NDCG  5 0.242931      MovieLens100K    42
       MovieLens100K-938abed0      LensKit.ItemKNNScorer-c3d66610-7      NDCG 10 0.213917      MovieLens100K    42
       MovieLens100K-938abed0      LensKit.ItemKNNScorer-c3d66610-7 Precision  1 0.287381      MovieLens100K    42
       MovieLens100K-938abed0      LensKit.ItemKNNScorer-c3d66610-7 Precision  5 0.231177      MovieLens100K    42
       MovieLens100K-938abed0      LensKit.ItemKNNScorer-c3d66610-7 Precision 10 0.195334      MovieLens100K    42
       MovieLens100K-938abed0      LensKit.ItemKNNScorer-c3d66610-7      NDCG  1 0.287381      MovieLens100K   101
       MovieLens100K-938abed0      LensKit.ItemKNNScorer-c3d66610-7      NDCG  5 0.242931      MovieLens100K   101
       MovieLens100K-938abed0      LensKit.ItemKNNScorer-c3d66610-7      NDCG 10 0.213917      MovieLens100K   101
       MovieLens100K-938abed0      LensKit.ItemKNNScorer-c3d66610-7 Precision  1 0.287381      MovieLens100K   101
       MovieLens100K-938abed0      LensKit.ItemKNNScorer-c3d66610-7 Precision  5 0.231177      MovieLens100K   101
       MovieLens100K-938abed0      LensKit.ItemKNNScorer-c3d66610-7 Precision 10 0.195334      MovieLens100K   101
       MovieLens100K-938abed0        LensKit.PopScorer-f4aa5539-101      NDCG  1 0.194062      MovieLens100K   101
       MovieLens100K-938abed0        LensKit.PopScorer-f4aa5539-101      NDCG  5 0.158462      MovieLens100K   101
       MovieLens100K-938abed0        LensKit.PopScorer-f4aa5539-101      NDCG 10 0.142090      MovieLens100K   101
       MovieLens100K-938abed0        LensKit.PopScorer-f4aa5539-101 Precision  1 0.194062      MovieLens100K   101
       MovieLens100K-938abed0        LensKit.PopScorer-f4aa5539-101 Precision  5 0.148250      MovieLens100K   101
       MovieLens100K-938abed0        LensKit.PopScorer-f4aa5539-101 Precision 10 0.130329      MovieLens100K   101
       MovieLens100K-938abed0         LensKit.PopScorer-f4aa5539-13      NDCG  1 0.184517      MovieLens100K    13
       MovieLens100K-938abed0         LensKit.PopScorer-f4aa5539-13      NDCG  5 0.150137      MovieLens100K    13
       MovieLens100K-938abed0         LensKit.PopScorer-f4aa5539-13      NDCG 10 0.139494      MovieLens100K    13
       MovieLens100K-938abed0         LensKit.PopScorer-f4aa5539-13 Precision  1 0.184517      MovieLens100K    13
       MovieLens100K-938abed0         LensKit.PopScorer-f4aa5539-13 Precision  5 0.139343      MovieLens100K    13
       MovieLens100K-938abed0         LensKit.PopScorer-f4aa5539-13 Precision 10 0.129374      MovieLens100K    13
       MovieLens100K-938abed0         LensKit.PopScorer-f4aa5539-13      NDCG  1 0.184517      MovieLens100K    29
       MovieLens100K-938abed0         LensKit.PopScorer-f4aa5539-13      NDCG  5 0.150137      MovieLens100K    29
       MovieLens100K-938abed0         LensKit.PopScorer-f4aa5539-13      NDCG 10 0.139494      MovieLens100K    29
       MovieLens100K-938abed0         LensKit.PopScorer-f4aa5539-13 Precision  1 0.184517      MovieLens100K    29
       MovieLens100K-938abed0         LensKit.PopScorer-f4aa5539-13 Precision  5 0.139343      MovieLens100K    29
       MovieLens100K-938abed0         LensKit.PopScorer-f4aa5539-13 Precision 10 0.129374      MovieLens100K    29
       MovieLens100K-938abed0         LensKit.PopScorer-f4aa5539-13      NDCG  1 0.184517      MovieLens100K    42
       MovieLens100K-938abed0         LensKit.PopScorer-f4aa5539-13      NDCG  5 0.150137      MovieLens100K    42
       MovieLens100K-938abed0         LensKit.PopScorer-f4aa5539-13      NDCG 10 0.139494      MovieLens100K    42
       MovieLens100K-938abed0         LensKit.PopScorer-f4aa5539-13 Precision  1 0.184517      MovieLens100K    42
       MovieLens100K-938abed0         LensKit.PopScorer-f4aa5539-13 Precision  5 0.139343      MovieLens100K    42
       MovieLens100K-938abed0         LensKit.PopScorer-f4aa5539-13 Precision 10 0.129374      MovieLens100K    42
       MovieLens100K-938abed0         LensKit.PopScorer-f4aa5539-13      NDCG  1 0.184517      MovieLens100K   101
       MovieLens100K-938abed0         LensKit.PopScorer-f4aa5539-13      NDCG  5 0.150137      MovieLens100K   101
       MovieLens100K-938abed0         LensKit.PopScorer-f4aa5539-13      NDCG 10 0.139494      MovieLens100K   101
       MovieLens100K-938abed0         LensKit.PopScorer-f4aa5539-13 Precision  1 0.184517      MovieLens100K   101
       MovieLens100K-938abed0         LensKit.PopScorer-f4aa5539-13 Precision  5 0.139343      MovieLens100K   101
       MovieLens100K-938abed0         LensKit.PopScorer-f4aa5539-13 Precision 10 0.129374      MovieLens100K   101
       MovieLens100K-938abed0         LensKit.PopScorer-f4aa5539-29      NDCG  1 0.222694      MovieLens100K    29
       MovieLens100K-938abed0         LensKit.PopScorer-f4aa5539-29      NDCG  5 0.165421      MovieLens100K    29
       MovieLens100K-938abed0         LensKit.PopScorer-f4aa5539-29      NDCG 10 0.153320      MovieLens100K    29
       MovieLens100K-938abed0         LensKit.PopScorer-f4aa5539-29 Precision  1 0.222694      MovieLens100K    29
       MovieLens100K-938abed0         LensKit.PopScorer-f4aa5539-29 Precision  5 0.152492      MovieLens100K    29
       MovieLens100K-938abed0         LensKit.PopScorer-f4aa5539-29 Precision 10 0.141676      MovieLens100K    29
       MovieLens100K-938abed0         LensKit.PopScorer-f4aa5539-29      NDCG  1 0.222694      MovieLens100K    42
       MovieLens100K-938abed0         LensKit.PopScorer-f4aa5539-29      NDCG  5 0.165421      MovieLens100K    42
       MovieLens100K-938abed0         LensKit.PopScorer-f4aa5539-29      NDCG 10 0.153320      MovieLens100K    42
       MovieLens100K-938abed0         LensKit.PopScorer-f4aa5539-29 Precision  1 0.222694      MovieLens100K    42
       MovieLens100K-938abed0         LensKit.PopScorer-f4aa5539-29 Precision  5 0.152492      MovieLens100K    42
       MovieLens100K-938abed0         LensKit.PopScorer-f4aa5539-29 Precision 10 0.141676      MovieLens100K    42
       MovieLens100K-938abed0         LensKit.PopScorer-f4aa5539-29      NDCG  1 0.222694      MovieLens100K   101
       MovieLens100K-938abed0         LensKit.PopScorer-f4aa5539-29      NDCG  5 0.165421      MovieLens100K   101
       MovieLens100K-938abed0         LensKit.PopScorer-f4aa5539-29      NDCG 10 0.153320      MovieLens100K   101
       MovieLens100K-938abed0         LensKit.PopScorer-f4aa5539-29 Precision  1 0.222694      MovieLens100K   101
       MovieLens100K-938abed0         LensKit.PopScorer-f4aa5539-29 Precision  5 0.152492      MovieLens100K   101
       MovieLens100K-938abed0         LensKit.PopScorer-f4aa5539-29 Precision 10 0.141676      MovieLens100K   101
       MovieLens100K-938abed0         LensKit.PopScorer-f4aa5539-42      NDCG  1 0.222694      MovieLens100K    42
       MovieLens100K-938abed0         LensKit.PopScorer-f4aa5539-42      NDCG  5 0.164529      MovieLens100K    42
       MovieLens100K-938abed0         LensKit.PopScorer-f4aa5539-42      NDCG 10 0.144470      MovieLens100K    42
       MovieLens100K-938abed0         LensKit.PopScorer-f4aa5539-42 Precision  1 0.222694      MovieLens100K    42
       MovieLens100K-938abed0         LensKit.PopScorer-f4aa5539-42 Precision  5 0.151007      MovieLens100K    42
       MovieLens100K-938abed0         LensKit.PopScorer-f4aa5539-42 Precision 10 0.128844      MovieLens100K    42
       MovieLens100K-938abed0         LensKit.PopScorer-f4aa5539-42      NDCG  1 0.222694      MovieLens100K   101
       MovieLens100K-938abed0         LensKit.PopScorer-f4aa5539-42      NDCG  5 0.164529      MovieLens100K   101
       MovieLens100K-938abed0         LensKit.PopScorer-f4aa5539-42      NDCG 10 0.144470      MovieLens100K   101
       MovieLens100K-938abed0         LensKit.PopScorer-f4aa5539-42 Precision  1 0.222694      MovieLens100K   101
       MovieLens100K-938abed0         LensKit.PopScorer-f4aa5539-42 Precision  5 0.151007      MovieLens100K   101
       MovieLens100K-938abed0         LensKit.PopScorer-f4aa5539-42 Precision 10 0.128844      MovieLens100K   101
       MovieLens100K-938abed0          LensKit.PopScorer-f4aa5539-7      NDCG  1 0.218452      MovieLens100K     7
       MovieLens100K-938abed0          LensKit.PopScorer-f4aa5539-7      NDCG  5 0.159858      MovieLens100K     7
       MovieLens100K-938abed0          LensKit.PopScorer-f4aa5539-7      NDCG 10 0.146344      MovieLens100K     7
       MovieLens100K-938abed0          LensKit.PopScorer-f4aa5539-7 Precision  1 0.218452      MovieLens100K     7
       MovieLens100K-938abed0          LensKit.PopScorer-f4aa5539-7 Precision  5 0.147402      MovieLens100K     7
       MovieLens100K-938abed0          LensKit.PopScorer-f4aa5539-7 Precision 10 0.134677      MovieLens100K     7
       MovieLens100K-938abed0          LensKit.PopScorer-f4aa5539-7      NDCG  1 0.218452      MovieLens100K    13
       MovieLens100K-938abed0          LensKit.PopScorer-f4aa5539-7      NDCG  5 0.159858      MovieLens100K    13
       MovieLens100K-938abed0          LensKit.PopScorer-f4aa5539-7      NDCG 10 0.146344      MovieLens100K    13
       MovieLens100K-938abed0          LensKit.PopScorer-f4aa5539-7 Precision  1 0.218452      MovieLens100K    13
       MovieLens100K-938abed0          LensKit.PopScorer-f4aa5539-7 Precision  5 0.147402      MovieLens100K    13
       MovieLens100K-938abed0          LensKit.PopScorer-f4aa5539-7 Precision 10 0.134677      MovieLens100K    13
       MovieLens100K-938abed0          LensKit.PopScorer-f4aa5539-7      NDCG  1 0.218452      MovieLens100K    29
       MovieLens100K-938abed0          LensKit.PopScorer-f4aa5539-7      NDCG  5 0.159858      MovieLens100K    29
       MovieLens100K-938abed0          LensKit.PopScorer-f4aa5539-7      NDCG 10 0.146344      MovieLens100K    29
       MovieLens100K-938abed0          LensKit.PopScorer-f4aa5539-7 Precision  1 0.218452      MovieLens100K    29
       MovieLens100K-938abed0          LensKit.PopScorer-f4aa5539-7 Precision  5 0.147402      MovieLens100K    29
       MovieLens100K-938abed0          LensKit.PopScorer-f4aa5539-7 Precision 10 0.134677      MovieLens100K    29
       MovieLens100K-938abed0          LensKit.PopScorer-f4aa5539-7      NDCG  1 0.218452      MovieLens100K    42
       MovieLens100K-938abed0          LensKit.PopScorer-f4aa5539-7      NDCG  5 0.159858      MovieLens100K    42
       MovieLens100K-938abed0          LensKit.PopScorer-f4aa5539-7      NDCG 10 0.146344      MovieLens100K    42
       MovieLens100K-938abed0          LensKit.PopScorer-f4aa5539-7 Precision  1 0.218452      MovieLens100K    42
       MovieLens100K-938abed0          LensKit.PopScorer-f4aa5539-7 Precision  5 0.147402      MovieLens100K    42
       MovieLens100K-938abed0          LensKit.PopScorer-f4aa5539-7 Precision 10 0.134677      MovieLens100K    42
       MovieLens100K-938abed0          LensKit.PopScorer-f4aa5539-7      NDCG  1 0.218452      MovieLens100K   101
       MovieLens100K-938abed0          LensKit.PopScorer-f4aa5539-7      NDCG  5 0.159858      MovieLens100K   101
       MovieLens100K-938abed0          LensKit.PopScorer-f4aa5539-7      NDCG 10 0.146344      MovieLens100K   101
       MovieLens100K-938abed0          LensKit.PopScorer-f4aa5539-7 Precision  1 0.218452      MovieLens100K   101
       MovieLens100K-938abed0          LensKit.PopScorer-f4aa5539-7 Precision  5 0.147402      MovieLens100K   101
       MovieLens100K-938abed0          LensKit.PopScorer-f4aa5539-7 Precision 10 0.134677      MovieLens100K   101

Summary across seeds:
           dataset                             algorithm    metric  k     mean          std           cv      min      max
Amazon Video Games LensKit.ImplicitMFScorer-f0dd7ecb-101      NDCG  1 0.190880 0.000000e+00 0.000000e+00 0.190880 0.190880
Amazon Video Games LensKit.ImplicitMFScorer-f0dd7ecb-101      NDCG  5 0.178198 0.000000e+00 0.000000e+00 0.178198 0.178198
Amazon Video Games LensKit.ImplicitMFScorer-f0dd7ecb-101      NDCG 10 0.164446 0.000000e+00 0.000000e+00 0.164446 0.164446
Amazon Video Games LensKit.ImplicitMFScorer-f0dd7ecb-101 Precision  1 0.190880 0.000000e+00 0.000000e+00 0.190880 0.190880
Amazon Video Games LensKit.ImplicitMFScorer-f0dd7ecb-101 Precision  5 0.173489 0.000000e+00 0.000000e+00 0.173489 0.173489
Amazon Video Games LensKit.ImplicitMFScorer-f0dd7ecb-101 Precision 10 0.155992 0.000000e+00 0.000000e+00 0.155992 0.155992
Amazon Video Games  LensKit.ImplicitMFScorer-f0dd7ecb-13      NDCG  1 0.182397 0.000000e+00 0.000000e+00 0.182397 0.182397
Amazon Video Games  LensKit.ImplicitMFScorer-f0dd7ecb-13      NDCG  5 0.173634 0.000000e+00 0.000000e+00 0.173634 0.173634
Amazon Video Games  LensKit.ImplicitMFScorer-f0dd7ecb-13      NDCG 10 0.160928 0.000000e+00 0.000000e+00 0.160928 0.160928
Amazon Video Games  LensKit.ImplicitMFScorer-f0dd7ecb-13 Precision  1 0.182397 0.000000e+00 0.000000e+00 0.182397 0.182397
Amazon Video Games  LensKit.ImplicitMFScorer-f0dd7ecb-13 Precision  5 0.170944 0.000000e+00 0.000000e+00 0.170944 0.170944
Amazon Video Games  LensKit.ImplicitMFScorer-f0dd7ecb-13 Precision 10 0.153977 0.000000e+00 0.000000e+00 0.153977 0.153977
Amazon Video Games  LensKit.ImplicitMFScorer-f0dd7ecb-29      NDCG  1 0.199364 0.000000e+00 0.000000e+00 0.199364 0.199364
Amazon Video Games  LensKit.ImplicitMFScorer-f0dd7ecb-29      NDCG  5 0.182785 0.000000e+00 0.000000e+00 0.182785 0.182785
Amazon Video Games  LensKit.ImplicitMFScorer-f0dd7ecb-29      NDCG 10 0.167198 0.000000e+00 0.000000e+00 0.167198 0.167198
Amazon Video Games  LensKit.ImplicitMFScorer-f0dd7ecb-29 Precision  1 0.199364 0.000000e+00 0.000000e+00 0.199364 0.199364
Amazon Video Games  LensKit.ImplicitMFScorer-f0dd7ecb-29 Precision  5 0.178791 0.000000e+00 0.000000e+00 0.178791 0.178791
Amazon Video Games  LensKit.ImplicitMFScorer-f0dd7ecb-29 Precision 10 0.158112 0.000000e+00 0.000000e+00 0.158112 0.158112
Amazon Video Games  LensKit.ImplicitMFScorer-f0dd7ecb-42      NDCG  1 0.190880 0.000000e+00 0.000000e+00 0.190880 0.190880
Amazon Video Games  LensKit.ImplicitMFScorer-f0dd7ecb-42      NDCG  5 0.171960 0.000000e+00 0.000000e+00 0.171960 0.171960
Amazon Video Games  LensKit.ImplicitMFScorer-f0dd7ecb-42      NDCG 10 0.162212 0.000000e+00 0.000000e+00 0.162212 0.162212
Amazon Video Games  LensKit.ImplicitMFScorer-f0dd7ecb-42 Precision  1 0.190880 0.000000e+00 0.000000e+00 0.190880 0.190880
Amazon Video Games  LensKit.ImplicitMFScorer-f0dd7ecb-42 Precision  5 0.167126 0.000000e+00 0.000000e+00 0.167126 0.167126
Amazon Video Games  LensKit.ImplicitMFScorer-f0dd7ecb-42 Precision 10 0.155249 0.000000e+00 0.000000e+00 0.155249 0.155249
Amazon Video Games   LensKit.ImplicitMFScorer-f0dd7ecb-7      NDCG  1 0.198303 0.000000e+00 0.000000e+00 0.198303 0.198303
Amazon Video Games   LensKit.ImplicitMFScorer-f0dd7ecb-7      NDCG  5 0.175218 0.000000e+00 0.000000e+00 0.175218 0.175218
Amazon Video Games   LensKit.ImplicitMFScorer-f0dd7ecb-7      NDCG 10 0.160326 0.000000e+00 0.000000e+00 0.160326 0.160326
Amazon Video Games   LensKit.ImplicitMFScorer-f0dd7ecb-7 Precision  1 0.198303 0.000000e+00 0.000000e+00 0.198303 0.198303
Amazon Video Games   LensKit.ImplicitMFScorer-f0dd7ecb-7 Precision  5 0.169247 0.000000e+00 0.000000e+00 0.169247 0.169247
Amazon Video Games   LensKit.ImplicitMFScorer-f0dd7ecb-7 Precision 10 0.151113 0.000000e+00 0.000000e+00 0.151113 0.151113
Amazon Video Games    LensKit.ItemKNNScorer-c3d66610-101      NDCG  1 0.226013 1.035624e-01 4.582135e-01 0.014618 0.268293
Amazon Video Games    LensKit.ItemKNNScorer-c3d66610-101      NDCG  5 0.190027 8.706586e-02 4.581752e-01 0.012305 0.225572
Amazon Video Games    LensKit.ItemKNNScorer-c3d66610-101      NDCG 10 0.170835 7.845851e-02 4.592651e-01 0.010682 0.202865
Amazon Video Games    LensKit.ItemKNNScorer-c3d66610-101 Precision  1 0.226013 1.035624e-01 4.582135e-01 0.014618 0.268293
Amazon Video Games    LensKit.ItemKNNScorer-c3d66610-101 Precision  5 0.180091 8.253399e-02 4.582894e-01 0.011620 0.213786
Amazon Video Games    LensKit.ItemKNNScorer-c3d66610-101 Precision 10 0.157227 7.230383e-02 4.598704e-01 0.009637 0.186744
Amazon Video Games     LensKit.ItemKNNScorer-c3d66610-13      NDCG  1 0.170776 1.445643e-01 8.465157e-01 0.018392 0.292683
Amazon Video Games     LensKit.ItemKNNScorer-c3d66610-13      NDCG  5 0.136202 1.157536e-01 8.498656e-01 0.014187 0.233814
Amazon Video Games     LensKit.ItemKNNScorer-c3d66610-13      NDCG 10 0.120781 1.030003e-01 8.527854e-01 0.012209 0.207638
Amazon Video Games     LensKit.ItemKNNScorer-c3d66610-13 Precision  1 0.170776 1.445643e-01 8.465157e-01 0.018392 0.292683
Amazon Video Games     LensKit.ItemKNNScorer-c3d66610-13 Precision  5 0.128734 1.096620e-01 8.518512e-01 0.013140 0.221209
Amazon Video Games     LensKit.ItemKNNScorer-c3d66610-13 Precision 10 0.110329 9.439021e-02 8.555344e-01 0.010833 0.189926
Amazon Video Games     LensKit.ItemKNNScorer-c3d66610-29      NDCG  1 0.166791 1.239867e-01 7.433664e-01 0.017063 0.256628
Amazon Video Games     LensKit.ItemKNNScorer-c3d66610-29      NDCG  5 0.151335 1.141082e-01 7.540087e-01 0.013537 0.234015
Amazon Video Games     LensKit.ItemKNNScorer-c3d66610-29      NDCG 10 0.133274 1.007439e-01 7.559146e-01 0.011614 0.206270
Amazon Video Games     LensKit.ItemKNNScorer-c3d66610-29 Precision  1 0.166791 1.239867e-01 7.433664e-01 0.017063 0.256628
Amazon Video Games     LensKit.ItemKNNScorer-c3d66610-29 Precision  5 0.145498 1.100521e-01 7.563812e-01 0.012598 0.225239
Amazon Video Games     LensKit.ItemKNNScorer-c3d66610-29 Precision 10 0.122567 9.296445e-02 7.584809e-01 0.010301 0.189926
Amazon Video Games     LensKit.ItemKNNScorer-c3d66610-42      NDCG  1 0.205784 1.284858e-01 6.243707e-01 0.017701 0.281018
Amazon Video Games     LensKit.ItemKNNScorer-c3d66610-42      NDCG  5 0.173611 1.091987e-01 6.289850e-01 0.013760 0.237551
Amazon Video Games     LensKit.ItemKNNScorer-c3d66610-42      NDCG 10 0.152324 9.603410e-02 6.304589e-01 0.011745 0.208556
Amazon Video Games     LensKit.ItemKNNScorer-c3d66610-42 Precision  1 0.205784 1.284858e-01 6.243707e-01 0.017701 0.281018
Amazon Video Games     LensKit.ItemKNNScorer-c3d66610-42 Precision  5 0.164205 1.035097e-01 6.303672e-01 0.012683 0.224814
Amazon Video Games     LensKit.ItemKNNScorer-c3d66610-42 Precision 10 0.138312 8.742259e-02 6.320673e-01 0.010339 0.189502
Amazon Video Games      LensKit.ItemKNNScorer-c3d66610-7      NDCG  1 0.152248 1.424421e-01 9.355910e-01 0.017116 0.287381
Amazon Video Games      LensKit.ItemKNNScorer-c3d66610-7      NDCG  5 0.127812 1.213458e-01 9.494066e-01 0.012694 0.242931
Amazon Video Games      LensKit.ItemKNNScorer-c3d66610-7      NDCG 10 0.112529 1.068715e-01 9.497213e-01 0.011142 0.213917
Amazon Video Games      LensKit.ItemKNNScorer-c3d66610-7 Precision  1 0.152248 1.424421e-01 9.355910e-01 0.017116 0.287381
Amazon Video Games      LensKit.ItemKNNScorer-c3d66610-7 Precision  5 0.121404 1.157113e-01 9.531124e-01 0.011630 0.231177
Amazon Video Games      LensKit.ItemKNNScorer-c3d66610-7 Precision 10 0.102624 9.772528e-02 9.522682e-01 0.009913 0.195334
Amazon Video Games        LensKit.PopScorer-f4aa5539-101      NDCG  1 0.194062 0.000000e+00 0.000000e+00 0.194062 0.194062
Amazon Video Games        LensKit.PopScorer-f4aa5539-101      NDCG  5 0.158462 0.000000e+00 0.000000e+00 0.158462 0.158462
Amazon Video Games        LensKit.PopScorer-f4aa5539-101      NDCG 10 0.142090 0.000000e+00 0.000000e+00 0.142090 0.142090
Amazon Video Games        LensKit.PopScorer-f4aa5539-101 Precision  1 0.194062 0.000000e+00 0.000000e+00 0.194062 0.194062
Amazon Video Games        LensKit.PopScorer-f4aa5539-101 Precision  5 0.148250 0.000000e+00 0.000000e+00 0.148250 0.148250
Amazon Video Games        LensKit.PopScorer-f4aa5539-101 Precision 10 0.130329 0.000000e+00 0.000000e+00 0.130329 0.130329
Amazon Video Games         LensKit.PopScorer-f4aa5539-13      NDCG  1 0.184517 0.000000e+00 0.000000e+00 0.184517 0.184517
Amazon Video Games         LensKit.PopScorer-f4aa5539-13      NDCG  5 0.150137 0.000000e+00 0.000000e+00 0.150137 0.150137
Amazon Video Games         LensKit.PopScorer-f4aa5539-13      NDCG 10 0.139494 0.000000e+00 0.000000e+00 0.139494 0.139494
Amazon Video Games         LensKit.PopScorer-f4aa5539-13 Precision  1 0.184517 0.000000e+00 0.000000e+00 0.184517 0.184517
Amazon Video Games         LensKit.PopScorer-f4aa5539-13 Precision  5 0.139343 0.000000e+00 0.000000e+00 0.139343 0.139343
Amazon Video Games         LensKit.PopScorer-f4aa5539-13 Precision 10 0.129374 0.000000e+00 0.000000e+00 0.129374 0.129374
Amazon Video Games         LensKit.PopScorer-f4aa5539-29      NDCG  1 0.222694 0.000000e+00 0.000000e+00 0.222694 0.222694
Amazon Video Games         LensKit.PopScorer-f4aa5539-29      NDCG  5 0.165421 0.000000e+00 0.000000e+00 0.165421 0.165421
Amazon Video Games         LensKit.PopScorer-f4aa5539-29      NDCG 10 0.153320 0.000000e+00 0.000000e+00 0.153320 0.153320
Amazon Video Games         LensKit.PopScorer-f4aa5539-29 Precision  1 0.222694 0.000000e+00 0.000000e+00 0.222694 0.222694
Amazon Video Games         LensKit.PopScorer-f4aa5539-29 Precision  5 0.152492 0.000000e+00 0.000000e+00 0.152492 0.152492
Amazon Video Games         LensKit.PopScorer-f4aa5539-29 Precision 10 0.141676 0.000000e+00 0.000000e+00 0.141676 0.141676
Amazon Video Games         LensKit.PopScorer-f4aa5539-42      NDCG  1 0.222694 0.000000e+00 0.000000e+00 0.222694 0.222694
Amazon Video Games         LensKit.PopScorer-f4aa5539-42      NDCG  5 0.164529 0.000000e+00 0.000000e+00 0.164529 0.164529
Amazon Video Games         LensKit.PopScorer-f4aa5539-42      NDCG 10 0.144470 0.000000e+00 0.000000e+00 0.144470 0.144470
Amazon Video Games         LensKit.PopScorer-f4aa5539-42 Precision  1 0.222694 0.000000e+00 0.000000e+00 0.222694 0.222694
Amazon Video Games         LensKit.PopScorer-f4aa5539-42 Precision  5 0.151007 0.000000e+00 0.000000e+00 0.151007 0.151007
Amazon Video Games         LensKit.PopScorer-f4aa5539-42 Precision 10 0.128844 0.000000e+00 0.000000e+00 0.128844 0.128844
Amazon Video Games          LensKit.PopScorer-f4aa5539-7      NDCG  1 0.218452 0.000000e+00 0.000000e+00 0.218452 0.218452
Amazon Video Games          LensKit.PopScorer-f4aa5539-7      NDCG  5 0.159858 0.000000e+00 0.000000e+00 0.159858 0.159858
Amazon Video Games          LensKit.PopScorer-f4aa5539-7      NDCG 10 0.146344 0.000000e+00 0.000000e+00 0.146344 0.146344
Amazon Video Games          LensKit.PopScorer-f4aa5539-7 Precision  1 0.218452 0.000000e+00 0.000000e+00 0.218452 0.218452
Amazon Video Games          LensKit.PopScorer-f4aa5539-7 Precision  5 0.147402 0.000000e+00 0.000000e+00 0.147402 0.147402
Amazon Video Games          LensKit.PopScorer-f4aa5539-7 Precision 10 0.134677 0.000000e+00 0.000000e+00 0.134677 0.134677
           Last.FM LensKit.ImplicitMFScorer-f0dd7ecb-101      NDCG  1 0.190880 0.000000e+00 0.000000e+00 0.190880 0.190880
           Last.FM LensKit.ImplicitMFScorer-f0dd7ecb-101      NDCG  5 0.178198 0.000000e+00 0.000000e+00 0.178198 0.178198
           Last.FM LensKit.ImplicitMFScorer-f0dd7ecb-101      NDCG 10 0.164446 0.000000e+00 0.000000e+00 0.164446 0.164446
           Last.FM LensKit.ImplicitMFScorer-f0dd7ecb-101 Precision  1 0.190880 0.000000e+00 0.000000e+00 0.190880 0.190880
           Last.FM LensKit.ImplicitMFScorer-f0dd7ecb-101 Precision  5 0.173489 0.000000e+00 0.000000e+00 0.173489 0.173489
           Last.FM LensKit.ImplicitMFScorer-f0dd7ecb-101 Precision 10 0.155992 0.000000e+00 0.000000e+00 0.155992 0.155992
           Last.FM  LensKit.ImplicitMFScorer-f0dd7ecb-13      NDCG  1 0.182397 0.000000e+00 0.000000e+00 0.182397 0.182397
           Last.FM  LensKit.ImplicitMFScorer-f0dd7ecb-13      NDCG  5 0.173634 0.000000e+00 0.000000e+00 0.173634 0.173634
           Last.FM  LensKit.ImplicitMFScorer-f0dd7ecb-13      NDCG 10 0.160928 0.000000e+00 0.000000e+00 0.160928 0.160928
           Last.FM  LensKit.ImplicitMFScorer-f0dd7ecb-13 Precision  1 0.182397 0.000000e+00 0.000000e+00 0.182397 0.182397
           Last.FM  LensKit.ImplicitMFScorer-f0dd7ecb-13 Precision  5 0.170944 0.000000e+00 0.000000e+00 0.170944 0.170944
           Last.FM  LensKit.ImplicitMFScorer-f0dd7ecb-13 Precision 10 0.153977 0.000000e+00 0.000000e+00 0.153977 0.153977
           Last.FM  LensKit.ImplicitMFScorer-f0dd7ecb-29      NDCG  1 0.199364 0.000000e+00 0.000000e+00 0.199364 0.199364
           Last.FM  LensKit.ImplicitMFScorer-f0dd7ecb-29      NDCG  5 0.182785 0.000000e+00 0.000000e+00 0.182785 0.182785
           Last.FM  LensKit.ImplicitMFScorer-f0dd7ecb-29      NDCG 10 0.167198 0.000000e+00 0.000000e+00 0.167198 0.167198
           Last.FM  LensKit.ImplicitMFScorer-f0dd7ecb-29 Precision  1 0.199364 0.000000e+00 0.000000e+00 0.199364 0.199364
           Last.FM  LensKit.ImplicitMFScorer-f0dd7ecb-29 Precision  5 0.178791 0.000000e+00 0.000000e+00 0.178791 0.178791
           Last.FM  LensKit.ImplicitMFScorer-f0dd7ecb-29 Precision 10 0.158112 0.000000e+00 0.000000e+00 0.158112 0.158112
           Last.FM  LensKit.ImplicitMFScorer-f0dd7ecb-42      NDCG  1 0.190880 0.000000e+00 0.000000e+00 0.190880 0.190880
           Last.FM  LensKit.ImplicitMFScorer-f0dd7ecb-42      NDCG  5 0.171960 0.000000e+00 0.000000e+00 0.171960 0.171960
           Last.FM  LensKit.ImplicitMFScorer-f0dd7ecb-42      NDCG 10 0.162212 0.000000e+00 0.000000e+00 0.162212 0.162212
           Last.FM  LensKit.ImplicitMFScorer-f0dd7ecb-42 Precision  1 0.190880 0.000000e+00 0.000000e+00 0.190880 0.190880
           Last.FM  LensKit.ImplicitMFScorer-f0dd7ecb-42 Precision  5 0.167126 0.000000e+00 0.000000e+00 0.167126 0.167126
           Last.FM  LensKit.ImplicitMFScorer-f0dd7ecb-42 Precision 10 0.155249 0.000000e+00 0.000000e+00 0.155249 0.155249
           Last.FM   LensKit.ImplicitMFScorer-f0dd7ecb-7      NDCG  1 0.198303 0.000000e+00 0.000000e+00 0.198303 0.198303
           Last.FM   LensKit.ImplicitMFScorer-f0dd7ecb-7      NDCG  5 0.175218 0.000000e+00 0.000000e+00 0.175218 0.175218
           Last.FM   LensKit.ImplicitMFScorer-f0dd7ecb-7      NDCG 10 0.160326 0.000000e+00 0.000000e+00 0.160326 0.160326
           Last.FM   LensKit.ImplicitMFScorer-f0dd7ecb-7 Precision  1 0.198303 0.000000e+00 0.000000e+00 0.198303 0.198303
           Last.FM   LensKit.ImplicitMFScorer-f0dd7ecb-7 Precision  5 0.169247 0.000000e+00 0.000000e+00 0.169247 0.169247
           Last.FM   LensKit.ImplicitMFScorer-f0dd7ecb-7 Precision 10 0.151113 0.000000e+00 0.000000e+00 0.151113 0.151113
           Last.FM    LensKit.ItemKNNScorer-c3d66610-101      NDCG  1 0.141455 1.336985e-01 9.451658e-01 0.014618 0.268293
           Last.FM    LensKit.ItemKNNScorer-c3d66610-101      NDCG  5 0.118938 1.124015e-01 9.450396e-01 0.012305 0.225572
           Last.FM    LensKit.ItemKNNScorer-c3d66610-101      NDCG 10 0.106774 1.012895e-01 9.486363e-01 0.010682 0.202865
           Last.FM    LensKit.ItemKNNScorer-c3d66610-101 Precision  1 0.141455 1.336985e-01 9.451658e-01 0.014618 0.268293
           Last.FM    LensKit.ItemKNNScorer-c3d66610-101 Precision  5 0.112703 1.065509e-01 9.454158e-01 0.011620 0.213786
           Last.FM    LensKit.ItemKNNScorer-c3d66610-101 Precision 10 0.098191 9.334384e-02 9.506383e-01 0.009637 0.186744
           Last.FM     LensKit.ItemKNNScorer-c3d66610-13      NDCG  1 0.155537 1.445643e-01 9.294511e-01 0.018392 0.292683
           Last.FM     LensKit.ItemKNNScorer-c3d66610-13      NDCG  5 0.124001 1.157536e-01 9.334912e-01 0.014187 0.233814
           Last.FM     LensKit.ItemKNNScorer-c3d66610-13      NDCG 10 0.109924 1.030003e-01 9.370151e-01 0.012209 0.207638
           Last.FM     LensKit.ItemKNNScorer-c3d66610-13 Precision  1 0.155537 1.445643e-01 9.294511e-01 0.018392 0.292683
           Last.FM     LensKit.ItemKNNScorer-c3d66610-13 Precision  5 0.117174 1.096620e-01 9.358874e-01 0.013140 0.221209
           Last.FM     LensKit.ItemKNNScorer-c3d66610-13 Precision 10 0.100379 9.439021e-02 9.403349e-01 0.010833 0.189926
           Last.FM     LensKit.ItemKNNScorer-c3d66610-29      NDCG  1 0.136845 1.262619e-01 9.226621e-01 0.017063 0.256628
           Last.FM     LensKit.ItemKNNScorer-c3d66610-29      NDCG  5 0.123776 1.162021e-01 9.388125e-01 0.013537 0.234015
           Last.FM     LensKit.ItemKNNScorer-c3d66610-29      NDCG 10 0.108942 1.025925e-01 9.417155e-01 0.011614 0.206270
           Last.FM     LensKit.ItemKNNScorer-c3d66610-29 Precision  1 0.136845 1.262619e-01 9.226621e-01 0.017063 0.256628
           Last.FM     LensKit.ItemKNNScorer-c3d66610-29 Precision  5 0.118918 1.120716e-01 9.424266e-01 0.012598 0.225239
           Last.FM     LensKit.ItemKNNScorer-c3d66610-29 Precision 10 0.100114 9.467036e-02 9.456296e-01 0.010301 0.189926
           Last.FM     LensKit.ItemKNNScorer-c3d66610-42      NDCG  1 0.149359 1.387805e-01 9.291723e-01 0.017701 0.281018
           Last.FM     LensKit.ItemKNNScorer-c3d66610-42      NDCG  5 0.125656 1.179481e-01 9.386599e-01 0.013760 0.237551
           Last.FM     LensKit.ItemKNNScorer-c3d66610-42      NDCG 10 0.110150 1.037287e-01 9.417016e-01 0.011745 0.208556
           Last.FM     LensKit.ItemKNNScorer-c3d66610-42 Precision  1 0.149359 1.387805e-01 9.291723e-01 0.017701 0.281018
           Last.FM     LensKit.ItemKNNScorer-c3d66610-42 Precision  5 0.118749 1.118032e-01 9.415122e-01 0.012683 0.224814
           Last.FM     LensKit.ItemKNNScorer-c3d66610-42 Precision 10 0.099920 9.442719e-02 9.450270e-01 0.010339 0.189502
           Last.FM      LensKit.ItemKNNScorer-c3d66610-7      NDCG  1 0.152248 1.424421e-01 9.355910e-01 0.017116 0.287381
           Last.FM      LensKit.ItemKNNScorer-c3d66610-7      NDCG  5 0.127812 1.213458e-01 9.494066e-01 0.012694 0.242931
           Last.FM      LensKit.ItemKNNScorer-c3d66610-7      NDCG 10 0.112529 1.068715e-01 9.497213e-01 0.011142 0.213917
           Last.FM      LensKit.ItemKNNScorer-c3d66610-7 Precision  1 0.152248 1.424421e-01 9.355910e-01 0.017116 0.287381
           Last.FM      LensKit.ItemKNNScorer-c3d66610-7 Precision  5 0.121404 1.157113e-01 9.531124e-01 0.011630 0.231177
           Last.FM      LensKit.ItemKNNScorer-c3d66610-7 Precision 10 0.102624 9.772528e-02 9.522682e-01 0.009913 0.195334
           Last.FM        LensKit.PopScorer-f4aa5539-101      NDCG  1 0.194062 0.000000e+00 0.000000e+00 0.194062 0.194062
           Last.FM        LensKit.PopScorer-f4aa5539-101      NDCG  5 0.158462 0.000000e+00 0.000000e+00 0.158462 0.158462
           Last.FM        LensKit.PopScorer-f4aa5539-101      NDCG 10 0.142090 0.000000e+00 0.000000e+00 0.142090 0.142090
           Last.FM        LensKit.PopScorer-f4aa5539-101 Precision  1 0.194062 0.000000e+00 0.000000e+00 0.194062 0.194062
           Last.FM        LensKit.PopScorer-f4aa5539-101 Precision  5 0.148250 0.000000e+00 0.000000e+00 0.148250 0.148250
           Last.FM        LensKit.PopScorer-f4aa5539-101 Precision 10 0.130329 0.000000e+00 0.000000e+00 0.130329 0.130329
           Last.FM         LensKit.PopScorer-f4aa5539-13      NDCG  1 0.184517 0.000000e+00 0.000000e+00 0.184517 0.184517
           Last.FM         LensKit.PopScorer-f4aa5539-13      NDCG  5 0.150137 0.000000e+00 0.000000e+00 0.150137 0.150137
           Last.FM         LensKit.PopScorer-f4aa5539-13      NDCG 10 0.139494 0.000000e+00 0.000000e+00 0.139494 0.139494
           Last.FM         LensKit.PopScorer-f4aa5539-13 Precision  1 0.184517 0.000000e+00 0.000000e+00 0.184517 0.184517
           Last.FM         LensKit.PopScorer-f4aa5539-13 Precision  5 0.139343 0.000000e+00 0.000000e+00 0.139343 0.139343
           Last.FM         LensKit.PopScorer-f4aa5539-13 Precision 10 0.129374 0.000000e+00 0.000000e+00 0.129374 0.129374
           Last.FM         LensKit.PopScorer-f4aa5539-29      NDCG  1 0.222694 0.000000e+00 0.000000e+00 0.222694 0.222694
           Last.FM         LensKit.PopScorer-f4aa5539-29      NDCG  5 0.165421 0.000000e+00 0.000000e+00 0.165421 0.165421
           Last.FM         LensKit.PopScorer-f4aa5539-29      NDCG 10 0.153320 0.000000e+00 0.000000e+00 0.153320 0.153320
           Last.FM         LensKit.PopScorer-f4aa5539-29 Precision  1 0.222694 0.000000e+00 0.000000e+00 0.222694 0.222694
           Last.FM         LensKit.PopScorer-f4aa5539-29 Precision  5 0.152492 0.000000e+00 0.000000e+00 0.152492 0.152492
           Last.FM         LensKit.PopScorer-f4aa5539-29 Precision 10 0.141676 0.000000e+00 0.000000e+00 0.141676 0.141676
           Last.FM         LensKit.PopScorer-f4aa5539-42      NDCG  1 0.222694 0.000000e+00 0.000000e+00 0.222694 0.222694
           Last.FM         LensKit.PopScorer-f4aa5539-42      NDCG  5 0.164529 0.000000e+00 0.000000e+00 0.164529 0.164529
           Last.FM         LensKit.PopScorer-f4aa5539-42      NDCG 10 0.144470 0.000000e+00 0.000000e+00 0.144470 0.144470
           Last.FM         LensKit.PopScorer-f4aa5539-42 Precision  1 0.222694 0.000000e+00 0.000000e+00 0.222694 0.222694
           Last.FM         LensKit.PopScorer-f4aa5539-42 Precision  5 0.151007 0.000000e+00 0.000000e+00 0.151007 0.151007
           Last.FM         LensKit.PopScorer-f4aa5539-42 Precision 10 0.128844 0.000000e+00 0.000000e+00 0.128844 0.128844
           Last.FM          LensKit.PopScorer-f4aa5539-7      NDCG  1 0.218452 0.000000e+00 0.000000e+00 0.218452 0.218452
           Last.FM          LensKit.PopScorer-f4aa5539-7      NDCG  5 0.159858 0.000000e+00 0.000000e+00 0.159858 0.159858
           Last.FM          LensKit.PopScorer-f4aa5539-7      NDCG 10 0.146344 0.000000e+00 0.000000e+00 0.146344 0.146344
           Last.FM          LensKit.PopScorer-f4aa5539-7 Precision  1 0.218452 0.000000e+00 0.000000e+00 0.218452 0.218452
           Last.FM          LensKit.PopScorer-f4aa5539-7 Precision  5 0.147402 0.000000e+00 0.000000e+00 0.147402 0.147402
           Last.FM          LensKit.PopScorer-f4aa5539-7 Precision 10 0.134677 0.000000e+00 0.000000e+00 0.134677 0.134677
     MovieLens100K LensKit.ImplicitMFScorer-f0dd7ecb-101      NDCG  1 0.190880 0.000000e+00 0.000000e+00 0.190880 0.190880
     MovieLens100K LensKit.ImplicitMFScorer-f0dd7ecb-101      NDCG  5 0.178198 0.000000e+00 0.000000e+00 0.178198 0.178198
     MovieLens100K LensKit.ImplicitMFScorer-f0dd7ecb-101      NDCG 10 0.164446 0.000000e+00 0.000000e+00 0.164446 0.164446
     MovieLens100K LensKit.ImplicitMFScorer-f0dd7ecb-101 Precision  1 0.190880 0.000000e+00 0.000000e+00 0.190880 0.190880
     MovieLens100K LensKit.ImplicitMFScorer-f0dd7ecb-101 Precision  5 0.173489 0.000000e+00 0.000000e+00 0.173489 0.173489
     MovieLens100K LensKit.ImplicitMFScorer-f0dd7ecb-101 Precision 10 0.155992 0.000000e+00 0.000000e+00 0.155992 0.155992
     MovieLens100K  LensKit.ImplicitMFScorer-f0dd7ecb-13      NDCG  1 0.182397 0.000000e+00 0.000000e+00 0.182397 0.182397
     MovieLens100K  LensKit.ImplicitMFScorer-f0dd7ecb-13      NDCG  5 0.173634 0.000000e+00 0.000000e+00 0.173634 0.173634
     MovieLens100K  LensKit.ImplicitMFScorer-f0dd7ecb-13      NDCG 10 0.160928 0.000000e+00 0.000000e+00 0.160928 0.160928
     MovieLens100K  LensKit.ImplicitMFScorer-f0dd7ecb-13 Precision  1 0.182397 0.000000e+00 0.000000e+00 0.182397 0.182397
     MovieLens100K  LensKit.ImplicitMFScorer-f0dd7ecb-13 Precision  5 0.170944 0.000000e+00 0.000000e+00 0.170944 0.170944
     MovieLens100K  LensKit.ImplicitMFScorer-f0dd7ecb-13 Precision 10 0.153977 0.000000e+00 0.000000e+00 0.153977 0.153977
     MovieLens100K  LensKit.ImplicitMFScorer-f0dd7ecb-29      NDCG  1 0.199364 0.000000e+00 0.000000e+00 0.199364 0.199364
     MovieLens100K  LensKit.ImplicitMFScorer-f0dd7ecb-29      NDCG  5 0.182785 0.000000e+00 0.000000e+00 0.182785 0.182785
     MovieLens100K  LensKit.ImplicitMFScorer-f0dd7ecb-29      NDCG 10 0.167198 0.000000e+00 0.000000e+00 0.167198 0.167198
     MovieLens100K  LensKit.ImplicitMFScorer-f0dd7ecb-29 Precision  1 0.199364 0.000000e+00 0.000000e+00 0.199364 0.199364
     MovieLens100K  LensKit.ImplicitMFScorer-f0dd7ecb-29 Precision  5 0.178791 0.000000e+00 0.000000e+00 0.178791 0.178791
     MovieLens100K  LensKit.ImplicitMFScorer-f0dd7ecb-29 Precision 10 0.158112 0.000000e+00 0.000000e+00 0.158112 0.158112
     MovieLens100K  LensKit.ImplicitMFScorer-f0dd7ecb-42      NDCG  1 0.190880 0.000000e+00 0.000000e+00 0.190880 0.190880
     MovieLens100K  LensKit.ImplicitMFScorer-f0dd7ecb-42      NDCG  5 0.171960 0.000000e+00 0.000000e+00 0.171960 0.171960
     MovieLens100K  LensKit.ImplicitMFScorer-f0dd7ecb-42      NDCG 10 0.162212 0.000000e+00 0.000000e+00 0.162212 0.162212
     MovieLens100K  LensKit.ImplicitMFScorer-f0dd7ecb-42 Precision  1 0.190880 0.000000e+00 0.000000e+00 0.190880 0.190880
     MovieLens100K  LensKit.ImplicitMFScorer-f0dd7ecb-42 Precision  5 0.167126 0.000000e+00 0.000000e+00 0.167126 0.167126
     MovieLens100K  LensKit.ImplicitMFScorer-f0dd7ecb-42 Precision 10 0.155249 0.000000e+00 0.000000e+00 0.155249 0.155249
     MovieLens100K   LensKit.ImplicitMFScorer-f0dd7ecb-7      NDCG  1 0.198303 0.000000e+00 0.000000e+00 0.198303 0.198303
     MovieLens100K   LensKit.ImplicitMFScorer-f0dd7ecb-7      NDCG  5 0.175218 0.000000e+00 0.000000e+00 0.175218 0.175218
     MovieLens100K   LensKit.ImplicitMFScorer-f0dd7ecb-7      NDCG 10 0.160326 0.000000e+00 0.000000e+00 0.160326 0.160326
     MovieLens100K   LensKit.ImplicitMFScorer-f0dd7ecb-7 Precision  1 0.198303 0.000000e+00 0.000000e+00 0.198303 0.198303
     MovieLens100K   LensKit.ImplicitMFScorer-f0dd7ecb-7 Precision  5 0.169247 0.000000e+00 0.000000e+00 0.169247 0.169247
     MovieLens100K   LensKit.ImplicitMFScorer-f0dd7ecb-7 Precision 10 0.151113 0.000000e+00 0.000000e+00 0.151113 0.151113
     MovieLens100K    LensKit.ItemKNNScorer-c3d66610-101      NDCG  1 0.268293 0.000000e+00 0.000000e+00 0.268293 0.268293
     MovieLens100K    LensKit.ItemKNNScorer-c3d66610-101      NDCG  5 0.225572 0.000000e+00 0.000000e+00 0.225572 0.225572
     MovieLens100K    LensKit.ItemKNNScorer-c3d66610-101      NDCG 10 0.202865 0.000000e+00 0.000000e+00 0.202865 0.202865
     MovieLens100K    LensKit.ItemKNNScorer-c3d66610-101 Precision  1 0.268293 0.000000e+00 0.000000e+00 0.268293 0.268293
     MovieLens100K    LensKit.ItemKNNScorer-c3d66610-101 Precision  5 0.213786 0.000000e+00 0.000000e+00 0.213786 0.213786
     MovieLens100K    LensKit.ItemKNNScorer-c3d66610-101 Precision 10 0.186744 0.000000e+00 0.000000e+00 0.186744 0.186744
     MovieLens100K     LensKit.ItemKNNScorer-c3d66610-13      NDCG  1 0.292683 0.000000e+00 0.000000e+00 0.292683 0.292683
     MovieLens100K     LensKit.ItemKNNScorer-c3d66610-13      NDCG  5 0.233814 0.000000e+00 0.000000e+00 0.233814 0.233814
     MovieLens100K     LensKit.ItemKNNScorer-c3d66610-13      NDCG 10 0.207638 0.000000e+00 0.000000e+00 0.207638 0.207638
     MovieLens100K     LensKit.ItemKNNScorer-c3d66610-13 Precision  1 0.292683 0.000000e+00 0.000000e+00 0.292683 0.292683
     MovieLens100K     LensKit.ItemKNNScorer-c3d66610-13 Precision  5 0.221209 0.000000e+00 0.000000e+00 0.221209 0.221209
     MovieLens100K     LensKit.ItemKNNScorer-c3d66610-13 Precision 10 0.189926 0.000000e+00 0.000000e+00 0.189926 0.189926
     MovieLens100K     LensKit.ItemKNNScorer-c3d66610-29      NDCG  1 0.256628 0.000000e+00 0.000000e+00 0.256628 0.256628
     MovieLens100K     LensKit.ItemKNNScorer-c3d66610-29      NDCG  5 0.234015 0.000000e+00 0.000000e+00 0.234015 0.234015
     MovieLens100K     LensKit.ItemKNNScorer-c3d66610-29      NDCG 10 0.206270 3.399350e-17 1.648010e-16 0.206270 0.206270
     MovieLens100K     LensKit.ItemKNNScorer-c3d66610-29 Precision  1 0.256628 0.000000e+00 0.000000e+00 0.256628 0.256628
     MovieLens100K     LensKit.ItemKNNScorer-c3d66610-29 Precision  5 0.225239 0.000000e+00 0.000000e+00 0.225239 0.225239
     MovieLens100K     LensKit.ItemKNNScorer-c3d66610-29 Precision 10 0.189926 3.399350e-17 1.789831e-16 0.189926 0.189926
     MovieLens100K     LensKit.ItemKNNScorer-c3d66610-42      NDCG  1 0.281018 0.000000e+00 0.000000e+00 0.281018 0.281018
     MovieLens100K     LensKit.ItemKNNScorer-c3d66610-42      NDCG  5 0.237551 0.000000e+00 0.000000e+00 0.237551 0.237551
     MovieLens100K     LensKit.ItemKNNScorer-c3d66610-42      NDCG 10 0.208556 0.000000e+00 0.000000e+00 0.208556 0.208556
     MovieLens100K     LensKit.ItemKNNScorer-c3d66610-42 Precision  1 0.281018 0.000000e+00 0.000000e+00 0.281018 0.281018
     MovieLens100K     LensKit.ItemKNNScorer-c3d66610-42 Precision  5 0.224814 0.000000e+00 0.000000e+00 0.224814 0.224814
     MovieLens100K     LensKit.ItemKNNScorer-c3d66610-42 Precision 10 0.189502 0.000000e+00 0.000000e+00 0.189502 0.189502
     MovieLens100K      LensKit.ItemKNNScorer-c3d66610-7      NDCG  1 0.287381 0.000000e+00 0.000000e+00 0.287381 0.287381
     MovieLens100K      LensKit.ItemKNNScorer-c3d66610-7      NDCG  5 0.242931 0.000000e+00 0.000000e+00 0.242931 0.242931
     MovieLens100K      LensKit.ItemKNNScorer-c3d66610-7      NDCG 10 0.213917 0.000000e+00 0.000000e+00 0.213917 0.213917
     MovieLens100K      LensKit.ItemKNNScorer-c3d66610-7 Precision  1 0.287381 0.000000e+00 0.000000e+00 0.287381 0.287381
     MovieLens100K      LensKit.ItemKNNScorer-c3d66610-7 Precision  5 0.231177 0.000000e+00 0.000000e+00 0.231177 0.231177
     MovieLens100K      LensKit.ItemKNNScorer-c3d66610-7 Precision 10 0.195334 0.000000e+00 0.000000e+00 0.195334 0.195334
     MovieLens100K        LensKit.PopScorer-f4aa5539-101      NDCG  1 0.194062 0.000000e+00 0.000000e+00 0.194062 0.194062
     MovieLens100K        LensKit.PopScorer-f4aa5539-101      NDCG  5 0.158462 0.000000e+00 0.000000e+00 0.158462 0.158462
     MovieLens100K        LensKit.PopScorer-f4aa5539-101      NDCG 10 0.142090 0.000000e+00 0.000000e+00 0.142090 0.142090
     MovieLens100K        LensKit.PopScorer-f4aa5539-101 Precision  1 0.194062 0.000000e+00 0.000000e+00 0.194062 0.194062
     MovieLens100K        LensKit.PopScorer-f4aa5539-101 Precision  5 0.148250 0.000000e+00 0.000000e+00 0.148250 0.148250
     MovieLens100K        LensKit.PopScorer-f4aa5539-101 Precision 10 0.130329 0.000000e+00 0.000000e+00 0.130329 0.130329
     MovieLens100K         LensKit.PopScorer-f4aa5539-13      NDCG  1 0.184517 0.000000e+00 0.000000e+00 0.184517 0.184517
     MovieLens100K         LensKit.PopScorer-f4aa5539-13      NDCG  5 0.150137 0.000000e+00 0.000000e+00 0.150137 0.150137
     MovieLens100K         LensKit.PopScorer-f4aa5539-13      NDCG 10 0.139494 0.000000e+00 0.000000e+00 0.139494 0.139494
     MovieLens100K         LensKit.PopScorer-f4aa5539-13 Precision  1 0.184517 0.000000e+00 0.000000e+00 0.184517 0.184517
     MovieLens100K         LensKit.PopScorer-f4aa5539-13 Precision  5 0.139343 0.000000e+00 0.000000e+00 0.139343 0.139343
     MovieLens100K         LensKit.PopScorer-f4aa5539-13 Precision 10 0.129374 0.000000e+00 0.000000e+00 0.129374 0.129374
     MovieLens100K         LensKit.PopScorer-f4aa5539-29      NDCG  1 0.222694 0.000000e+00 0.000000e+00 0.222694 0.222694
     MovieLens100K         LensKit.PopScorer-f4aa5539-29      NDCG  5 0.165421 0.000000e+00 0.000000e+00 0.165421 0.165421
     MovieLens100K         LensKit.PopScorer-f4aa5539-29      NDCG 10 0.153320 0.000000e+00 0.000000e+00 0.153320 0.153320
     MovieLens100K         LensKit.PopScorer-f4aa5539-29 Precision  1 0.222694 0.000000e+00 0.000000e+00 0.222694 0.222694
     MovieLens100K         LensKit.PopScorer-f4aa5539-29 Precision  5 0.152492 0.000000e+00 0.000000e+00 0.152492 0.152492
     MovieLens100K         LensKit.PopScorer-f4aa5539-29 Precision 10 0.141676 0.000000e+00 0.000000e+00 0.141676 0.141676
     MovieLens100K         LensKit.PopScorer-f4aa5539-42      NDCG  1 0.222694 0.000000e+00 0.000000e+00 0.222694 0.222694
     MovieLens100K         LensKit.PopScorer-f4aa5539-42      NDCG  5 0.164529 0.000000e+00 0.000000e+00 0.164529 0.164529
     MovieLens100K         LensKit.PopScorer-f4aa5539-42      NDCG 10 0.144470 0.000000e+00 0.000000e+00 0.144470 0.144470
     MovieLens100K         LensKit.PopScorer-f4aa5539-42 Precision  1 0.222694 0.000000e+00 0.000000e+00 0.222694 0.222694
     MovieLens100K         LensKit.PopScorer-f4aa5539-42 Precision  5 0.151007 0.000000e+00 0.000000e+00 0.151007 0.151007
     MovieLens100K         LensKit.PopScorer-f4aa5539-42 Precision 10 0.128844 0.000000e+00 0.000000e+00 0.128844 0.128844
     MovieLens100K          LensKit.PopScorer-f4aa5539-7      NDCG  1 0.218452 0.000000e+00 0.000000e+00 0.218452 0.218452
     MovieLens100K          LensKit.PopScorer-f4aa5539-7      NDCG  5 0.159858 0.000000e+00 0.000000e+00 0.159858 0.159858
     MovieLens100K          LensKit.PopScorer-f4aa5539-7      NDCG 10 0.146344 0.000000e+00 0.000000e+00 0.146344 0.146344
     MovieLens100K          LensKit.PopScorer-f4aa5539-7 Precision  1 0.218452 0.000000e+00 0.000000e+00 0.218452 0.218452
     MovieLens100K          LensKit.PopScorer-f4aa5539-7 Precision  5 0.147402 0.000000e+00 0.000000e+00 0.147402 0.147402
     MovieLens100K          LensKit.PopScorer-f4aa5539-7 Precision 10 0.134677 0.000000e+00 0.000000e+00 0.134677 0.134677

Short statistical analysis:
- Highest variability candidate: Amazon Video Games | LensKit.ItemKNNScorer-c3d66610-13 | NDCG@1 | mean=0.170776 std=0.144564
- Highest variability candidate: Amazon Video Games | LensKit.ItemKNNScorer-c3d66610-13 | Precision@1 | mean=0.170776 std=0.144564
- Highest variability candidate: Last.FM | LensKit.ItemKNNScorer-c3d66610-13 | NDCG@1 | mean=0.155537 std=0.144564
- Highest variability candidate: Last.FM | LensKit.ItemKNNScorer-c3d66610-13 | Precision@1 | mean=0.155537 std=0.144564
- Highest variability candidate: Amazon Video Games | LensKit.ItemKNNScorer-c3d66610-7 | NDCG@1 | mean=0.152248 std=0.142442
- Highest variability candidate: Amazon Video Games | LensKit.ItemKNNScorer-c3d66610-7 | Precision@1 | mean=0.152248 std=0.142442
- Highest variability candidate: Last.FM | LensKit.ItemKNNScorer-c3d66610-7 | NDCG@1 | mean=0.152248 std=0.142442
- Highest variability candidate: Last.FM | LensKit.ItemKNNScorer-c3d66610-7 | Precision@1 | mean=0.152248 std=0.142442
- Highest variability candidate: Last.FM | LensKit.ItemKNNScorer-c3d66610-42 | NDCG@1 | mean=0.149359 std=0.138781
- Highest variability candidate: Last.FM | LensKit.ItemKNNScorer-c3d66610-42 | Precision@1 | mean=0.149359 std=0.138781
Seeds used: [7, 13, 29, 42, 101]
Execution time: an hour (time limit is an hour).