Loading and preprocessing MovieLens100K
[2026/06/29 08:24:23] INFO     Canonicalized data set already exists, skipping download and       recsys_data_set.py:205
                               canonicalization.                                                                        
                      INFO     Making data set implicit with threshold 3.                      feedback_conversion.py:21
                      INFO     Minimum rating: 1                                               feedback_conversion.py:24
                      INFO     Maximum rating: 5                                               feedback_conversion.py:25
                      INFO     Number of interactions before: 100000                           feedback_conversion.py:26
                      INFO     Number of interactions after: 82520                             feedback_conversion.py:44
                      INFO     Pruning data set to 5-core.                                            core_pruning.py:19
                      INFO     Number of interactions before: 82520                                   core_pruning.py:20
                      INFO     Number of interactions after: 81697                                    core_pruning.py:63
  Running seed=7
                      INFO     Canonicalized data set already exists, skipping download and       recsys_data_set.py:205
                               canonicalization.                                                                        
                      INFO     Making data set implicit with threshold 3.                      feedback_conversion.py:21
                      INFO     Minimum rating: 1                                               feedback_conversion.py:24
                      INFO     Maximum rating: 5                                               feedback_conversion.py:25
                      INFO     Number of interactions before: 100000                           feedback_conversion.py:26
                      INFO     Number of interactions after: 82520                             feedback_conversion.py:44
                      INFO     Pruning data set to 5-core.                                            core_pruning.py:19
                      INFO     Number of interactions before: 82520                                   core_pruning.py:20
                      INFO     Number of interactions after: 81697                                    core_pruning.py:63
                      INFO     Reusing existing env 'LensKit_env' at                                          envs.py:48
                               /home/florian_dueck04/.omnirec/data/envs/LensKit_env                                     
                      INFO     Starting runner...                                                     coordinator.py:272
[2026/06/29 08:24:26] INFO     Runner started with pid: 31367                                         coordinator.py:297
                      INFO     Connecting to runner...                                                coordinator.py:135
                      INFO     Running phase 'Fit' for MovieLens100K/ImplicitMFScorer                 coordinator.py:402
[2026/06/29 08:24:36] INFO     Running phase 'Predict' for MovieLens100K/ImplicitMFScorer             coordinator.py:402
[2026/06/29 08:24:56] INFO     Running phase 'Evaluate' for MovieLens100K/ImplicitMFScorer            coordinator.py:402
[2026/06/29 08:24:58] INFO     MovieLens100K/ImplicitMFScorer done!                                   coordinator.py:373
                      INFO     Stopping runner...                                                     coordinator.py:445
                      INFO     Reusing existing env 'LensKit_env' at                                          envs.py:48
                               /home/florian_dueck04/.omnirec/data/envs/LensKit_env                                     
                      INFO     Starting runner...                                                     coordinator.py:272
[2026/06/29 08:25:00] INFO     Runner started with pid: 31461                                         coordinator.py:297
                      INFO     Connecting to runner...                                                coordinator.py:135
[2026/06/29 08:25:01] INFO     Running phase 'Fit' for MovieLens100K/ItemKNNScorer                    coordinator.py:402
[2026/06/29 08:25:11] INFO     Running phase 'Predict' for MovieLens100K/ItemKNNScorer                coordinator.py:402
[2026/06/29 08:25:21] INFO     Running phase 'Evaluate' for MovieLens100K/ItemKNNScorer               coordinator.py:402
[2026/06/29 08:25:22] INFO     MovieLens100K/ItemKNNScorer done!                                      coordinator.py:373
                      INFO     Stopping runner...                                                     coordinator.py:445
[2026/06/29 08:25:23] INFO     Reusing existing env 'LensKit_env' at                                          envs.py:48
                               /home/florian_dueck04/.omnirec/data/envs/LensKit_env                                     
                      INFO     Starting runner...                                                     coordinator.py:272
[2026/06/29 08:25:25] INFO     Runner started with pid: 31558                                         coordinator.py:297
                      INFO     Connecting to runner...                                                coordinator.py:135
                      INFO     Running phase 'Fit' for MovieLens100K/PopScorer                        coordinator.py:402
[2026/06/29 08:25:35] INFO     Running phase 'Predict' for MovieLens100K/PopScorer                    coordinator.py:402
[2026/06/29 08:25:45] INFO     Running phase 'Evaluate' for MovieLens100K/PopScorer                   coordinator.py:402
[2026/06/29 08:25:47] INFO     MovieLens100K/PopScorer done!                                          coordinator.py:373
                      INFO     Stopping runner...                                                     coordinator.py:445
                               MovieLens100K-938abed0: Evaluation Results                                
┏━━━━━━━━━━━━━━━━━━━━━━━━━━━━━━━━━━━━━┳━━━━━━━━━━━━━━━━━━━━━┳━━━━━━━━━━━━━━━━━━━━━┳━━━━━━━━━━━━━━━━━━━━━┓
┃ Algorithm                           ┃ NDCG@1              ┃ NDCG@10             ┃ NDCG@5              ┃
┡━━━━━━━━━━━━━━━━━━━━━━━━━━━━━━━━━━━━━╇━━━━━━━━━━━━━━━━━━━━━╇━━━━━━━━━━━━━━━━━━━━━╇━━━━━━━━━━━━━━━━━━━━━┩
│ LensKit.ImplicitMFScorer-f0dd7ecb-7 │ 0.18663838812301167 │ 0.16101093126743737 │ 0.17544419817815912 │
│ LensKit.ItemKNNScorer-c3d66610-7    │ 0.2873806998939555  │ 0.21391652620856455 │ 0.24293107054071106 │
│ LensKit.PopScorer-f4aa5539-7        │ 0.21845174973488865 │ 0.14634385282335163 │ 0.1598583673645016  │
└─────────────────────────────────────┴─────────────────────┴─────────────────────┴─────────────────────┘
  Running seed=13
                      INFO     Canonicalized data set already exists, skipping download and       recsys_data_set.py:205
                               canonicalization.                                                                        
                      INFO     Making data set implicit with threshold 3.                      feedback_conversion.py:21
                      INFO     Minimum rating: 1                                               feedback_conversion.py:24
                      INFO     Maximum rating: 5                                               feedback_conversion.py:25
                      INFO     Number of interactions before: 100000                           feedback_conversion.py:26
                      INFO     Number of interactions after: 82520                             feedback_conversion.py:44
                      INFO     Pruning data set to 5-core.                                            core_pruning.py:19
                      INFO     Number of interactions before: 82520                                   core_pruning.py:20
                      INFO     Number of interactions after: 81697                                    core_pruning.py:63
[2026/06/29 08:25:48] INFO     Reusing existing env 'LensKit_env' at                                          envs.py:48
                               /home/florian_dueck04/.omnirec/data/envs/LensKit_env                                     
                      INFO     Starting runner...                                                     coordinator.py:272
[2026/06/29 08:25:50] INFO     Runner started with pid: 31644                                         coordinator.py:297
                      INFO     Connecting to runner...                                                coordinator.py:135
                      INFO     Running phase 'Fit' for MovieLens100K/ImplicitMFScorer                 coordinator.py:402
[2026/06/29 08:26:00] INFO     Running phase 'Predict' for MovieLens100K/ImplicitMFScorer             coordinator.py:402
[2026/06/29 08:26:20] INFO     Running phase 'Evaluate' for MovieLens100K/ImplicitMFScorer            coordinator.py:402
[2026/06/29 08:26:22] INFO     MovieLens100K/ImplicitMFScorer done!                                   coordinator.py:373
                      INFO     Stopping runner...                                                     coordinator.py:445
                      INFO     Reusing existing env 'LensKit_env' at                                          envs.py:48
                               /home/florian_dueck04/.omnirec/data/envs/LensKit_env                                     
                      INFO     Starting runner...                                                     coordinator.py:272
[2026/06/29 08:26:25] INFO     Runner started with pid: 31740                                         coordinator.py:297
                      INFO     Connecting to runner...                                                coordinator.py:135
                      INFO     Running phase 'Fit' for MovieLens100K/ItemKNNScorer                    coordinator.py:402
[2026/06/29 08:26:35] INFO     Running phase 'Predict' for MovieLens100K/ItemKNNScorer                coordinator.py:402
[2026/06/29 08:26:45] INFO     Running phase 'Evaluate' for MovieLens100K/ItemKNNScorer               coordinator.py:402
[2026/06/29 08:26:47] INFO     MovieLens100K/ItemKNNScorer done!                                      coordinator.py:373
                      INFO     Stopping runner...                                                     coordinator.py:445
                      INFO     Reusing existing env 'LensKit_env' at                                          envs.py:48
                               /home/florian_dueck04/.omnirec/data/envs/LensKit_env                                     
                      INFO     Starting runner...                                                     coordinator.py:272
[2026/06/29 08:26:49] INFO     Runner started with pid: 31837                                         coordinator.py:297
                      INFO     Connecting to runner...                                                coordinator.py:135
                      INFO     Running phase 'Fit' for MovieLens100K/PopScorer                        coordinator.py:402
[2026/06/29 08:26:59] INFO     Running phase 'Predict' for MovieLens100K/PopScorer                    coordinator.py:402
[2026/06/29 08:27:09] INFO     Running phase 'Evaluate' for MovieLens100K/PopScorer                   coordinator.py:402
[2026/06/29 08:27:11] INFO     MovieLens100K/PopScorer done!                                          coordinator.py:373
                      INFO     Stopping runner...                                                     coordinator.py:445
                                MovieLens100K-938abed0: Evaluation Results                                
┏━━━━━━━━━━━━━━━━━━━━━━━━━━━━━━━━━━━━━━┳━━━━━━━━━━━━━━━━━━━━━┳━━━━━━━━━━━━━━━━━━━━━┳━━━━━━━━━━━━━━━━━━━━━┓
┃ Algorithm                            ┃ NDCG@1              ┃ NDCG@10             ┃ NDCG@5              ┃
┡━━━━━━━━━━━━━━━━━━━━━━━━━━━━━━━━━━━━━━╇━━━━━━━━━━━━━━━━━━━━━╇━━━━━━━━━━━━━━━━━━━━━╇━━━━━━━━━━━━━━━━━━━━━┩
│ LensKit.ImplicitMFScorer-f0dd7ecb-13 │ 0.1855779427359491  │ 0.16263014507002657 │ 0.17341846156064294 │
│ LensKit.ImplicitMFScorer-f0dd7ecb-7  │ 0.18663838812301167 │ 0.16101093126743737 │ 0.17544419817815912 │
│ LensKit.ItemKNNScorer-c3d66610-13    │ 0.2926829268292683  │ 0.207638424293557   │ 0.23381424312628243 │
│ LensKit.ItemKNNScorer-c3d66610-7     │ 0.2873806998939555  │ 0.21391652620856455 │ 0.24293107054071106 │
│ LensKit.PopScorer-f4aa5539-13        │ 0.18451749734888653 │ 0.13949386745391157 │ 0.15013652614446565 │
│ LensKit.PopScorer-f4aa5539-7         │ 0.21845174973488865 │ 0.14634385282335163 │ 0.1598583673645016  │
└──────────────────────────────────────┴─────────────────────┴─────────────────────┴─────────────────────┘
  Running seed=29
                      INFO     Canonicalized data set already exists, skipping download and       recsys_data_set.py:205
                               canonicalization.                                                                        
                      INFO     Making data set implicit with threshold 3.                      feedback_conversion.py:21
                      INFO     Minimum rating: 1                                               feedback_conversion.py:24
                      INFO     Maximum rating: 5                                               feedback_conversion.py:25
                      INFO     Number of interactions before: 100000                           feedback_conversion.py:26
                      INFO     Number of interactions after: 82520                             feedback_conversion.py:44
                      INFO     Pruning data set to 5-core.                                            core_pruning.py:19
                      INFO     Number of interactions before: 82520                                   core_pruning.py:20
                      INFO     Number of interactions after: 81697                                    core_pruning.py:63
[2026/06/29 08:27:12] INFO     Reusing existing env 'LensKit_env' at                                          envs.py:48
                               /home/florian_dueck04/.omnirec/data/envs/LensKit_env                                     
                      INFO     Starting runner...                                                     coordinator.py:272
[2026/06/29 08:27:14] INFO     Runner started with pid: 31924                                         coordinator.py:297
                      INFO     Connecting to runner...                                                coordinator.py:135
[2026/06/29 08:27:15] INFO     Running phase 'Fit' for MovieLens100K/ImplicitMFScorer                 coordinator.py:402
[2026/06/29 08:27:25] INFO     Running phase 'Predict' for MovieLens100K/ImplicitMFScorer             coordinator.py:402
[2026/06/29 08:27:45] INFO     Running phase 'Evaluate' for MovieLens100K/ImplicitMFScorer            coordinator.py:402
[2026/06/29 08:27:46] INFO     MovieLens100K/ImplicitMFScorer done!                                   coordinator.py:373
                      INFO     Stopping runner...                                                     coordinator.py:445
[2026/06/29 08:27:47] INFO     Reusing existing env 'LensKit_env' at                                          envs.py:48
                               /home/florian_dueck04/.omnirec/data/envs/LensKit_env                                     
                      INFO     Starting runner...                                                     coordinator.py:272
[2026/06/29 08:27:49] INFO     Runner started with pid: 32018                                         coordinator.py:297
                      INFO     Connecting to runner...                                                coordinator.py:135
                      INFO     Running phase 'Fit' for MovieLens100K/ItemKNNScorer                    coordinator.py:402
[2026/06/29 08:27:59] INFO     Running phase 'Predict' for MovieLens100K/ItemKNNScorer                coordinator.py:402
[2026/06/29 08:28:09] INFO     Running phase 'Evaluate' for MovieLens100K/ItemKNNScorer               coordinator.py:402
[2026/06/29 08:28:11] INFO     MovieLens100K/ItemKNNScorer done!                                      coordinator.py:373
                      INFO     Stopping runner...                                                     coordinator.py:445
                      INFO     Reusing existing env 'LensKit_env' at                                          envs.py:48
                               /home/florian_dueck04/.omnirec/data/envs/LensKit_env                                     
                      INFO     Starting runner...                                                     coordinator.py:272
[2026/06/29 08:28:14] INFO     Runner started with pid: 32125                                         coordinator.py:297
                      INFO     Connecting to runner...                                                coordinator.py:135
                      INFO     Running phase 'Fit' for MovieLens100K/PopScorer                        coordinator.py:402
[2026/06/29 08:28:24] INFO     Running phase 'Predict' for MovieLens100K/PopScorer                    coordinator.py:402
[2026/06/29 08:28:34] INFO     Running phase 'Evaluate' for MovieLens100K/PopScorer                   coordinator.py:402
[2026/06/29 08:28:36] INFO     MovieLens100K/PopScorer done!                                          coordinator.py:373
                      INFO     Stopping runner...                                                     coordinator.py:445
                                MovieLens100K-938abed0: Evaluation Results                                
┏━━━━━━━━━━━━━━━━━━━━━━━━━━━━━━━━━━━━━━┳━━━━━━━━━━━━━━━━━━━━━┳━━━━━━━━━━━━━━━━━━━━━┳━━━━━━━━━━━━━━━━━━━━━┓
┃ Algorithm                            ┃ NDCG@1              ┃ NDCG@10             ┃ NDCG@5              ┃
┡━━━━━━━━━━━━━━━━━━━━━━━━━━━━━━━━━━━━━━╇━━━━━━━━━━━━━━━━━━━━━╇━━━━━━━━━━━━━━━━━━━━━╇━━━━━━━━━━━━━━━━━━━━━┩
│ LensKit.ImplicitMFScorer-f0dd7ecb-13 │ 0.1855779427359491  │ 0.16263014507002657 │ 0.17341846156064294 │
│ LensKit.ImplicitMFScorer-f0dd7ecb-29 │ 0.22269353128313893 │ 0.17250694860687865 │ 0.18494361230047301 │
│ LensKit.ImplicitMFScorer-f0dd7ecb-7  │ 0.18663838812301167 │ 0.16101093126743737 │ 0.17544419817815912 │
│ LensKit.ItemKNNScorer-c3d66610-13    │ 0.2926829268292683  │ 0.207638424293557   │ 0.23381424312628243 │
│ LensKit.ItemKNNScorer-c3d66610-29    │ 0.256627783669141   │ 0.20627003242574998 │ 0.234014617899336   │
│ LensKit.ItemKNNScorer-c3d66610-7     │ 0.2873806998939555  │ 0.21391652620856455 │ 0.24293107054071106 │
│ LensKit.PopScorer-f4aa5539-13        │ 0.18451749734888653 │ 0.13949386745391157 │ 0.15013652614446565 │
│ LensKit.PopScorer-f4aa5539-29        │ 0.22269353128313893 │ 0.15331999289779524 │ 0.16542078426521128 │
│ LensKit.PopScorer-f4aa5539-7         │ 0.21845174973488865 │ 0.14634385282335163 │ 0.1598583673645016  │
└──────────────────────────────────────┴─────────────────────┴─────────────────────┴─────────────────────┘
  Running seed=42
                      INFO     Canonicalized data set already exists, skipping download and       recsys_data_set.py:205
                               canonicalization.                                                                        
                      INFO     Making data set implicit with threshold 3.                      feedback_conversion.py:21
                      INFO     Minimum rating: 1                                               feedback_conversion.py:24
                      INFO     Maximum rating: 5                                               feedback_conversion.py:25
                      INFO     Number of interactions before: 100000                           feedback_conversion.py:26
                      INFO     Number of interactions after: 82520                             feedback_conversion.py:44
                      INFO     Pruning data set to 5-core.                                            core_pruning.py:19
                      INFO     Number of interactions before: 82520                                   core_pruning.py:20
                      INFO     Number of interactions after: 81697                                    core_pruning.py:63
                      INFO     Reusing existing env 'LensKit_env' at                                          envs.py:48
                               /home/florian_dueck04/.omnirec/data/envs/LensKit_env                                     
                      INFO     Starting runner...                                                     coordinator.py:272
[2026/06/29 08:28:39] INFO     Runner started with pid: 32226                                         coordinator.py:297
                      INFO     Connecting to runner...                                                coordinator.py:135
                      INFO     Running phase 'Fit' for MovieLens100K/ImplicitMFScorer                 coordinator.py:402
[2026/06/29 08:28:49] INFO     Running phase 'Predict' for MovieLens100K/ImplicitMFScorer             coordinator.py:402
[2026/06/29 08:29:09] INFO     Running phase 'Evaluate' for MovieLens100K/ImplicitMFScorer            coordinator.py:402
[2026/06/29 08:29:11] INFO     MovieLens100K/ImplicitMFScorer done!                                   coordinator.py:373
                      INFO     Stopping runner...                                                     coordinator.py:445
                      INFO     Reusing existing env 'LensKit_env' at                                          envs.py:48
                               /home/florian_dueck04/.omnirec/data/envs/LensKit_env                                     
                      INFO     Starting runner...                                                     coordinator.py:272
[2026/06/29 08:29:13] INFO     Runner started with pid: 32323                                         coordinator.py:297
                      INFO     Connecting to runner...                                                coordinator.py:135
                      INFO     Running phase 'Fit' for MovieLens100K/ItemKNNScorer                    coordinator.py:402
[2026/06/29 08:29:23] INFO     Running phase 'Predict' for MovieLens100K/ItemKNNScorer                coordinator.py:402
[2026/06/29 08:29:33] INFO     Running phase 'Evaluate' for MovieLens100K/ItemKNNScorer               coordinator.py:402
[2026/06/29 08:29:35] INFO     MovieLens100K/ItemKNNScorer done!                                      coordinator.py:373
                      INFO     Stopping runner...                                                     coordinator.py:445
                      INFO     Reusing existing env 'LensKit_env' at                                          envs.py:48
                               /home/florian_dueck04/.omnirec/data/envs/LensKit_env                                     
                      INFO     Starting runner...                                                     coordinator.py:272
[2026/06/29 08:29:38] INFO     Runner started with pid: 32417                                         coordinator.py:297
                      INFO     Connecting to runner...                                                coordinator.py:135
                      INFO     Running phase 'Fit' for MovieLens100K/PopScorer                        coordinator.py:402
[2026/06/29 08:29:48] INFO     Running phase 'Predict' for MovieLens100K/PopScorer                    coordinator.py:402
[2026/06/29 08:29:58] INFO     Running phase 'Evaluate' for MovieLens100K/PopScorer                   coordinator.py:402
[2026/06/29 08:30:00] INFO     MovieLens100K/PopScorer done!                                          coordinator.py:373
                      INFO     Stopping runner...                                                     coordinator.py:445
                                MovieLens100K-938abed0: Evaluation Results                                
┏━━━━━━━━━━━━━━━━━━━━━━━━━━━━━━━━━━━━━━┳━━━━━━━━━━━━━━━━━━━━━┳━━━━━━━━━━━━━━━━━━━━━┳━━━━━━━━━━━━━━━━━━━━━┓
┃ Algorithm                            ┃ NDCG@1              ┃ NDCG@10             ┃ NDCG@5              ┃
┡━━━━━━━━━━━━━━━━━━━━━━━━━━━━━━━━━━━━━━╇━━━━━━━━━━━━━━━━━━━━━╇━━━━━━━━━━━━━━━━━━━━━╇━━━━━━━━━━━━━━━━━━━━━┩
│ LensKit.ImplicitMFScorer-f0dd7ecb-13 │ 0.1855779427359491  │ 0.16263014507002657 │ 0.17341846156064294 │
│ LensKit.ImplicitMFScorer-f0dd7ecb-29 │ 0.22269353128313893 │ 0.17250694860687865 │ 0.18494361230047301 │
│ LensKit.ImplicitMFScorer-f0dd7ecb-42 │ 0.19618239660657477 │ 0.16089536383683978 │ 0.17468700413516758 │
│ LensKit.ImplicitMFScorer-f0dd7ecb-7  │ 0.18663838812301167 │ 0.16101093126743737 │ 0.17544419817815912 │
│ LensKit.ItemKNNScorer-c3d66610-13    │ 0.2926829268292683  │ 0.207638424293557   │ 0.23381424312628243 │
│ LensKit.ItemKNNScorer-c3d66610-29    │ 0.256627783669141   │ 0.20627003242574998 │ 0.234014617899336   │
│ LensKit.ItemKNNScorer-c3d66610-42    │ 0.28101802757158006 │ 0.2085559391428343  │ 0.23755126999465304 │
│ LensKit.ItemKNNScorer-c3d66610-7     │ 0.2873806998939555  │ 0.21391652620856455 │ 0.24293107054071106 │
│ LensKit.PopScorer-f4aa5539-13        │ 0.18451749734888653 │ 0.13949386745391157 │ 0.15013652614446565 │
│ LensKit.PopScorer-f4aa5539-29        │ 0.22269353128313893 │ 0.15331999289779524 │ 0.16542078426521128 │
│ LensKit.PopScorer-f4aa5539-42        │ 0.22269353128313893 │ 0.14447022287540828 │ 0.16452893817102301 │
│ LensKit.PopScorer-f4aa5539-7         │ 0.21845174973488865 │ 0.14634385282335163 │ 0.1598583673645016  │
└──────────────────────────────────────┴─────────────────────┴─────────────────────┴─────────────────────┘
  Running seed=101
                      INFO     Canonicalized data set already exists, skipping download and       recsys_data_set.py:205
                               canonicalization.                                                                        
                      INFO     Making data set implicit with threshold 3.                      feedback_conversion.py:21
                      INFO     Minimum rating: 1                                               feedback_conversion.py:24
                      INFO     Maximum rating: 5                                               feedback_conversion.py:25
                      INFO     Number of interactions before: 100000                           feedback_conversion.py:26
                      INFO     Number of interactions after: 82520                             feedback_conversion.py:44
                      INFO     Pruning data set to 5-core.                                            core_pruning.py:19
                      INFO     Number of interactions before: 82520                                   core_pruning.py:20
                      INFO     Number of interactions after: 81697                                    core_pruning.py:63
                      INFO     Reusing existing env 'LensKit_env' at                                          envs.py:48
                               /home/florian_dueck04/.omnirec/data/envs/LensKit_env                                     
                      INFO     Starting runner...                                                     coordinator.py:272
[2026/06/29 08:30:03] INFO     Runner started with pid: 32503                                         coordinator.py:297
                      INFO     Connecting to runner...                                                coordinator.py:135
                      INFO     Running phase 'Fit' for MovieLens100K/ImplicitMFScorer                 coordinator.py:402
[2026/06/29 08:30:13] INFO     Running phase 'Predict' for MovieLens100K/ImplicitMFScorer             coordinator.py:402
[2026/06/29 08:30:33] INFO     Running phase 'Evaluate' for MovieLens100K/ImplicitMFScorer            coordinator.py:402
[2026/06/29 08:30:35] INFO     MovieLens100K/ImplicitMFScorer done!                                   coordinator.py:373
                      INFO     Stopping runner...                                                     coordinator.py:445
                      INFO     Reusing existing env 'LensKit_env' at                                          envs.py:48
                               /home/florian_dueck04/.omnirec/data/envs/LensKit_env                                     
                      INFO     Starting runner...                                                     coordinator.py:272
[2026/06/29 08:30:38] INFO     Runner started with pid: 32598                                         coordinator.py:297
                      INFO     Connecting to runner...                                                coordinator.py:135
                      INFO     Running phase 'Fit' for MovieLens100K/ItemKNNScorer                    coordinator.py:402
[2026/06/29 08:30:48] INFO     Running phase 'Predict' for MovieLens100K/ItemKNNScorer                coordinator.py:402
[2026/06/29 08:30:58] INFO     Running phase 'Evaluate' for MovieLens100K/ItemKNNScorer               coordinator.py:402
[2026/06/29 08:31:00] INFO     MovieLens100K/ItemKNNScorer done!                                      coordinator.py:373
                      INFO     Stopping runner...                                                     coordinator.py:445
                      INFO     Reusing existing env 'LensKit_env' at                                          envs.py:48
                               /home/florian_dueck04/.omnirec/data/envs/LensKit_env                                     
                      INFO     Starting runner...                                                     coordinator.py:272
[2026/06/29 08:31:02] INFO     Runner started with pid: 32695                                         coordinator.py:297
                      INFO     Connecting to runner...                                                coordinator.py:135
                      INFO     Running phase 'Fit' for MovieLens100K/PopScorer                        coordinator.py:402
[2026/06/29 08:31:12] INFO     Running phase 'Predict' for MovieLens100K/PopScorer                    coordinator.py:402
[2026/06/29 08:31:22] INFO     Running phase 'Evaluate' for MovieLens100K/PopScorer                   coordinator.py:402
[2026/06/29 08:31:24] INFO     MovieLens100K/PopScorer done!                                          coordinator.py:373
                      INFO     Stopping runner...                                                     coordinator.py:445
                                MovieLens100K-938abed0: Evaluation Results                                 
┏━━━━━━━━━━━━━━━━━━━━━━━━━━━━━━━━━━━━━━━┳━━━━━━━━━━━━━━━━━━━━━┳━━━━━━━━━━━━━━━━━━━━━┳━━━━━━━━━━━━━━━━━━━━━┓
┃ Algorithm                             ┃ NDCG@1              ┃ NDCG@10             ┃ NDCG@5              ┃
┡━━━━━━━━━━━━━━━━━━━━━━━━━━━━━━━━━━━━━━━╇━━━━━━━━━━━━━━━━━━━━━╇━━━━━━━━━━━━━━━━━━━━━╇━━━━━━━━━━━━━━━━━━━━━┩
│ LensKit.ImplicitMFScorer-f0dd7ecb-101 │ 0.19936373276776245 │ 0.16161381653936155 │ 0.17511992235356058 │
│ LensKit.ImplicitMFScorer-f0dd7ecb-13  │ 0.1855779427359491  │ 0.16263014507002657 │ 0.17341846156064294 │
│ LensKit.ImplicitMFScorer-f0dd7ecb-29  │ 0.22269353128313893 │ 0.17250694860687865 │ 0.18494361230047301 │
│ LensKit.ImplicitMFScorer-f0dd7ecb-42  │ 0.19618239660657477 │ 0.16089536383683978 │ 0.17468700413516758 │
│ LensKit.ImplicitMFScorer-f0dd7ecb-7   │ 0.18663838812301167 │ 0.16101093126743737 │ 0.17544419817815912 │
│ LensKit.ItemKNNScorer-c3d66610-101    │ 0.2682926829268293  │ 0.202865451774379   │ 0.22557191574649435 │
│ LensKit.ItemKNNScorer-c3d66610-13     │ 0.2926829268292683  │ 0.207638424293557   │ 0.23381424312628243 │
│ LensKit.ItemKNNScorer-c3d66610-29     │ 0.256627783669141   │ 0.20627003242574998 │ 0.234014617899336   │
│ LensKit.ItemKNNScorer-c3d66610-42     │ 0.28101802757158006 │ 0.2085559391428343  │ 0.23755126999465304 │
│ LensKit.ItemKNNScorer-c3d66610-7      │ 0.2873806998939555  │ 0.21391652620856455 │ 0.24293107054071106 │
│ LensKit.PopScorer-f4aa5539-101        │ 0.19406150583244963 │ 0.14209000900807872 │ 0.15846194206885866 │
│ LensKit.PopScorer-f4aa5539-13         │ 0.18451749734888653 │ 0.13949386745391157 │ 0.15013652614446565 │
│ LensKit.PopScorer-f4aa5539-29         │ 0.22269353128313893 │ 0.15331999289779524 │ 0.16542078426521128 │
│ LensKit.PopScorer-f4aa5539-42         │ 0.22269353128313893 │ 0.14447022287540828 │ 0.16452893817102301 │
│ LensKit.PopScorer-f4aa5539-7          │ 0.21845174973488865 │ 0.14634385282335163 │ 0.1598583673645016  │
└───────────────────────────────────────┴─────────────────────┴─────────────────────┴─────────────────────┘
Loading and preprocessing Amazon Video Games
                      INFO     Canonicalized data set already exists, skipping download and       recsys_data_set.py:205
                               canonicalization.                                                                        
[2026/06/29 08:31:25] INFO     Making data set implicit with threshold 3.                      feedback_conversion.py:21
                      INFO     Minimum rating: 1.0                                             feedback_conversion.py:24
                      INFO     Maximum rating: 5.0                                             feedback_conversion.py:25
                      INFO     Number of interactions before: 1324753                          feedback_conversion.py:26
                      INFO     Number of interactions after: 1094400                           feedback_conversion.py:44
                      INFO     Pruning data set to 5-core.                                            core_pruning.py:19
                      INFO     Number of interactions before: 1094400                                 core_pruning.py:20
[2026/06/29 08:31:26] INFO     Number of interactions after: 177572                                   core_pruning.py:63
  Running seed=7
                      INFO     Canonicalized data set already exists, skipping download and       recsys_data_set.py:205
                               canonicalization.                                                                        
                      INFO     Making data set implicit with threshold 3.                      feedback_conversion.py:21
                      INFO     Minimum rating: 1.0                                             feedback_conversion.py:24
                      INFO     Maximum rating: 5.0                                             feedback_conversion.py:25
                      INFO     Number of interactions before: 1324753                          feedback_conversion.py:26
                      INFO     Number of interactions after: 1094400                           feedback_conversion.py:44
                      INFO     Pruning data set to 5-core.                                            core_pruning.py:19
                      INFO     Number of interactions before: 1094400                                 core_pruning.py:20
[2026/06/29 08:31:27] INFO     Number of interactions after: 177572                                   core_pruning.py:63
[2026/06/29 08:31:40] INFO     Reusing existing env 'LensKit_env' at                                          envs.py:48
                               /home/florian_dueck04/.omnirec/data/envs/LensKit_env                                     
                      INFO     Starting runner...                                                     coordinator.py:272
[2026/06/29 08:31:42] INFO     Runner started with pid: 32786                                         coordinator.py:297
                      INFO     Connecting to runner...                                                coordinator.py:135
                      INFO     Running phase 'Fit' for Amazon2014VideoGames/ImplicitMFScorer          coordinator.py:402
[2026/06/29 08:32:22] INFO     Running phase 'Predict' for Amazon2014VideoGames/ImplicitMFScorer      coordinator.py:402
Traceback (most recent call last):
  File "/home/florian_dueck04/AutoRecLab-group4/.venv/lib/python3.12/site-packages/omnirec/runner/coordinator.py", line 212, in run
    self.run_split(
  File "/home/florian_dueck04/AutoRecLab-group4/.venv/lib/python3.12/site-packages/omnirec/runner/coordinator.py", line 354, in run_split
    self.wait_for_job(root._predict, root)
  File "/home/florian_dueck04/AutoRecLab-group4/.venv/lib/python3.12/site-packages/omnirec/runner/coordinator.py", line 385, in wait_for_job
    state = root._status(job_id)
            ^^^^^^^^^^^^^^^^^^^^
  File "/home/florian_dueck04/AutoRecLab-group4/.venv/lib/python3.12/site-packages/rpyc/core/netref.py", line 239, in __call__
    return syncreq(_self, consts.HANDLE_CALL, args, kwargs)
           ^^^^^^^^^^^^^^^^^^^^^^^^^^^^^^^^^^^^^^^^^^^^^^^^
  File "/home/florian_dueck04/AutoRecLab-group4/.venv/lib/python3.12/site-packages/rpyc/core/netref.py", line 63, in syncreq
    return conn.sync_request(handler, proxy, *args)
           ^^^^^^^^^^^^^^^^^^^^^^^^^^^^^^^^^^^^^^^^
  File "/home/florian_dueck04/AutoRecLab-group4/.venv/lib/python3.12/site-packages/rpyc/core/protocol.py", line 744, in sync_request
    return _async_res.value
           ^^^^^^^^^^^^^^^^
  File "/home/florian_dueck04/AutoRecLab-group4/.venv/lib/python3.12/site-packages/rpyc/core/async_.py", line 111, in value
    raise self._obj
rpyc.core.vinegar/concurrent.futures.process._get_exception_class.<locals>.Derived: A process in the process pool was terminated abruptly while the future was running or pending.

========= Remote Traceback (1) =========
Traceback (most recent call last):
  File "/home/florian_dueck04/.omnirec/data/envs/LensKit_env/lib/python3.11/site-packages/rpyc/core/protocol.py", line 369, in _dispatch_request
    res = self._HANDLERS[handler](self, *args)
          ^^^^^^^^^^^^^^^^^^^^^^^^^^^^^^^^^^^^
  File "/home/florian_dueck04/.omnirec/data/envs/LensKit_env/lib/python3.11/site-packages/rpyc/core/protocol.py", line 863, in _handle_call
    return obj(*args, **dict(kwargs))
           ^^^^^^^^^^^^^^^^^^^^^^^^^^
  File "/home/florian_dueck04/.omnirec/data/envs/LensKit_env/lib/python3.11/site-packages/omnirec_runner/runner.py", line 143, in _status
    raise exc
concurrent.futures.process.BrokenProcessPool: A process in the process pool was terminated abruptly while the future was running or pending.

[2026/06/29 08:38:33] CRITICAL Stopping runner...                                                     coordinator.py:445
                      INFO     Reusing existing env 'LensKit_env' at                                          envs.py:48
                               /home/florian_dueck04/.omnirec/data/envs/LensKit_env                                     
                      INFO     Starting runner...                                                     coordinator.py:272
[2026/06/29 08:38:42] INFO     Runner started with pid: 33010                                         coordinator.py:297
                      INFO     Connecting to runner...                                                coordinator.py:135
[2026/06/29 08:38:43] INFO     Running phase 'Fit' for Amazon2014VideoGames/ItemKNNScorer             coordinator.py:402
[2026/06/29 08:38:53] INFO     Running phase 'Predict' for Amazon2014VideoGames/ItemKNNScorer         coordinator.py:402
[2026/06/29 08:39:53] INFO     Running phase 'Evaluate' for Amazon2014VideoGames/ItemKNNScorer        coordinator.py:402
[2026/06/29 08:40:32] INFO     Amazon2014VideoGames/ItemKNNScorer done!                               coordinator.py:373
                      CRITICAL Stopping runner...                                                     coordinator.py:445
                      INFO     Reusing existing env 'LensKit_env' at                                          envs.py:48
                               /home/florian_dueck04/.omnirec/data/envs/LensKit_env                                     
                      INFO     Starting runner...                                                     coordinator.py:272
[2026/06/29 08:40:35] INFO     Runner started with pid: 33132                                         coordinator.py:297
                      INFO     Connecting to runner...                                                coordinator.py:135
                      INFO     Running phase 'Fit' for Amazon2014VideoGames/PopScorer                 coordinator.py:402
[2026/06/29 08:40:45] INFO     Running phase 'Predict' for Amazon2014VideoGames/PopScorer             coordinator.py:402
Traceback (most recent call last):
  File "/home/florian_dueck04/AutoRecLab-group4/.venv/lib/python3.12/site-packages/omnirec/runner/coordinator.py", line 212, in run
    self.run_split(
  File "/home/florian_dueck04/AutoRecLab-group4/.venv/lib/python3.12/site-packages/omnirec/runner/coordinator.py", line 354, in run_split
    self.wait_for_job(root._predict, root)
  File "/home/florian_dueck04/AutoRecLab-group4/.venv/lib/python3.12/site-packages/omnirec/runner/coordinator.py", line 385, in wait_for_job
    state = root._status(job_id)
            ^^^^^^^^^^^^^^^^^^^^
  File "/home/florian_dueck04/AutoRecLab-group4/.venv/lib/python3.12/site-packages/rpyc/core/netref.py", line 239, in __call__
    return syncreq(_self, consts.HANDLE_CALL, args, kwargs)
           ^^^^^^^^^^^^^^^^^^^^^^^^^^^^^^^^^^^^^^^^^^^^^^^^
  File "/home/florian_dueck04/AutoRecLab-group4/.venv/lib/python3.12/site-packages/rpyc/core/netref.py", line 63, in syncreq
    return conn.sync_request(handler, proxy, *args)
           ^^^^^^^^^^^^^^^^^^^^^^^^^^^^^^^^^^^^^^^^
  File "/home/florian_dueck04/AutoRecLab-group4/.venv/lib/python3.12/site-packages/rpyc/core/protocol.py", line 744, in sync_request
    return _async_res.value
           ^^^^^^^^^^^^^^^^
  File "/home/florian_dueck04/AutoRecLab-group4/.venv/lib/python3.12/site-packages/rpyc/core/async_.py", line 111, in value
    raise self._obj
rpyc.core.vinegar/concurrent.futures.process._get_exception_class.<locals>.Derived: A process in the process pool was terminated abruptly while the future was running or pending.

========= Remote Traceback (1) =========
Traceback (most recent call last):
  File "/home/florian_dueck04/.omnirec/data/envs/LensKit_env/lib/python3.11/site-packages/rpyc/core/protocol.py", line 369, in _dispatch_request
    res = self._HANDLERS[handler](self, *args)
          ^^^^^^^^^^^^^^^^^^^^^^^^^^^^^^^^^^^^
  File "/home/florian_dueck04/.omnirec/data/envs/LensKit_env/lib/python3.11/site-packages/rpyc/core/protocol.py", line 863, in _handle_call
    return obj(*args, **dict(kwargs))
           ^^^^^^^^^^^^^^^^^^^^^^^^^^
  File "/home/florian_dueck04/.omnirec/data/envs/LensKit_env/lib/python3.11/site-packages/omnirec_runner/runner.py", line 143, in _status
    raise exc
concurrent.futures.process.BrokenProcessPool: A process in the process pool was terminated abruptly while the future was running or pending.

[2026/06/29 08:45:15] CRITICAL Stopping runner...                                                     coordinator.py:445
                                MovieLens100K-938abed0: Evaluation Results                                 
┏━━━━━━━━━━━━━━━━━━━━━━━━━━━━━━━━━━━━━━━┳━━━━━━━━━━━━━━━━━━━━━┳━━━━━━━━━━━━━━━━━━━━━┳━━━━━━━━━━━━━━━━━━━━━┓
┃ Algorithm                             ┃ NDCG@1              ┃ NDCG@10             ┃ NDCG@5              ┃
┡━━━━━━━━━━━━━━━━━━━━━━━━━━━━━━━━━━━━━━━╇━━━━━━━━━━━━━━━━━━━━━╇━━━━━━━━━━━━━━━━━━━━━╇━━━━━━━━━━━━━━━━━━━━━┩
│ LensKit.ImplicitMFScorer-f0dd7ecb-101 │ 0.19936373276776245 │ 0.16161381653936155 │ 0.17511992235356058 │
│ LensKit.ImplicitMFScorer-f0dd7ecb-13  │ 0.1855779427359491  │ 0.16263014507002657 │ 0.17341846156064294 │
│ LensKit.ImplicitMFScorer-f0dd7ecb-29  │ 0.22269353128313893 │ 0.17250694860687865 │ 0.18494361230047301 │
│ LensKit.ImplicitMFScorer-f0dd7ecb-42  │ 0.19618239660657477 │ 0.16089536383683978 │ 0.17468700413516758 │
│ LensKit.ImplicitMFScorer-f0dd7ecb-7   │ 0.18663838812301167 │ 0.16101093126743737 │ 0.17544419817815912 │
│ LensKit.ItemKNNScorer-c3d66610-101    │ 0.2682926829268293  │ 0.202865451774379   │ 0.22557191574649435 │
│ LensKit.ItemKNNScorer-c3d66610-13     │ 0.2926829268292683  │ 0.207638424293557   │ 0.23381424312628243 │
│ LensKit.ItemKNNScorer-c3d66610-29     │ 0.256627783669141   │ 0.20627003242574998 │ 0.234014617899336   │
│ LensKit.ItemKNNScorer-c3d66610-42     │ 0.28101802757158006 │ 0.2085559391428343  │ 0.23755126999465304 │
│ LensKit.ItemKNNScorer-c3d66610-7      │ 0.2873806998939555  │ 0.21391652620856455 │ 0.24293107054071106 │
│ LensKit.PopScorer-f4aa5539-101        │ 0.19406150583244963 │ 0.14209000900807872 │ 0.15846194206885866 │
│ LensKit.PopScorer-f4aa5539-13         │ 0.18451749734888653 │ 0.13949386745391157 │ 0.15013652614446565 │
│ LensKit.PopScorer-f4aa5539-29         │ 0.22269353128313893 │ 0.15331999289779524 │ 0.16542078426521128 │
│ LensKit.PopScorer-f4aa5539-42         │ 0.22269353128313893 │ 0.14447022287540828 │ 0.16452893817102301 │
│ LensKit.PopScorer-f4aa5539-7          │ 0.21845174973488865 │ 0.14634385282335163 │ 0.1598583673645016  │
└───────────────────────────────────────┴─────────────────────┴─────────────────────┴─────────────────────┘
                           Amazon2014VideoGames-32d2823b: Evaluation Results                            
┏━━━━━━━━━━━━━━━━━━━━━━━━━━━━━━━━━━┳━━━━━━━━━━━━━━━━━━━━━━┳━━━━━━━━━━━━━━━━━━━━━━┳━━━━━━━━━━━━━━━━━━━━━┓
┃ Algorithm                        ┃ NDCG@1               ┃ NDCG@10              ┃ NDCG@5              ┃
┡━━━━━━━━━━━━━━━━━━━━━━━━━━━━━━━━━━╇━━━━━━━━━━━━━━━━━━━━━━╇━━━━━━━━━━━━━━━━━━━━━━╇━━━━━━━━━━━━━━━━━━━━━┩
│ LensKit.ItemKNNScorer-c3d66610-7 │ 0.017115824164141816 │ 0.011142119448960805 │ 0.01269352091208057 │
└──────────────────────────────────┴──────────────────────┴──────────────────────┴─────────────────────┘
  Running seed=13
                      INFO     Canonicalized data set already exists, skipping download and       recsys_data_set.py:205
                               canonicalization.                                                                        
[2026/06/29 08:45:16] INFO     Making data set implicit with threshold 3.                      feedback_conversion.py:21
                      INFO     Minimum rating: 1.0                                             feedback_conversion.py:24
                      INFO     Maximum rating: 5.0                                             feedback_conversion.py:25
                      INFO     Number of interactions before: 1324753                          feedback_conversion.py:26
                      INFO     Number of interactions after: 1094400                           feedback_conversion.py:44
                      INFO     Pruning data set to 5-core.                                            core_pruning.py:19
                      INFO     Number of interactions before: 1094400                                 core_pruning.py:20
[2026/06/29 08:45:17] INFO     Number of interactions after: 177572                                   core_pruning.py:63
[2026/06/29 08:45:30] INFO     Reusing existing env 'LensKit_env' at                                          envs.py:48
                               /home/florian_dueck04/.omnirec/data/envs/LensKit_env                                     
                      INFO     Starting runner...                                                     coordinator.py:272
[2026/06/29 08:45:39] INFO     Runner started with pid: 33291                                         coordinator.py:297
                      INFO     Connecting to runner...                                                coordinator.py:135
                      INFO     Running phase 'Fit' for Amazon2014VideoGames/ImplicitMFScorer          coordinator.py:402
[2026/06/29 08:46:19] INFO     Running phase 'Predict' for Amazon2014VideoGames/ImplicitMFScorer      coordinator.py:402
Traceback (most recent call last):
  File "/home/florian_dueck04/AutoRecLab-group4/.venv/lib/python3.12/site-packages/omnirec/runner/coordinator.py", line 212, in run
    self.run_split(
  File "/home/florian_dueck04/AutoRecLab-group4/.venv/lib/python3.12/site-packages/omnirec/runner/coordinator.py", line 354, in run_split
    self.wait_for_job(root._predict, root)
  File "/home/florian_dueck04/AutoRecLab-group4/.venv/lib/python3.12/site-packages/omnirec/runner/coordinator.py", line 385, in wait_for_job
    state = root._status(job_id)
            ^^^^^^^^^^^^^^^^^^^^
  File "/home/florian_dueck04/AutoRecLab-group4/.venv/lib/python3.12/site-packages/rpyc/core/netref.py", line 239, in __call__
    return syncreq(_self, consts.HANDLE_CALL, args, kwargs)
           ^^^^^^^^^^^^^^^^^^^^^^^^^^^^^^^^^^^^^^^^^^^^^^^^
  File "/home/florian_dueck04/AutoRecLab-group4/.venv/lib/python3.12/site-packages/rpyc/core/netref.py", line 63, in syncreq
    return conn.sync_request(handler, proxy, *args)
           ^^^^^^^^^^^^^^^^^^^^^^^^^^^^^^^^^^^^^^^^
  File "/home/florian_dueck04/AutoRecLab-group4/.venv/lib/python3.12/site-packages/rpyc/core/protocol.py", line 744, in sync_request
    return _async_res.value
           ^^^^^^^^^^^^^^^^
  File "/home/florian_dueck04/AutoRecLab-group4/.venv/lib/python3.12/site-packages/rpyc/core/async_.py", line 111, in value
    raise self._obj
rpyc.core.vinegar/concurrent.futures.process._get_exception_class.<locals>.Derived: A process in the process pool was terminated abruptly while the future was running or pending.

========= Remote Traceback (1) =========
Traceback (most recent call last):
  File "/home/florian_dueck04/.omnirec/data/envs/LensKit_env/lib/python3.11/site-packages/rpyc/core/protocol.py", line 369, in _dispatch_request
    res = self._HANDLERS[handler](self, *args)
          ^^^^^^^^^^^^^^^^^^^^^^^^^^^^^^^^^^^^
  File "/home/florian_dueck04/.omnirec/data/envs/LensKit_env/lib/python3.11/site-packages/rpyc/core/protocol.py", line 863, in _handle_call
    return obj(*args, **dict(kwargs))
           ^^^^^^^^^^^^^^^^^^^^^^^^^^
  File "/home/florian_dueck04/.omnirec/data/envs/LensKit_env/lib/python3.11/site-packages/omnirec_runner/runner.py", line 143, in _status
    raise exc
concurrent.futures.process.BrokenProcessPool: A process in the process pool was terminated abruptly while the future was running or pending.

[2026/06/29 08:51:10] CRITICAL Stopping runner...                                                     coordinator.py:445
                      INFO     Reusing existing env 'LensKit_env' at                                          envs.py:48
                               /home/florian_dueck04/.omnirec/data/envs/LensKit_env                                     
                      INFO     Starting runner...                                                     coordinator.py:272
[2026/06/29 08:51:19] INFO     Runner started with pid: 33497                                         coordinator.py:297
                      INFO     Connecting to runner...                                                coordinator.py:135
                      INFO     Running phase 'Fit' for Amazon2014VideoGames/ItemKNNScorer             coordinator.py:402
[2026/06/29 08:51:29] INFO     Running phase 'Predict' for Amazon2014VideoGames/ItemKNNScorer         coordinator.py:402
[2026/06/29 08:52:29] INFO     Running phase 'Evaluate' for Amazon2014VideoGames/ItemKNNScorer        coordinator.py:402
[2026/06/29 08:53:09] INFO     Amazon2014VideoGames/ItemKNNScorer done!                               coordinator.py:373
                      CRITICAL Stopping runner...                                                     coordinator.py:445
                      INFO     Reusing existing env 'LensKit_env' at                                          envs.py:48
                               /home/florian_dueck04/.omnirec/data/envs/LensKit_env                                     
                      INFO     Starting runner...                                                     coordinator.py:272
[2026/06/29 08:53:12] INFO     Runner started with pid: 33617                                         coordinator.py:297
                      INFO     Connecting to runner...                                                coordinator.py:135
                      INFO     Running phase 'Fit' for Amazon2014VideoGames/PopScorer                 coordinator.py:402
[2026/06/29 08:53:22] INFO     Running phase 'Predict' for Amazon2014VideoGames/PopScorer             coordinator.py:402
Traceback (most recent call last):
  File "/home/florian_dueck04/AutoRecLab-group4/.venv/lib/python3.12/site-packages/omnirec/runner/coordinator.py", line 212, in run
    self.run_split(
  File "/home/florian_dueck04/AutoRecLab-group4/.venv/lib/python3.12/site-packages/omnirec/runner/coordinator.py", line 354, in run_split
    self.wait_for_job(root._predict, root)
  File "/home/florian_dueck04/AutoRecLab-group4/.venv/lib/python3.12/site-packages/omnirec/runner/coordinator.py", line 385, in wait_for_job
    state = root._status(job_id)
            ^^^^^^^^^^^^^^^^^^^^
  File "/home/florian_dueck04/AutoRecLab-group4/.venv/lib/python3.12/site-packages/rpyc/core/netref.py", line 239, in __call__
    return syncreq(_self, consts.HANDLE_CALL, args, kwargs)
           ^^^^^^^^^^^^^^^^^^^^^^^^^^^^^^^^^^^^^^^^^^^^^^^^
  File "/home/florian_dueck04/AutoRecLab-group4/.venv/lib/python3.12/site-packages/rpyc/core/netref.py", line 63, in syncreq
    return conn.sync_request(handler, proxy, *args)
           ^^^^^^^^^^^^^^^^^^^^^^^^^^^^^^^^^^^^^^^^
  File "/home/florian_dueck04/AutoRecLab-group4/.venv/lib/python3.12/site-packages/rpyc/core/protocol.py", line 744, in sync_request
    return _async_res.value
           ^^^^^^^^^^^^^^^^
  File "/home/florian_dueck04/AutoRecLab-group4/.venv/lib/python3.12/site-packages/rpyc/core/async_.py", line 111, in value
    raise self._obj
rpyc.core.vinegar/concurrent.futures.process._get_exception_class.<locals>.Derived: A process in the process pool was terminated abruptly while the future was running or pending.

========= Remote Traceback (1) =========
Traceback (most recent call last):
  File "/home/florian_dueck04/.omnirec/data/envs/LensKit_env/lib/python3.11/site-packages/rpyc/core/protocol.py", line 369, in _dispatch_request
    res = self._HANDLERS[handler](self, *args)
          ^^^^^^^^^^^^^^^^^^^^^^^^^^^^^^^^^^^^
  File "/home/florian_dueck04/.omnirec/data/envs/LensKit_env/lib/python3.11/site-packages/rpyc/core/protocol.py", line 863, in _handle_call
    return obj(*args, **dict(kwargs))
           ^^^^^^^^^^^^^^^^^^^^^^^^^^
  File "/home/florian_dueck04/.omnirec/data/envs/LensKit_env/lib/python3.11/site-packages/omnirec_runner/runner.py", line 143, in _status
    raise exc
concurrent.futures.process.BrokenProcessPool: A process in the process pool was terminated abruptly while the future was running or pending.

[2026/06/29 08:58:03] CRITICAL Stopping runner...                                                     coordinator.py:445
                                MovieLens100K-938abed0: Evaluation Results                                 
┏━━━━━━━━━━━━━━━━━━━━━━━━━━━━━━━━━━━━━━━┳━━━━━━━━━━━━━━━━━━━━━┳━━━━━━━━━━━━━━━━━━━━━┳━━━━━━━━━━━━━━━━━━━━━┓
┃ Algorithm                             ┃ NDCG@1              ┃ NDCG@10             ┃ NDCG@5              ┃
┡━━━━━━━━━━━━━━━━━━━━━━━━━━━━━━━━━━━━━━━╇━━━━━━━━━━━━━━━━━━━━━╇━━━━━━━━━━━━━━━━━━━━━╇━━━━━━━━━━━━━━━━━━━━━┩
│ LensKit.ImplicitMFScorer-f0dd7ecb-101 │ 0.19936373276776245 │ 0.16161381653936155 │ 0.17511992235356058 │
│ LensKit.ImplicitMFScorer-f0dd7ecb-13  │ 0.1855779427359491  │ 0.16263014507002657 │ 0.17341846156064294 │
│ LensKit.ImplicitMFScorer-f0dd7ecb-29  │ 0.22269353128313893 │ 0.17250694860687865 │ 0.18494361230047301 │
│ LensKit.ImplicitMFScorer-f0dd7ecb-42  │ 0.19618239660657477 │ 0.16089536383683978 │ 0.17468700413516758 │
│ LensKit.ImplicitMFScorer-f0dd7ecb-7   │ 0.18663838812301167 │ 0.16101093126743737 │ 0.17544419817815912 │
│ LensKit.ItemKNNScorer-c3d66610-101    │ 0.2682926829268293  │ 0.202865451774379   │ 0.22557191574649435 │
│ LensKit.ItemKNNScorer-c3d66610-13     │ 0.2926829268292683  │ 0.207638424293557   │ 0.23381424312628243 │
│ LensKit.ItemKNNScorer-c3d66610-29     │ 0.256627783669141   │ 0.20627003242574998 │ 0.234014617899336   │
│ LensKit.ItemKNNScorer-c3d66610-42     │ 0.28101802757158006 │ 0.2085559391428343  │ 0.23755126999465304 │
│ LensKit.ItemKNNScorer-c3d66610-7      │ 0.2873806998939555  │ 0.21391652620856455 │ 0.24293107054071106 │
│ LensKit.PopScorer-f4aa5539-101        │ 0.19406150583244963 │ 0.14209000900807872 │ 0.15846194206885866 │
│ LensKit.PopScorer-f4aa5539-13         │ 0.18451749734888653 │ 0.13949386745391157 │ 0.15013652614446565 │
│ LensKit.PopScorer-f4aa5539-29         │ 0.22269353128313893 │ 0.15331999289779524 │ 0.16542078426521128 │
│ LensKit.PopScorer-f4aa5539-42         │ 0.22269353128313893 │ 0.14447022287540828 │ 0.16452893817102301 │
│ LensKit.PopScorer-f4aa5539-7          │ 0.21845174973488865 │ 0.14634385282335163 │ 0.1598583673645016  │
└───────────────────────────────────────┴─────────────────────┴─────────────────────┴─────────────────────┘
                            Amazon2014VideoGames-32d2823b: Evaluation Results                             
┏━━━━━━━━━━━━━━━━━━━━━━━━━━━━━━━━━━━┳━━━━━━━━━━━━━━━━━━━━━━┳━━━━━━━━━━━━━━━━━━━━━━┳━━━━━━━━━━━━━━━━━━━━━━┓
┃ Algorithm                         ┃ NDCG@1               ┃ NDCG@10              ┃ NDCG@5               ┃
┡━━━━━━━━━━━━━━━━━━━━━━━━━━━━━━━━━━━╇━━━━━━━━━━━━━━━━━━━━━━╇━━━━━━━━━━━━━━━━━━━━━━╇━━━━━━━━━━━━━━━━━━━━━━┩
│ LensKit.ItemKNNScorer-c3d66610-13 │ 0.0183915377664381   │ 0.012209174693526503 │ 0.014187232590084527 │
│ LensKit.ItemKNNScorer-c3d66610-7  │ 0.017115824164141816 │ 0.011142119448960805 │ 0.01269352091208057  │
└───────────────────────────────────┴──────────────────────┴──────────────────────┴──────────────────────┘
  Running seed=29
                      INFO     Canonicalized data set already exists, skipping download and       recsys_data_set.py:205
                               canonicalization.                                                                        
                      INFO     Making data set implicit with threshold 3.                      feedback_conversion.py:21
                      INFO     Minimum rating: 1.0                                             feedback_conversion.py:24
                      INFO     Maximum rating: 5.0                                             feedback_conversion.py:25
                      INFO     Number of interactions before: 1324753                          feedback_conversion.py:26
[2026/06/29 08:58:04] INFO     Number of interactions after: 1094400                           feedback_conversion.py:44
                      INFO     Pruning data set to 5-core.                                            core_pruning.py:19
                      INFO     Number of interactions before: 1094400                                 core_pruning.py:20
[2026/06/29 08:58:05] INFO     Number of interactions after: 177572                                   core_pruning.py:63
[2026/06/29 08:58:18] INFO     Reusing existing env 'LensKit_env' at                                          envs.py:48
                               /home/florian_dueck04/.omnirec/data/envs/LensKit_env                                     
                      INFO     Starting runner...                                                     coordinator.py:272
[2026/06/29 08:58:27] INFO     Runner started with pid: 33803                                         coordinator.py:297
                      INFO     Connecting to runner...                                                coordinator.py:135
[2026/06/29 08:58:28] INFO     Running phase 'Fit' for Amazon2014VideoGames/ImplicitMFScorer          coordinator.py:402
[2026/06/29 08:59:08] INFO     Running phase 'Predict' for Amazon2014VideoGames/ImplicitMFScorer      coordinator.py:402
Traceback (most recent call last):
  File "/home/florian_dueck04/AutoRecLab-group4/.venv/lib/python3.12/site-packages/omnirec/runner/coordinator.py", line 212, in run
    self.run_split(
  File "/home/florian_dueck04/AutoRecLab-group4/.venv/lib/python3.12/site-packages/omnirec/runner/coordinator.py", line 354, in run_split
    self.wait_for_job(root._predict, root)
  File "/home/florian_dueck04/AutoRecLab-group4/.venv/lib/python3.12/site-packages/omnirec/runner/coordinator.py", line 385, in wait_for_job
    state = root._status(job_id)
            ^^^^^^^^^^^^^^^^^^^^
  File "/home/florian_dueck04/AutoRecLab-group4/.venv/lib/python3.12/site-packages/rpyc/core/netref.py", line 239, in __call__
    return syncreq(_self, consts.HANDLE_CALL, args, kwargs)
           ^^^^^^^^^^^^^^^^^^^^^^^^^^^^^^^^^^^^^^^^^^^^^^^^
  File "/home/florian_dueck04/AutoRecLab-group4/.venv/lib/python3.12/site-packages/rpyc/core/netref.py", line 63, in syncreq
    return conn.sync_request(handler, proxy, *args)
           ^^^^^^^^^^^^^^^^^^^^^^^^^^^^^^^^^^^^^^^^
  File "/home/florian_dueck04/AutoRecLab-group4/.venv/lib/python3.12/site-packages/rpyc/core/protocol.py", line 744, in sync_request
    return _async_res.value
           ^^^^^^^^^^^^^^^^
  File "/home/florian_dueck04/AutoRecLab-group4/.venv/lib/python3.12/site-packages/rpyc/core/async_.py", line 111, in value
    raise self._obj
rpyc.core.vinegar/concurrent.futures.process._get_exception_class.<locals>.Derived: A process in the process pool was terminated abruptly while the future was running or pending.

========= Remote Traceback (1) =========
Traceback (most recent call last):
  File "/home/florian_dueck04/.omnirec/data/envs/LensKit_env/lib/python3.11/site-packages/rpyc/core/protocol.py", line 369, in _dispatch_request
    res = self._HANDLERS[handler](self, *args)
          ^^^^^^^^^^^^^^^^^^^^^^^^^^^^^^^^^^^^
  File "/home/florian_dueck04/.omnirec/data/envs/LensKit_env/lib/python3.11/site-packages/rpyc/core/protocol.py", line 863, in _handle_call
    return obj(*args, **dict(kwargs))
           ^^^^^^^^^^^^^^^^^^^^^^^^^^
  File "/home/florian_dueck04/.omnirec/data/envs/LensKit_env/lib/python3.11/site-packages/omnirec_runner/runner.py", line 143, in _status
    raise exc
concurrent.futures.process.BrokenProcessPool: A process in the process pool was terminated abruptly while the future was running or pending.

[2026/06/29 09:04:18] CRITICAL Stopping runner...                                                     coordinator.py:445
                      INFO     Reusing existing env 'LensKit_env' at                                          envs.py:48
                               /home/florian_dueck04/.omnirec/data/envs/LensKit_env                                     
                      INFO     Starting runner...                                                     coordinator.py:272
[2026/06/29 09:04:28] INFO     Runner started with pid: 33982                                         coordinator.py:297
                      INFO     Connecting to runner...                                                coordinator.py:135
                      INFO     Running phase 'Fit' for Amazon2014VideoGames/ItemKNNScorer             coordinator.py:402
[2026/06/29 09:04:38] INFO     Running phase 'Predict' for Amazon2014VideoGames/ItemKNNScorer         coordinator.py:402
[2026/06/29 09:05:48] INFO     Running phase 'Evaluate' for Amazon2014VideoGames/ItemKNNScorer        coordinator.py:402
[2026/06/29 09:06:31] INFO     Amazon2014VideoGames/ItemKNNScorer done!                               coordinator.py:373
                      CRITICAL Stopping runner...                                                     coordinator.py:445
[2026/06/29 09:06:32] INFO     Reusing existing env 'LensKit_env' at                                          envs.py:48
                               /home/florian_dueck04/.omnirec/data/envs/LensKit_env                                     
                      INFO     Starting runner...                                                     coordinator.py:272
[2026/06/29 09:06:34] INFO     Runner started with pid: 34106                                         coordinator.py:297
                      INFO     Connecting to runner...                                                coordinator.py:135
                      INFO     Running phase 'Fit' for Amazon2014VideoGames/PopScorer                 coordinator.py:402
[2026/06/29 09:06:44] INFO     Running phase 'Predict' for Amazon2014VideoGames/PopScorer             coordinator.py:402
Traceback (most recent call last):
  File "/home/florian_dueck04/AutoRecLab-group4/.venv/lib/python3.12/site-packages/omnirec/runner/coordinator.py", line 212, in run
    self.run_split(
  File "/home/florian_dueck04/AutoRecLab-group4/.venv/lib/python3.12/site-packages/omnirec/runner/coordinator.py", line 354, in run_split
    self.wait_for_job(root._predict, root)
  File "/home/florian_dueck04/AutoRecLab-group4/.venv/lib/python3.12/site-packages/omnirec/runner/coordinator.py", line 385, in wait_for_job
    state = root._status(job_id)
            ^^^^^^^^^^^^^^^^^^^^
  File "/home/florian_dueck04/AutoRecLab-group4/.venv/lib/python3.12/site-packages/rpyc/core/netref.py", line 239, in __call__
    return syncreq(_self, consts.HANDLE_CALL, args, kwargs)
           ^^^^^^^^^^^^^^^^^^^^^^^^^^^^^^^^^^^^^^^^^^^^^^^^
  File "/home/florian_dueck04/AutoRecLab-group4/.venv/lib/python3.12/site-packages/rpyc/core/netref.py", line 63, in syncreq
    return conn.sync_request(handler, proxy, *args)
           ^^^^^^^^^^^^^^^^^^^^^^^^^^^^^^^^^^^^^^^^
  File "/home/florian_dueck04/AutoRecLab-group4/.venv/lib/python3.12/site-packages/rpyc/core/protocol.py", line 744, in sync_request
    return _async_res.value
           ^^^^^^^^^^^^^^^^
  File "/home/florian_dueck04/AutoRecLab-group4/.venv/lib/python3.12/site-packages/rpyc/core/async_.py", line 111, in value
    raise self._obj
rpyc.core.vinegar/concurrent.futures.process._get_exception_class.<locals>.Derived: A process in the process pool was terminated abruptly while the future was running or pending.

========= Remote Traceback (1) =========
Traceback (most recent call last):
  File "/home/florian_dueck04/.omnirec/data/envs/LensKit_env/lib/python3.11/site-packages/rpyc/core/protocol.py", line 369, in _dispatch_request
    res = self._HANDLERS[handler](self, *args)
          ^^^^^^^^^^^^^^^^^^^^^^^^^^^^^^^^^^^^
  File "/home/florian_dueck04/.omnirec/data/envs/LensKit_env/lib/python3.11/site-packages/rpyc/core/protocol.py", line 863, in _handle_call
    return obj(*args, **dict(kwargs))
           ^^^^^^^^^^^^^^^^^^^^^^^^^^
  File "/home/florian_dueck04/.omnirec/data/envs/LensKit_env/lib/python3.11/site-packages/omnirec_runner/runner.py", line 143, in _status
    raise exc
concurrent.futures.process.BrokenProcessPool: A process in the process pool was terminated abruptly while the future was running or pending.

[2026/06/29 09:11:25] CRITICAL Stopping runner...                                                     coordinator.py:445
                                MovieLens100K-938abed0: Evaluation Results                                 
┏━━━━━━━━━━━━━━━━━━━━━━━━━━━━━━━━━━━━━━━┳━━━━━━━━━━━━━━━━━━━━━┳━━━━━━━━━━━━━━━━━━━━━┳━━━━━━━━━━━━━━━━━━━━━┓
┃ Algorithm                             ┃ NDCG@1              ┃ NDCG@10             ┃ NDCG@5              ┃
┡━━━━━━━━━━━━━━━━━━━━━━━━━━━━━━━━━━━━━━━╇━━━━━━━━━━━━━━━━━━━━━╇━━━━━━━━━━━━━━━━━━━━━╇━━━━━━━━━━━━━━━━━━━━━┩
│ LensKit.ImplicitMFScorer-f0dd7ecb-101 │ 0.19936373276776245 │ 0.16161381653936155 │ 0.17511992235356058 │
│ LensKit.ImplicitMFScorer-f0dd7ecb-13  │ 0.1855779427359491  │ 0.16263014507002657 │ 0.17341846156064294 │
│ LensKit.ImplicitMFScorer-f0dd7ecb-29  │ 0.22269353128313893 │ 0.17250694860687865 │ 0.18494361230047301 │
│ LensKit.ImplicitMFScorer-f0dd7ecb-42  │ 0.19618239660657477 │ 0.16089536383683978 │ 0.17468700413516758 │
│ LensKit.ImplicitMFScorer-f0dd7ecb-7   │ 0.18663838812301167 │ 0.16101093126743737 │ 0.17544419817815912 │
│ LensKit.ItemKNNScorer-c3d66610-101    │ 0.2682926829268293  │ 0.202865451774379   │ 0.22557191574649435 │
│ LensKit.ItemKNNScorer-c3d66610-13     │ 0.2926829268292683  │ 0.207638424293557   │ 0.23381424312628243 │
│ LensKit.ItemKNNScorer-c3d66610-29     │ 0.256627783669141   │ 0.20627003242574998 │ 0.234014617899336   │
│ LensKit.ItemKNNScorer-c3d66610-42     │ 0.28101802757158006 │ 0.2085559391428343  │ 0.23755126999465304 │
│ LensKit.ItemKNNScorer-c3d66610-7      │ 0.2873806998939555  │ 0.21391652620856455 │ 0.24293107054071106 │
│ LensKit.PopScorer-f4aa5539-101        │ 0.19406150583244963 │ 0.14209000900807872 │ 0.15846194206885866 │
│ LensKit.PopScorer-f4aa5539-13         │ 0.18451749734888653 │ 0.13949386745391157 │ 0.15013652614446565 │
│ LensKit.PopScorer-f4aa5539-29         │ 0.22269353128313893 │ 0.15331999289779524 │ 0.16542078426521128 │
│ LensKit.PopScorer-f4aa5539-42         │ 0.22269353128313893 │ 0.14447022287540828 │ 0.16452893817102301 │
│ LensKit.PopScorer-f4aa5539-7          │ 0.21845174973488865 │ 0.14634385282335163 │ 0.1598583673645016  │
└───────────────────────────────────────┴─────────────────────┴─────────────────────┴─────────────────────┘
                            Amazon2014VideoGames-32d2823b: Evaluation Results                             
┏━━━━━━━━━━━━━━━━━━━━━━━━━━━━━━━━━━━┳━━━━━━━━━━━━━━━━━━━━━━┳━━━━━━━━━━━━━━━━━━━━━━┳━━━━━━━━━━━━━━━━━━━━━━┓
┃ Algorithm                         ┃ NDCG@1               ┃ NDCG@10              ┃ NDCG@5               ┃
┡━━━━━━━━━━━━━━━━━━━━━━━━━━━━━━━━━━━╇━━━━━━━━━━━━━━━━━━━━━━╇━━━━━━━━━━━━━━━━━━━━━━╇━━━━━━━━━━━━━━━━━━━━━━┩
│ LensKit.ItemKNNScorer-c3d66610-13 │ 0.0183915377664381   │ 0.012209174693526503 │ 0.014187232590084527 │
│ LensKit.ItemKNNScorer-c3d66610-29 │ 0.017062669430712805 │ 0.011614356773052434 │ 0.013536635814905431 │
│ LensKit.ItemKNNScorer-c3d66610-7  │ 0.017115824164141816 │ 0.011142119448960805 │ 0.01269352091208057  │
└───────────────────────────────────┴──────────────────────┴──────────────────────┴──────────────────────┘
  Running seed=42
                      INFO     Canonicalized data set already exists, skipping download and       recsys_data_set.py:205
                               canonicalization.                                                                        
                      INFO     Making data set implicit with threshold 3.                      feedback_conversion.py:21
                      INFO     Minimum rating: 1.0                                             feedback_conversion.py:24
                      INFO     Maximum rating: 5.0                                             feedback_conversion.py:25
                      INFO     Number of interactions before: 1324753                          feedback_conversion.py:26
                      INFO     Number of interactions after: 1094400                           feedback_conversion.py:44
                      INFO     Pruning data set to 5-core.                                            core_pruning.py:19
                      INFO     Number of interactions before: 1094400                                 core_pruning.py:20
[2026/06/29 09:11:27] INFO     Number of interactions after: 177572                                   core_pruning.py:63
[2026/06/29 09:11:40] INFO     Reusing existing env 'LensKit_env' at                                          envs.py:48
                               /home/florian_dueck04/.omnirec/data/envs/LensKit_env                                     
                      INFO     Starting runner...                                                     coordinator.py:272
[2026/06/29 09:11:50] INFO     Runner started with pid: 34295                                         coordinator.py:297
                      INFO     Connecting to runner...                                                coordinator.py:135
                      INFO     Running phase 'Fit' for Amazon2014VideoGames/ImplicitMFScorer          coordinator.py:402
[2026/06/29 09:12:30] INFO     Running phase 'Predict' for Amazon2014VideoGames/ImplicitMFScorer      coordinator.py:402
Traceback (most recent call last):
  File "/home/florian_dueck04/AutoRecLab-group4/.venv/lib/python3.12/site-packages/omnirec/runner/coordinator.py", line 212, in run
    self.run_split(
  File "/home/florian_dueck04/AutoRecLab-group4/.venv/lib/python3.12/site-packages/omnirec/runner/coordinator.py", line 354, in run_split
    self.wait_for_job(root._predict, root)
  File "/home/florian_dueck04/AutoRecLab-group4/.venv/lib/python3.12/site-packages/omnirec/runner/coordinator.py", line 385, in wait_for_job
    state = root._status(job_id)
            ^^^^^^^^^^^^^^^^^^^^
  File "/home/florian_dueck04/AutoRecLab-group4/.venv/lib/python3.12/site-packages/rpyc/core/netref.py", line 239, in __call__
    return syncreq(_self, consts.HANDLE_CALL, args, kwargs)
           ^^^^^^^^^^^^^^^^^^^^^^^^^^^^^^^^^^^^^^^^^^^^^^^^
  File "/home/florian_dueck04/AutoRecLab-group4/.venv/lib/python3.12/site-packages/rpyc/core/netref.py", line 63, in syncreq
    return conn.sync_request(handler, proxy, *args)
           ^^^^^^^^^^^^^^^^^^^^^^^^^^^^^^^^^^^^^^^^
  File "/home/florian_dueck04/AutoRecLab-group4/.venv/lib/python3.12/site-packages/rpyc/core/protocol.py", line 744, in sync_request
    return _async_res.value
           ^^^^^^^^^^^^^^^^
  File "/home/florian_dueck04/AutoRecLab-group4/.venv/lib/python3.12/site-packages/rpyc/core/async_.py", line 111, in value
    raise self._obj
rpyc.core.vinegar/concurrent.futures.process._get_exception_class.<locals>.Derived: A process in the process pool was terminated abruptly while the future was running or pending.

========= Remote Traceback (1) =========
Traceback (most recent call last):
  File "/home/florian_dueck04/.omnirec/data/envs/LensKit_env/lib/python3.11/site-packages/rpyc/core/protocol.py", line 369, in _dispatch_request
    res = self._HANDLERS[handler](self, *args)
          ^^^^^^^^^^^^^^^^^^^^^^^^^^^^^^^^^^^^
  File "/home/florian_dueck04/.omnirec/data/envs/LensKit_env/lib/python3.11/site-packages/rpyc/core/protocol.py", line 863, in _handle_call
    return obj(*args, **dict(kwargs))
           ^^^^^^^^^^^^^^^^^^^^^^^^^^
  File "/home/florian_dueck04/.omnirec/data/envs/LensKit_env/lib/python3.11/site-packages/omnirec_runner/runner.py", line 143, in _status
    raise exc
concurrent.futures.process.BrokenProcessPool: A process in the process pool was terminated abruptly while the future was running or pending.

[2026/06/29 09:17:40] CRITICAL Stopping runner...                                                     coordinator.py:445
[2026/06/29 09:17:41] INFO     Reusing existing env 'LensKit_env' at                                          envs.py:48
                               /home/florian_dueck04/.omnirec/data/envs/LensKit_env                                     
                      INFO     Starting runner...                                                     coordinator.py:272
[2026/06/29 09:17:50] INFO     Runner started with pid: 34480                                         coordinator.py:297
                      INFO     Connecting to runner...                                                coordinator.py:135
                      INFO     Running phase 'Fit' for Amazon2014VideoGames/ItemKNNScorer             coordinator.py:402
[2026/06/29 09:18:00] INFO     Running phase 'Predict' for Amazon2014VideoGames/ItemKNNScorer         coordinator.py:402
[2026/06/29 09:19:00] INFO     Running phase 'Evaluate' for Amazon2014VideoGames/ItemKNNScorer        coordinator.py:402
[2026/06/29 09:19:39] INFO     Amazon2014VideoGames/ItemKNNScorer done!                               coordinator.py:373
                      CRITICAL Stopping runner...                                                     coordinator.py:445
                      INFO     Reusing existing env 'LensKit_env' at                                          envs.py:48
                               /home/florian_dueck04/.omnirec/data/envs/LensKit_env                                     
                      INFO     Starting runner...                                                     coordinator.py:272
[2026/06/29 09:19:42] INFO     Runner started with pid: 34628                                         coordinator.py:297
                      INFO     Connecting to runner...                                                coordinator.py:135
                      INFO     Running phase 'Fit' for Amazon2014VideoGames/PopScorer                 coordinator.py:402
[2026/06/29 09:19:52] INFO     Running phase 'Predict' for Amazon2014VideoGames/PopScorer             coordinator.py:402
Traceback (most recent call last):
  File "/home/florian_dueck04/AutoRecLab-group4/.venv/lib/python3.12/site-packages/omnirec/runner/coordinator.py", line 212, in run
    self.run_split(
  File "/home/florian_dueck04/AutoRecLab-group4/.venv/lib/python3.12/site-packages/omnirec/runner/coordinator.py", line 354, in run_split
    self.wait_for_job(root._predict, root)
  File "/home/florian_dueck04/AutoRecLab-group4/.venv/lib/python3.12/site-packages/omnirec/runner/coordinator.py", line 385, in wait_for_job
    state = root._status(job_id)
            ^^^^^^^^^^^^^^^^^^^^
  File "/home/florian_dueck04/AutoRecLab-group4/.venv/lib/python3.12/site-packages/rpyc/core/netref.py", line 239, in __call__
    return syncreq(_self, consts.HANDLE_CALL, args, kwargs)
           ^^^^^^^^^^^^^^^^^^^^^^^^^^^^^^^^^^^^^^^^^^^^^^^^
  File "/home/florian_dueck04/AutoRecLab-group4/.venv/lib/python3.12/site-packages/rpyc/core/netref.py", line 63, in syncreq
    return conn.sync_request(handler, proxy, *args)
           ^^^^^^^^^^^^^^^^^^^^^^^^^^^^^^^^^^^^^^^^
  File "/home/florian_dueck04/AutoRecLab-group4/.venv/lib/python3.12/site-packages/rpyc/core/protocol.py", line 744, in sync_request
    return _async_res.value
           ^^^^^^^^^^^^^^^^
  File "/home/florian_dueck04/AutoRecLab-group4/.venv/lib/python3.12/site-packages/rpyc/core/async_.py", line 111, in value
    raise self._obj
rpyc.core.vinegar/concurrent.futures.process._get_exception_class.<locals>.Derived: A process in the process pool was terminated abruptly while the future was running or pending.

========= Remote Traceback (1) =========
Traceback (most recent call last):
  File "/home/florian_dueck04/.omnirec/data/envs/LensKit_env/lib/python3.11/site-packages/rpyc/core/protocol.py", line 369, in _dispatch_request
    res = self._HANDLERS[handler](self, *args)
          ^^^^^^^^^^^^^^^^^^^^^^^^^^^^^^^^^^^^
  File "/home/florian_dueck04/.omnirec/data/envs/LensKit_env/lib/python3.11/site-packages/rpyc/core/protocol.py", line 863, in _handle_call
    return obj(*args, **dict(kwargs))
           ^^^^^^^^^^^^^^^^^^^^^^^^^^
  File "/home/florian_dueck04/.omnirec/data/envs/LensKit_env/lib/python3.11/site-packages/omnirec_runner/runner.py", line 143, in _status
    raise exc
concurrent.futures.process.BrokenProcessPool: A process in the process pool was terminated abruptly while the future was running or pending.

[2026/06/29 09:24:32] CRITICAL Stopping runner...                                                     coordinator.py:445
                                MovieLens100K-938abed0: Evaluation Results                                 
┏━━━━━━━━━━━━━━━━━━━━━━━━━━━━━━━━━━━━━━━┳━━━━━━━━━━━━━━━━━━━━━┳━━━━━━━━━━━━━━━━━━━━━┳━━━━━━━━━━━━━━━━━━━━━┓
┃ Algorithm                             ┃ NDCG@1              ┃ NDCG@10             ┃ NDCG@5              ┃
┡━━━━━━━━━━━━━━━━━━━━━━━━━━━━━━━━━━━━━━━╇━━━━━━━━━━━━━━━━━━━━━╇━━━━━━━━━━━━━━━━━━━━━╇━━━━━━━━━━━━━━━━━━━━━┩
│ LensKit.ImplicitMFScorer-f0dd7ecb-101 │ 0.19936373276776245 │ 0.16161381653936155 │ 0.17511992235356058 │
│ LensKit.ImplicitMFScorer-f0dd7ecb-13  │ 0.1855779427359491  │ 0.16263014507002657 │ 0.17341846156064294 │
│ LensKit.ImplicitMFScorer-f0dd7ecb-29  │ 0.22269353128313893 │ 0.17250694860687865 │ 0.18494361230047301 │
│ LensKit.ImplicitMFScorer-f0dd7ecb-42  │ 0.19618239660657477 │ 0.16089536383683978 │ 0.17468700413516758 │
│ LensKit.ImplicitMFScorer-f0dd7ecb-7   │ 0.18663838812301167 │ 0.16101093126743737 │ 0.17544419817815912 │
│ LensKit.ItemKNNScorer-c3d66610-101    │ 0.2682926829268293  │ 0.202865451774379   │ 0.22557191574649435 │
│ LensKit.ItemKNNScorer-c3d66610-13     │ 0.2926829268292683  │ 0.207638424293557   │ 0.23381424312628243 │
│ LensKit.ItemKNNScorer-c3d66610-29     │ 0.256627783669141   │ 0.20627003242574998 │ 0.234014617899336   │
│ LensKit.ItemKNNScorer-c3d66610-42     │ 0.28101802757158006 │ 0.2085559391428343  │ 0.23755126999465304 │
│ LensKit.ItemKNNScorer-c3d66610-7      │ 0.2873806998939555  │ 0.21391652620856455 │ 0.24293107054071106 │
│ LensKit.PopScorer-f4aa5539-101        │ 0.19406150583244963 │ 0.14209000900807872 │ 0.15846194206885866 │
│ LensKit.PopScorer-f4aa5539-13         │ 0.18451749734888653 │ 0.13949386745391157 │ 0.15013652614446565 │
│ LensKit.PopScorer-f4aa5539-29         │ 0.22269353128313893 │ 0.15331999289779524 │ 0.16542078426521128 │
│ LensKit.PopScorer-f4aa5539-42         │ 0.22269353128313893 │ 0.14447022287540828 │ 0.16452893817102301 │
│ LensKit.PopScorer-f4aa5539-7          │ 0.21845174973488865 │ 0.14634385282335163 │ 0.1598583673645016  │
└───────────────────────────────────────┴─────────────────────┴─────────────────────┴─────────────────────┘
                            Amazon2014VideoGames-32d2823b: Evaluation Results                             
┏━━━━━━━━━━━━━━━━━━━━━━━━━━━━━━━━━━━┳━━━━━━━━━━━━━━━━━━━━━━┳━━━━━━━━━━━━━━━━━━━━━━┳━━━━━━━━━━━━━━━━━━━━━━┓
┃ Algorithm                         ┃ NDCG@1               ┃ NDCG@10              ┃ NDCG@5               ┃
┡━━━━━━━━━━━━━━━━━━━━━━━━━━━━━━━━━━━╇━━━━━━━━━━━━━━━━━━━━━━╇━━━━━━━━━━━━━━━━━━━━━━╇━━━━━━━━━━━━━━━━━━━━━━┩
│ LensKit.ItemKNNScorer-c3d66610-13 │ 0.0183915377664381   │ 0.012209174693526503 │ 0.014187232590084527 │
│ LensKit.ItemKNNScorer-c3d66610-29 │ 0.017062669430712805 │ 0.011614356773052434 │ 0.013536635814905431 │
│ LensKit.ItemKNNScorer-c3d66610-42 │ 0.017700526231860948 │ 0.011744594350730596 │ 0.013760450524320273 │
│ LensKit.ItemKNNScorer-c3d66610-7  │ 0.017115824164141816 │ 0.011142119448960805 │ 0.01269352091208057  │
└───────────────────────────────────┴──────────────────────┴──────────────────────┴──────────────────────┘
  Running seed=101
                      INFO     Canonicalized data set already exists, skipping download and       recsys_data_set.py:205
                               canonicalization.                                                                        
[2026/06/29 09:24:33] INFO     Making data set implicit with threshold 3.                      feedback_conversion.py:21
                      INFO     Minimum rating: 1.0                                             feedback_conversion.py:24
                      INFO     Maximum rating: 5.0                                             feedback_conversion.py:25
                      INFO     Number of interactions before: 1324753                          feedback_conversion.py:26
                      INFO     Number of interactions after: 1094400                           feedback_conversion.py:44
                      INFO     Pruning data set to 5-core.                                            core_pruning.py:19
                      INFO     Number of interactions before: 1094400                                 core_pruning.py:20
[2026/06/29 09:24:34] INFO     Number of interactions after: 177572                                   core_pruning.py:63
[2026/06/29 09:24:47] INFO     Reusing existing env 'LensKit_env' at                                          envs.py:48
                               /home/florian_dueck04/.omnirec/data/envs/LensKit_env                                     
                      INFO     Starting runner...                                                     coordinator.py:272
[2026/06/29 09:24:57] INFO     Runner started with pid: 34788                                         coordinator.py:297
                      INFO     Connecting to runner...                                                coordinator.py:135
                      INFO     Running phase 'Fit' for Amazon2014VideoGames/ImplicitMFScorer          coordinator.py:402
[2026/06/29 09:25:37] INFO     Running phase 'Predict' for Amazon2014VideoGames/ImplicitMFScorer      coordinator.py:402
Traceback (most recent call last):
  File "/home/florian_dueck04/AutoRecLab-group4/.venv/lib/python3.12/site-packages/omnirec/runner/coordinator.py", line 212, in run
    self.run_split(
  File "/home/florian_dueck04/AutoRecLab-group4/.venv/lib/python3.12/site-packages/omnirec/runner/coordinator.py", line 354, in run_split
    self.wait_for_job(root._predict, root)
  File "/home/florian_dueck04/AutoRecLab-group4/.venv/lib/python3.12/site-packages/omnirec/runner/coordinator.py", line 385, in wait_for_job
    state = root._status(job_id)
            ^^^^^^^^^^^^^^^^^^^^
  File "/home/florian_dueck04/AutoRecLab-group4/.venv/lib/python3.12/site-packages/rpyc/core/netref.py", line 239, in __call__
    return syncreq(_self, consts.HANDLE_CALL, args, kwargs)
           ^^^^^^^^^^^^^^^^^^^^^^^^^^^^^^^^^^^^^^^^^^^^^^^^
  File "/home/florian_dueck04/AutoRecLab-group4/.venv/lib/python3.12/site-packages/rpyc/core/netref.py", line 63, in syncreq
    return conn.sync_request(handler, proxy, *args)
           ^^^^^^^^^^^^^^^^^^^^^^^^^^^^^^^^^^^^^^^^
  File "/home/florian_dueck04/AutoRecLab-group4/.venv/lib/python3.12/site-packages/rpyc/core/protocol.py", line 744, in sync_request
    return _async_res.value
           ^^^^^^^^^^^^^^^^
  File "/home/florian_dueck04/AutoRecLab-group4/.venv/lib/python3.12/site-packages/rpyc/core/async_.py", line 111, in value
    raise self._obj
rpyc.core.vinegar/concurrent.futures.process._get_exception_class.<locals>.Derived: A process in the process pool was terminated abruptly while the future was running or pending.

========= Remote Traceback (1) =========
Traceback (most recent call last):
  File "/home/florian_dueck04/.omnirec/data/envs/LensKit_env/lib/python3.11/site-packages/rpyc/core/protocol.py", line 369, in _dispatch_request
    res = self._HANDLERS[handler](self, *args)
          ^^^^^^^^^^^^^^^^^^^^^^^^^^^^^^^^^^^^
  File "/home/florian_dueck04/.omnirec/data/envs/LensKit_env/lib/python3.11/site-packages/rpyc/core/protocol.py", line 863, in _handle_call
    return obj(*args, **dict(kwargs))
           ^^^^^^^^^^^^^^^^^^^^^^^^^^
  File "/home/florian_dueck04/.omnirec/data/envs/LensKit_env/lib/python3.11/site-packages/omnirec_runner/runner.py", line 143, in _status
    raise exc
concurrent.futures.process.BrokenProcessPool: A process in the process pool was terminated abruptly while the future was running or pending.

[2026/06/29 09:30:48] CRITICAL Stopping runner...                                                     coordinator.py:445
                      INFO     Reusing existing env 'LensKit_env' at                                          envs.py:48
                               /home/florian_dueck04/.omnirec/data/envs/LensKit_env                                     
                      INFO     Starting runner...                                                     coordinator.py:272
[2026/06/29 09:30:58] INFO     Runner started with pid: 34994                                         coordinator.py:297
                      INFO     Connecting to runner...                                                coordinator.py:135
[2026/06/29 09:30:59] INFO     Running phase 'Fit' for Amazon2014VideoGames/ItemKNNScorer             coordinator.py:402
[2026/06/29 09:31:09] INFO     Running phase 'Predict' for Amazon2014VideoGames/ItemKNNScorer         coordinator.py:402
[2026/06/29 09:32:09] INFO     Running phase 'Evaluate' for Amazon2014VideoGames/ItemKNNScorer        coordinator.py:402
[2026/06/29 09:32:48] INFO     Amazon2014VideoGames/ItemKNNScorer done!                               coordinator.py:373
                      CRITICAL Stopping runner...                                                     coordinator.py:445
[2026/06/29 09:32:49] INFO     Reusing existing env 'LensKit_env' at                                          envs.py:48
                               /home/florian_dueck04/.omnirec/data/envs/LensKit_env                                     
                      INFO     Starting runner...                                                     coordinator.py:272
[2026/06/29 09:32:51] INFO     Runner started with pid: 35115                                         coordinator.py:297
                      INFO     Connecting to runner...                                                coordinator.py:135
[2026/06/29 09:32:52] INFO     Running phase 'Fit' for Amazon2014VideoGames/PopScorer                 coordinator.py:402
[2026/06/29 09:33:02] INFO     Running phase 'Predict' for Amazon2014VideoGames/PopScorer             coordinator.py:402
Traceback (most recent call last):
  File "/home/florian_dueck04/AutoRecLab-group4/.venv/lib/python3.12/site-packages/omnirec/runner/coordinator.py", line 212, in run
    self.run_split(
  File "/home/florian_dueck04/AutoRecLab-group4/.venv/lib/python3.12/site-packages/omnirec/runner/coordinator.py", line 354, in run_split
    self.wait_for_job(root._predict, root)
  File "/home/florian_dueck04/AutoRecLab-group4/.venv/lib/python3.12/site-packages/omnirec/runner/coordinator.py", line 385, in wait_for_job
    state = root._status(job_id)
            ^^^^^^^^^^^^^^^^^^^^
  File "/home/florian_dueck04/AutoRecLab-group4/.venv/lib/python3.12/site-packages/rpyc/core/netref.py", line 239, in __call__
    return syncreq(_self, consts.HANDLE_CALL, args, kwargs)
           ^^^^^^^^^^^^^^^^^^^^^^^^^^^^^^^^^^^^^^^^^^^^^^^^
  File "/home/florian_dueck04/AutoRecLab-group4/.venv/lib/python3.12/site-packages/rpyc/core/netref.py", line 63, in syncreq
    return conn.sync_request(handler, proxy, *args)
           ^^^^^^^^^^^^^^^^^^^^^^^^^^^^^^^^^^^^^^^^
  File "/home/florian_dueck04/AutoRecLab-group4/.venv/lib/python3.12/site-packages/rpyc/core/protocol.py", line 744, in sync_request
    return _async_res.value
           ^^^^^^^^^^^^^^^^
  File "/home/florian_dueck04/AutoRecLab-group4/.venv/lib/python3.12/site-packages/rpyc/core/async_.py", line 111, in value
    raise self._obj
rpyc.core.vinegar/concurrent.futures.process._get_exception_class.<locals>.Derived: A process in the process pool was terminated abruptly while the future was running or pending.

========= Remote Traceback (1) =========
Traceback (most recent call last):
  File "/home/florian_dueck04/.omnirec/data/envs/LensKit_env/lib/python3.11/site-packages/rpyc/core/protocol.py", line 369, in _dispatch_request
    res = self._HANDLERS[handler](self, *args)
          ^^^^^^^^^^^^^^^^^^^^^^^^^^^^^^^^^^^^
  File "/home/florian_dueck04/.omnirec/data/envs/LensKit_env/lib/python3.11/site-packages/rpyc/core/protocol.py", line 863, in _handle_call
    return obj(*args, **dict(kwargs))
           ^^^^^^^^^^^^^^^^^^^^^^^^^^
  File "/home/florian_dueck04/.omnirec/data/envs/LensKit_env/lib/python3.11/site-packages/omnirec_runner/runner.py", line 143, in _status
    raise exc
concurrent.futures.process.BrokenProcessPool: A process in the process pool was terminated abruptly while the future was running or pending.

[2026/06/29 09:37:52] CRITICAL Stopping runner...                                                     coordinator.py:445
                                MovieLens100K-938abed0: Evaluation Results                                 
┏━━━━━━━━━━━━━━━━━━━━━━━━━━━━━━━━━━━━━━━┳━━━━━━━━━━━━━━━━━━━━━┳━━━━━━━━━━━━━━━━━━━━━┳━━━━━━━━━━━━━━━━━━━━━┓
┃ Algorithm                             ┃ NDCG@1              ┃ NDCG@10             ┃ NDCG@5              ┃
┡━━━━━━━━━━━━━━━━━━━━━━━━━━━━━━━━━━━━━━━╇━━━━━━━━━━━━━━━━━━━━━╇━━━━━━━━━━━━━━━━━━━━━╇━━━━━━━━━━━━━━━━━━━━━┩
│ LensKit.ImplicitMFScorer-f0dd7ecb-101 │ 0.19936373276776245 │ 0.16161381653936155 │ 0.17511992235356058 │
│ LensKit.ImplicitMFScorer-f0dd7ecb-13  │ 0.1855779427359491  │ 0.16263014507002657 │ 0.17341846156064294 │
│ LensKit.ImplicitMFScorer-f0dd7ecb-29  │ 0.22269353128313893 │ 0.17250694860687865 │ 0.18494361230047301 │
│ LensKit.ImplicitMFScorer-f0dd7ecb-42  │ 0.19618239660657477 │ 0.16089536383683978 │ 0.17468700413516758 │
│ LensKit.ImplicitMFScorer-f0dd7ecb-7   │ 0.18663838812301167 │ 0.16101093126743737 │ 0.17544419817815912 │
│ LensKit.ItemKNNScorer-c3d66610-101    │ 0.2682926829268293  │ 0.202865451774379   │ 0.22557191574649435 │
│ LensKit.ItemKNNScorer-c3d66610-13     │ 0.2926829268292683  │ 0.207638424293557   │ 0.23381424312628243 │
│ LensKit.ItemKNNScorer-c3d66610-29     │ 0.256627783669141   │ 0.20627003242574998 │ 0.234014617899336   │
│ LensKit.ItemKNNScorer-c3d66610-42     │ 0.28101802757158006 │ 0.2085559391428343  │ 0.23755126999465304 │
│ LensKit.ItemKNNScorer-c3d66610-7      │ 0.2873806998939555  │ 0.21391652620856455 │ 0.24293107054071106 │
│ LensKit.PopScorer-f4aa5539-101        │ 0.19406150583244963 │ 0.14209000900807872 │ 0.15846194206885866 │
│ LensKit.PopScorer-f4aa5539-13         │ 0.18451749734888653 │ 0.13949386745391157 │ 0.15013652614446565 │
│ LensKit.PopScorer-f4aa5539-29         │ 0.22269353128313893 │ 0.15331999289779524 │ 0.16542078426521128 │
│ LensKit.PopScorer-f4aa5539-42         │ 0.22269353128313893 │ 0.14447022287540828 │ 0.16452893817102301 │
│ LensKit.PopScorer-f4aa5539-7          │ 0.21845174973488865 │ 0.14634385282335163 │ 0.1598583673645016  │
└───────────────────────────────────────┴─────────────────────┴─────────────────────┴─────────────────────┘
                             Amazon2014VideoGames-32d2823b: Evaluation Results                             
┏━━━━━━━━━━━━━━━━━━━━━━━━━━━━━━━━━━━━┳━━━━━━━━━━━━━━━━━━━━━━┳━━━━━━━━━━━━━━━━━━━━━━┳━━━━━━━━━━━━━━━━━━━━━━┓
┃ Algorithm                          ┃ NDCG@1               ┃ NDCG@10              ┃ NDCG@5               ┃
┡━━━━━━━━━━━━━━━━━━━━━━━━━━━━━━━━━━━━╇━━━━━━━━━━━━━━━━━━━━━━╇━━━━━━━━━━━━━━━━━━━━━━╇━━━━━━━━━━━━━━━━━━━━━━┩
│ LensKit.ItemKNNScorer-c3d66610-101 │ 0.01461755169297826  │ 0.010682140090691095 │ 0.012304979679285696 │
│ LensKit.ItemKNNScorer-c3d66610-13  │ 0.0183915377664381   │ 0.012209174693526503 │ 0.014187232590084527 │
│ LensKit.ItemKNNScorer-c3d66610-29  │ 0.017062669430712805 │ 0.011614356773052434 │ 0.013536635814905431 │
│ LensKit.ItemKNNScorer-c3d66610-42  │ 0.017700526231860948 │ 0.011744594350730596 │ 0.013760450524320273 │
│ LensKit.ItemKNNScorer-c3d66610-7   │ 0.017115824164141816 │ 0.011142119448960805 │ 0.01269352091208057  │
└────────────────────────────────────┴──────────────────────┴──────────────────────┴──────────────────────┘
Loading and preprocessing Last.FM
                      INFO     Canonicalized data set already exists, skipping download and       recsys_data_set.py:205
                               canonicalization.                                                                        
                      INFO     Pruning data set to 5-core.                                            core_pruning.py:19
                      INFO     Number of interactions before: 71064                                   core_pruning.py:20
                      INFO     Number of interactions after: 52551                                    core_pruning.py:63
  Running seed=7
                      INFO     Canonicalized data set already exists, skipping download and       recsys_data_set.py:205
                               canonicalization.                                                                        
                      INFO     Pruning data set to 5-core.                                            core_pruning.py:19
                      INFO     Number of interactions before: 71064                                   core_pruning.py:20
                      INFO     Number of interactions after: 52551                                    core_pruning.py:63
[2026/06/29 09:37:53] INFO     Reusing existing env 'LensKit_env' at                                          envs.py:48
                               /home/florian_dueck04/.omnirec/data/envs/LensKit_env                                     
                      INFO     Starting runner...                                                     coordinator.py:272
[2026/06/29 09:38:03] INFO     Runner started with pid: 35274                                         coordinator.py:297
                      INFO     Connecting to runner...                                                coordinator.py:135
                      INFO     Running phase 'Fit' for HetrecLastFM/ImplicitMFScorer                  coordinator.py:402
[2026/06/29 09:38:13] INFO     Running phase 'Predict' for HetrecLastFM/ImplicitMFScorer              coordinator.py:402
[2026/06/29 09:38:33] INFO     Running phase 'Evaluate' for HetrecLastFM/ImplicitMFScorer             coordinator.py:402
Traceback (most recent call last):
  File "/home/florian_dueck04/AutoRecLab-group4/.venv/lib/python3.12/site-packages/omnirec/runner/coordinator.py", line 212, in run
    self.run_split(
  File "/home/florian_dueck04/AutoRecLab-group4/.venv/lib/python3.12/site-packages/omnirec/runner/coordinator.py", line 365, in run_split
    self._evaluator.run_evaluation(
  File "/home/florian_dueck04/AutoRecLab-group4/.venv/lib/python3.12/site-packages/omnirec/runner/evaluation.py", line 54, in run_evaluation
    mr = m.calculate(predictions, test)
         ^^^^^^^^^^^^^^^^^^^^^^^^^^^^^^
  File "/home/florian_dueck04/AutoRecLab-group4/.venv/lib/python3.12/site-packages/omnirec/metrics/ranking.py", line 74, in calculate
    top_k_dict = self.make_topk_dict(predictions)
                 ^^^^^^^^^^^^^^^^^^^^^^^^^^^^^^^^
  File "/home/florian_dueck04/AutoRecLab-group4/.venv/lib/python3.12/site-packages/omnirec/metrics/ranking.py", line 24, in make_topk_dict
    for user, group in predictions.sort_values("rank").groupby("user"):
                       ^^^^^^^^^^^^^^^^^^^^^^^^^^^^^^^
  File "/home/florian_dueck04/AutoRecLab-group4/.venv/lib/python3.12/site-packages/pandas/core/frame.py", line 7211, in sort_values
    k = self._get_label_or_level_values(by[0], axis=axis)
        ^^^^^^^^^^^^^^^^^^^^^^^^^^^^^^^^^^^^^^^^^^^^^^^^^
  File "/home/florian_dueck04/AutoRecLab-group4/.venv/lib/python3.12/site-packages/pandas/core/generic.py", line 1914, in _get_label_or_level_values
    raise KeyError(key)
KeyError: 'rank'
                      CRITICAL Stopping runner...                                                     coordinator.py:445
                      INFO     Reusing existing env 'LensKit_env' at                                          envs.py:48
                               /home/florian_dueck04/.omnirec/data/envs/LensKit_env                                     
                      INFO     Starting runner...                                                     coordinator.py:272
[2026/06/29 09:38:36] INFO     Runner started with pid: 35399                                         coordinator.py:297
                      INFO     Connecting to runner...                                                coordinator.py:135
                      INFO     Running phase 'Fit' for HetrecLastFM/ItemKNNScorer                     coordinator.py:402
[2026/06/29 09:38:46] INFO     Running phase 'Predict' for HetrecLastFM/ItemKNNScorer                 coordinator.py:402
[2026/06/29 09:38:56] INFO     Running phase 'Evaluate' for HetrecLastFM/ItemKNNScorer                coordinator.py:402
Traceback (most recent call last):
  File "/home/florian_dueck04/AutoRecLab-group4/.venv/lib/python3.12/site-packages/omnirec/runner/coordinator.py", line 212, in run
    self.run_split(
  File "/home/florian_dueck04/AutoRecLab-group4/.venv/lib/python3.12/site-packages/omnirec/runner/coordinator.py", line 365, in run_split
    self._evaluator.run_evaluation(
  File "/home/florian_dueck04/AutoRecLab-group4/.venv/lib/python3.12/site-packages/omnirec/runner/evaluation.py", line 54, in run_evaluation
    mr = m.calculate(predictions, test)
         ^^^^^^^^^^^^^^^^^^^^^^^^^^^^^^
  File "/home/florian_dueck04/AutoRecLab-group4/.venv/lib/python3.12/site-packages/omnirec/metrics/ranking.py", line 74, in calculate
    top_k_dict = self.make_topk_dict(predictions)
                 ^^^^^^^^^^^^^^^^^^^^^^^^^^^^^^^^
  File "/home/florian_dueck04/AutoRecLab-group4/.venv/lib/python3.12/site-packages/omnirec/metrics/ranking.py", line 24, in make_topk_dict
    for user, group in predictions.sort_values("rank").groupby("user"):
                       ^^^^^^^^^^^^^^^^^^^^^^^^^^^^^^^
  File "/home/florian_dueck04/AutoRecLab-group4/.venv/lib/python3.12/site-packages/pandas/core/frame.py", line 7211, in sort_values
    k = self._get_label_or_level_values(by[0], axis=axis)
        ^^^^^^^^^^^^^^^^^^^^^^^^^^^^^^^^^^^^^^^^^^^^^^^^^
  File "/home/florian_dueck04/AutoRecLab-group4/.venv/lib/python3.12/site-packages/pandas/core/generic.py", line 1914, in _get_label_or_level_values
    raise KeyError(key)
KeyError: 'rank'
                      CRITICAL Stopping runner...                                                     coordinator.py:445
[2026/06/29 09:38:57] INFO     Reusing existing env 'LensKit_env' at                                          envs.py:48
                               /home/florian_dueck04/.omnirec/data/envs/LensKit_env                                     
                      INFO     Starting runner...                                                     coordinator.py:272
[2026/06/29 09:39:00] INFO     Runner started with pid: 35493                                         coordinator.py:297
                      INFO     Connecting to runner...                                                coordinator.py:135
                      INFO     Running phase 'Fit' for HetrecLastFM/PopScorer                         coordinator.py:402
[2026/06/29 09:39:10] INFO     Running phase 'Predict' for HetrecLastFM/PopScorer                     coordinator.py:402
[2026/06/29 09:39:20] INFO     Running phase 'Evaluate' for HetrecLastFM/PopScorer                    coordinator.py:402
Traceback (most recent call last):
  File "/home/florian_dueck04/AutoRecLab-group4/.venv/lib/python3.12/site-packages/omnirec/runner/coordinator.py", line 212, in run
    self.run_split(
  File "/home/florian_dueck04/AutoRecLab-group4/.venv/lib/python3.12/site-packages/omnirec/runner/coordinator.py", line 365, in run_split
    self._evaluator.run_evaluation(
  File "/home/florian_dueck04/AutoRecLab-group4/.venv/lib/python3.12/site-packages/omnirec/runner/evaluation.py", line 54, in run_evaluation
    mr = m.calculate(predictions, test)
         ^^^^^^^^^^^^^^^^^^^^^^^^^^^^^^
  File "/home/florian_dueck04/AutoRecLab-group4/.venv/lib/python3.12/site-packages/omnirec/metrics/ranking.py", line 74, in calculate
    top_k_dict = self.make_topk_dict(predictions)
                 ^^^^^^^^^^^^^^^^^^^^^^^^^^^^^^^^
  File "/home/florian_dueck04/AutoRecLab-group4/.venv/lib/python3.12/site-packages/omnirec/metrics/ranking.py", line 24, in make_topk_dict
    for user, group in predictions.sort_values("rank").groupby("user"):
                       ^^^^^^^^^^^^^^^^^^^^^^^^^^^^^^^
  File "/home/florian_dueck04/AutoRecLab-group4/.venv/lib/python3.12/site-packages/pandas/core/frame.py", line 7211, in sort_values
    k = self._get_label_or_level_values(by[0], axis=axis)
        ^^^^^^^^^^^^^^^^^^^^^^^^^^^^^^^^^^^^^^^^^^^^^^^^^
  File "/home/florian_dueck04/AutoRecLab-group4/.venv/lib/python3.12/site-packages/pandas/core/generic.py", line 1914, in _get_label_or_level_values
    raise KeyError(key)
KeyError: 'rank'
                      CRITICAL Stopping runner...                                                     coordinator.py:445
                                MovieLens100K-938abed0: Evaluation Results                                 
┏━━━━━━━━━━━━━━━━━━━━━━━━━━━━━━━━━━━━━━━┳━━━━━━━━━━━━━━━━━━━━━┳━━━━━━━━━━━━━━━━━━━━━┳━━━━━━━━━━━━━━━━━━━━━┓
┃ Algorithm                             ┃ NDCG@1              ┃ NDCG@10             ┃ NDCG@5              ┃
┡━━━━━━━━━━━━━━━━━━━━━━━━━━━━━━━━━━━━━━━╇━━━━━━━━━━━━━━━━━━━━━╇━━━━━━━━━━━━━━━━━━━━━╇━━━━━━━━━━━━━━━━━━━━━┩
│ LensKit.ImplicitMFScorer-f0dd7ecb-101 │ 0.19936373276776245 │ 0.16161381653936155 │ 0.17511992235356058 │
│ LensKit.ImplicitMFScorer-f0dd7ecb-13  │ 0.1855779427359491  │ 0.16263014507002657 │ 0.17341846156064294 │
│ LensKit.ImplicitMFScorer-f0dd7ecb-29  │ 0.22269353128313893 │ 0.17250694860687865 │ 0.18494361230047301 │
│ LensKit.ImplicitMFScorer-f0dd7ecb-42  │ 0.19618239660657477 │ 0.16089536383683978 │ 0.17468700413516758 │
│ LensKit.ImplicitMFScorer-f0dd7ecb-7   │ 0.18663838812301167 │ 0.16101093126743737 │ 0.17544419817815912 │
│ LensKit.ItemKNNScorer-c3d66610-101    │ 0.2682926829268293  │ 0.202865451774379   │ 0.22557191574649435 │
│ LensKit.ItemKNNScorer-c3d66610-13     │ 0.2926829268292683  │ 0.207638424293557   │ 0.23381424312628243 │
│ LensKit.ItemKNNScorer-c3d66610-29     │ 0.256627783669141   │ 0.20627003242574998 │ 0.234014617899336   │
│ LensKit.ItemKNNScorer-c3d66610-42     │ 0.28101802757158006 │ 0.2085559391428343  │ 0.23755126999465304 │
│ LensKit.ItemKNNScorer-c3d66610-7      │ 0.2873806998939555  │ 0.21391652620856455 │ 0.24293107054071106 │
│ LensKit.PopScorer-f4aa5539-101        │ 0.19406150583244963 │ 0.14209000900807872 │ 0.15846194206885866 │
│ LensKit.PopScorer-f4aa5539-13         │ 0.18451749734888653 │ 0.13949386745391157 │ 0.15013652614446565 │
│ LensKit.PopScorer-f4aa5539-29         │ 0.22269353128313893 │ 0.15331999289779524 │ 0.16542078426521128 │
│ LensKit.PopScorer-f4aa5539-42         │ 0.22269353128313893 │ 0.14447022287540828 │ 0.16452893817102301 │
│ LensKit.PopScorer-f4aa5539-7          │ 0.21845174973488865 │ 0.14634385282335163 │ 0.1598583673645016  │
└───────────────────────────────────────┴─────────────────────┴─────────────────────┴─────────────────────┘
                             Amazon2014VideoGames-32d2823b: Evaluation Results                             
┏━━━━━━━━━━━━━━━━━━━━━━━━━━━━━━━━━━━━┳━━━━━━━━━━━━━━━━━━━━━━┳━━━━━━━━━━━━━━━━━━━━━━┳━━━━━━━━━━━━━━━━━━━━━━┓
┃ Algorithm                          ┃ NDCG@1               ┃ NDCG@10              ┃ NDCG@5               ┃
┡━━━━━━━━━━━━━━━━━━━━━━━━━━━━━━━━━━━━╇━━━━━━━━━━━━━━━━━━━━━━╇━━━━━━━━━━━━━━━━━━━━━━╇━━━━━━━━━━━━━━━━━━━━━━┩
│ LensKit.ItemKNNScorer-c3d66610-101 │ 0.01461755169297826  │ 0.010682140090691095 │ 0.012304979679285696 │
│ LensKit.ItemKNNScorer-c3d66610-13  │ 0.0183915377664381   │ 0.012209174693526503 │ 0.014187232590084527 │
│ LensKit.ItemKNNScorer-c3d66610-29  │ 0.017062669430712805 │ 0.011614356773052434 │ 0.013536635814905431 │
│ LensKit.ItemKNNScorer-c3d66610-42  │ 0.017700526231860948 │ 0.011744594350730596 │ 0.013760450524320273 │
│ LensKit.ItemKNNScorer-c3d66610-7   │ 0.017115824164141816 │ 0.011142119448960805 │ 0.01269352091208057  │
└────────────────────────────────────┴──────────────────────┴──────────────────────┴──────────────────────┘
  Running seed=13
                      INFO     Canonicalized data set already exists, skipping download and       recsys_data_set.py:205
                               canonicalization.                                                                        
                      INFO     Pruning data set to 5-core.                                            core_pruning.py:19
                      INFO     Number of interactions before: 71064                                   core_pruning.py:20
                      INFO     Number of interactions after: 52551                                    core_pruning.py:63
[2026/06/29 09:39:21] INFO     Reusing existing env 'LensKit_env' at                                          envs.py:48
                               /home/florian_dueck04/.omnirec/data/envs/LensKit_env                                     
                      INFO     Starting runner...                                                     coordinator.py:272
[2026/06/29 09:39:24] INFO     Runner started with pid: 35583                                         coordinator.py:297
                      INFO     Connecting to runner...                                                coordinator.py:135
                      INFO     Running phase 'Fit' for HetrecLastFM/ImplicitMFScorer                  coordinator.py:402
[2026/06/29 09:39:34] INFO     Running phase 'Predict' for HetrecLastFM/ImplicitMFScorer              coordinator.py:402
[2026/06/29 09:39:54] INFO     Running phase 'Evaluate' for HetrecLastFM/ImplicitMFScorer             coordinator.py:402
Traceback (most recent call last):
  File "/home/florian_dueck04/AutoRecLab-group4/.venv/lib/python3.12/site-packages/omnirec/runner/coordinator.py", line 212, in run
    self.run_split(
  File "/home/florian_dueck04/AutoRecLab-group4/.venv/lib/python3.12/site-packages/omnirec/runner/coordinator.py", line 365, in run_split
    self._evaluator.run_evaluation(
  File "/home/florian_dueck04/AutoRecLab-group4/.venv/lib/python3.12/site-packages/omnirec/runner/evaluation.py", line 54, in run_evaluation
    mr = m.calculate(predictions, test)
         ^^^^^^^^^^^^^^^^^^^^^^^^^^^^^^
  File "/home/florian_dueck04/AutoRecLab-group4/.venv/lib/python3.12/site-packages/omnirec/metrics/ranking.py", line 74, in calculate
    top_k_dict = self.make_topk_dict(predictions)
                 ^^^^^^^^^^^^^^^^^^^^^^^^^^^^^^^^
  File "/home/florian_dueck04/AutoRecLab-group4/.venv/lib/python3.12/site-packages/omnirec/metrics/ranking.py", line 24, in make_topk_dict
    for user, group in predictions.sort_values("rank").groupby("user"):
                       ^^^^^^^^^^^^^^^^^^^^^^^^^^^^^^^
  File "/home/florian_dueck04/AutoRecLab-group4/.venv/lib/python3.12/site-packages/pandas/core/frame.py", line 7211, in sort_values
    k = self._get_label_or_level_values(by[0], axis=axis)
        ^^^^^^^^^^^^^^^^^^^^^^^^^^^^^^^^^^^^^^^^^^^^^^^^^
  File "/home/florian_dueck04/AutoRecLab-group4/.venv/lib/python3.12/site-packages/pandas/core/generic.py", line 1914, in _get_label_or_level_values
    raise KeyError(key)
KeyError: 'rank'
                      CRITICAL Stopping runner...                                                     coordinator.py:445
                      INFO     Reusing existing env 'LensKit_env' at                                          envs.py:48
                               /home/florian_dueck04/.omnirec/data/envs/LensKit_env                                     
                      INFO     Starting runner...                                                     coordinator.py:272
[2026/06/29 09:39:57] INFO     Runner started with pid: 35678                                         coordinator.py:297
                      INFO     Connecting to runner...                                                coordinator.py:135
                      INFO     Running phase 'Fit' for HetrecLastFM/ItemKNNScorer                     coordinator.py:402
[2026/06/29 09:40:07] INFO     Running phase 'Predict' for HetrecLastFM/ItemKNNScorer                 coordinator.py:402
[2026/06/29 09:40:17] INFO     Running phase 'Evaluate' for HetrecLastFM/ItemKNNScorer                coordinator.py:402
Traceback (most recent call last):
  File "/home/florian_dueck04/AutoRecLab-group4/.venv/lib/python3.12/site-packages/omnirec/runner/coordinator.py", line 212, in run
    self.run_split(
  File "/home/florian_dueck04/AutoRecLab-group4/.venv/lib/python3.12/site-packages/omnirec/runner/coordinator.py", line 365, in run_split
    self._evaluator.run_evaluation(
  File "/home/florian_dueck04/AutoRecLab-group4/.venv/lib/python3.12/site-packages/omnirec/runner/evaluation.py", line 54, in run_evaluation
    mr = m.calculate(predictions, test)
         ^^^^^^^^^^^^^^^^^^^^^^^^^^^^^^
  File "/home/florian_dueck04/AutoRecLab-group4/.venv/lib/python3.12/site-packages/omnirec/metrics/ranking.py", line 74, in calculate
    top_k_dict = self.make_topk_dict(predictions)
                 ^^^^^^^^^^^^^^^^^^^^^^^^^^^^^^^^
  File "/home/florian_dueck04/AutoRecLab-group4/.venv/lib/python3.12/site-packages/omnirec/metrics/ranking.py", line 24, in make_topk_dict
    for user, group in predictions.sort_values("rank").groupby("user"):
                       ^^^^^^^^^^^^^^^^^^^^^^^^^^^^^^^
  File "/home/florian_dueck04/AutoRecLab-group4/.venv/lib/python3.12/site-packages/pandas/core/frame.py", line 7211, in sort_values
    k = self._get_label_or_level_values(by[0], axis=axis)
        ^^^^^^^^^^^^^^^^^^^^^^^^^^^^^^^^^^^^^^^^^^^^^^^^^
  File "/home/florian_dueck04/AutoRecLab-group4/.venv/lib/python3.12/site-packages/pandas/core/generic.py", line 1914, in _get_label_or_level_values
    raise KeyError(key)
KeyError: 'rank'
                      CRITICAL Stopping runner...                                                     coordinator.py:445
                      INFO     Reusing existing env 'LensKit_env' at                                          envs.py:48
                               /home/florian_dueck04/.omnirec/data/envs/LensKit_env                                     
                      INFO     Starting runner...                                                     coordinator.py:272
[2026/06/29 09:40:20] INFO     Runner started with pid: 35775                                         coordinator.py:297
                      INFO     Connecting to runner...                                                coordinator.py:135
                      INFO     Running phase 'Fit' for HetrecLastFM/PopScorer                         coordinator.py:402
[2026/06/29 09:40:30] INFO     Running phase 'Predict' for HetrecLastFM/PopScorer                     coordinator.py:402
[2026/06/29 09:40:40] INFO     Running phase 'Evaluate' for HetrecLastFM/PopScorer                    coordinator.py:402
Traceback (most recent call last):
  File "/home/florian_dueck04/AutoRecLab-group4/.venv/lib/python3.12/site-packages/omnirec/runner/coordinator.py", line 212, in run
    self.run_split(
  File "/home/florian_dueck04/AutoRecLab-group4/.venv/lib/python3.12/site-packages/omnirec/runner/coordinator.py", line 365, in run_split
    self._evaluator.run_evaluation(
  File "/home/florian_dueck04/AutoRecLab-group4/.venv/lib/python3.12/site-packages/omnirec/runner/evaluation.py", line 54, in run_evaluation
    mr = m.calculate(predictions, test)
         ^^^^^^^^^^^^^^^^^^^^^^^^^^^^^^
  File "/home/florian_dueck04/AutoRecLab-group4/.venv/lib/python3.12/site-packages/omnirec/metrics/ranking.py", line 74, in calculate
    top_k_dict = self.make_topk_dict(predictions)
                 ^^^^^^^^^^^^^^^^^^^^^^^^^^^^^^^^
  File "/home/florian_dueck04/AutoRecLab-group4/.venv/lib/python3.12/site-packages/omnirec/metrics/ranking.py", line 24, in make_topk_dict
    for user, group in predictions.sort_values("rank").groupby("user"):
                       ^^^^^^^^^^^^^^^^^^^^^^^^^^^^^^^
  File "/home/florian_dueck04/AutoRecLab-group4/.venv/lib/python3.12/site-packages/pandas/core/frame.py", line 7211, in sort_values
    k = self._get_label_or_level_values(by[0], axis=axis)
        ^^^^^^^^^^^^^^^^^^^^^^^^^^^^^^^^^^^^^^^^^^^^^^^^^
  File "/home/florian_dueck04/AutoRecLab-group4/.venv/lib/python3.12/site-packages/pandas/core/generic.py", line 1914, in _get_label_or_level_values
    raise KeyError(key)
KeyError: 'rank'
                      CRITICAL Stopping runner...                                                     coordinator.py:445
                                MovieLens100K-938abed0: Evaluation Results                                 
┏━━━━━━━━━━━━━━━━━━━━━━━━━━━━━━━━━━━━━━━┳━━━━━━━━━━━━━━━━━━━━━┳━━━━━━━━━━━━━━━━━━━━━┳━━━━━━━━━━━━━━━━━━━━━┓
┃ Algorithm                             ┃ NDCG@1              ┃ NDCG@10             ┃ NDCG@5              ┃
┡━━━━━━━━━━━━━━━━━━━━━━━━━━━━━━━━━━━━━━━╇━━━━━━━━━━━━━━━━━━━━━╇━━━━━━━━━━━━━━━━━━━━━╇━━━━━━━━━━━━━━━━━━━━━┩
│ LensKit.ImplicitMFScorer-f0dd7ecb-101 │ 0.19936373276776245 │ 0.16161381653936155 │ 0.17511992235356058 │
│ LensKit.ImplicitMFScorer-f0dd7ecb-13  │ 0.1855779427359491  │ 0.16263014507002657 │ 0.17341846156064294 │
│ LensKit.ImplicitMFScorer-f0dd7ecb-29  │ 0.22269353128313893 │ 0.17250694860687865 │ 0.18494361230047301 │
│ LensKit.ImplicitMFScorer-f0dd7ecb-42  │ 0.19618239660657477 │ 0.16089536383683978 │ 0.17468700413516758 │
│ LensKit.ImplicitMFScorer-f0dd7ecb-7   │ 0.18663838812301167 │ 0.16101093126743737 │ 0.17544419817815912 │
│ LensKit.ItemKNNScorer-c3d66610-101    │ 0.2682926829268293  │ 0.202865451774379   │ 0.22557191574649435 │
│ LensKit.ItemKNNScorer-c3d66610-13     │ 0.2926829268292683  │ 0.207638424293557   │ 0.23381424312628243 │
│ LensKit.ItemKNNScorer-c3d66610-29     │ 0.256627783669141   │ 0.20627003242574998 │ 0.234014617899336   │
│ LensKit.ItemKNNScorer-c3d66610-42     │ 0.28101802757158006 │ 0.2085559391428343  │ 0.23755126999465304 │
│ LensKit.ItemKNNScorer-c3d66610-7      │ 0.2873806998939555  │ 0.21391652620856455 │ 0.24293107054071106 │
│ LensKit.PopScorer-f4aa5539-101        │ 0.19406150583244963 │ 0.14209000900807872 │ 0.15846194206885866 │
│ LensKit.PopScorer-f4aa5539-13         │ 0.18451749734888653 │ 0.13949386745391157 │ 0.15013652614446565 │
│ LensKit.PopScorer-f4aa5539-29         │ 0.22269353128313893 │ 0.15331999289779524 │ 0.16542078426521128 │
│ LensKit.PopScorer-f4aa5539-42         │ 0.22269353128313893 │ 0.14447022287540828 │ 0.16452893817102301 │
│ LensKit.PopScorer-f4aa5539-7          │ 0.21845174973488865 │ 0.14634385282335163 │ 0.1598583673645016  │
└───────────────────────────────────────┴─────────────────────┴─────────────────────┴─────────────────────┘
                             Amazon2014VideoGames-32d2823b: Evaluation Results                             
┏━━━━━━━━━━━━━━━━━━━━━━━━━━━━━━━━━━━━┳━━━━━━━━━━━━━━━━━━━━━━┳━━━━━━━━━━━━━━━━━━━━━━┳━━━━━━━━━━━━━━━━━━━━━━┓
┃ Algorithm                          ┃ NDCG@1               ┃ NDCG@10              ┃ NDCG@5               ┃
┡━━━━━━━━━━━━━━━━━━━━━━━━━━━━━━━━━━━━╇━━━━━━━━━━━━━━━━━━━━━━╇━━━━━━━━━━━━━━━━━━━━━━╇━━━━━━━━━━━━━━━━━━━━━━┩
│ LensKit.ItemKNNScorer-c3d66610-101 │ 0.01461755169297826  │ 0.010682140090691095 │ 0.012304979679285696 │
│ LensKit.ItemKNNScorer-c3d66610-13  │ 0.0183915377664381   │ 0.012209174693526503 │ 0.014187232590084527 │
│ LensKit.ItemKNNScorer-c3d66610-29  │ 0.017062669430712805 │ 0.011614356773052434 │ 0.013536635814905431 │
│ LensKit.ItemKNNScorer-c3d66610-42  │ 0.017700526231860948 │ 0.011744594350730596 │ 0.013760450524320273 │
│ LensKit.ItemKNNScorer-c3d66610-7   │ 0.017115824164141816 │ 0.011142119448960805 │ 0.01269352091208057  │
└────────────────────────────────────┴──────────────────────┴──────────────────────┴──────────────────────┘
  Running seed=29
                      INFO     Canonicalized data set already exists, skipping download and       recsys_data_set.py:205
                               canonicalization.                                                                        
                      INFO     Pruning data set to 5-core.                                            core_pruning.py:19
                      INFO     Number of interactions before: 71064                                   core_pruning.py:20
                      INFO     Number of interactions after: 52551                                    core_pruning.py:63
[2026/06/29 09:40:41] INFO     Reusing existing env 'LensKit_env' at                                          envs.py:48
                               /home/florian_dueck04/.omnirec/data/envs/LensKit_env                                     
                      INFO     Starting runner...                                                     coordinator.py:272
[2026/06/29 09:40:44] INFO     Runner started with pid: 35862                                         coordinator.py:297
                      INFO     Connecting to runner...                                                coordinator.py:135
                      INFO     Running phase 'Fit' for HetrecLastFM/ImplicitMFScorer                  coordinator.py:402
[2026/06/29 09:40:54] INFO     Running phase 'Predict' for HetrecLastFM/ImplicitMFScorer              coordinator.py:402
[2026/06/29 09:41:14] INFO     Running phase 'Evaluate' for HetrecLastFM/ImplicitMFScorer             coordinator.py:402
Traceback (most recent call last):
  File "/home/florian_dueck04/AutoRecLab-group4/.venv/lib/python3.12/site-packages/omnirec/runner/coordinator.py", line 212, in run
    self.run_split(
  File "/home/florian_dueck04/AutoRecLab-group4/.venv/lib/python3.12/site-packages/omnirec/runner/coordinator.py", line 365, in run_split
    self._evaluator.run_evaluation(
  File "/home/florian_dueck04/AutoRecLab-group4/.venv/lib/python3.12/site-packages/omnirec/runner/evaluation.py", line 54, in run_evaluation
    mr = m.calculate(predictions, test)
         ^^^^^^^^^^^^^^^^^^^^^^^^^^^^^^
  File "/home/florian_dueck04/AutoRecLab-group4/.venv/lib/python3.12/site-packages/omnirec/metrics/ranking.py", line 74, in calculate
    top_k_dict = self.make_topk_dict(predictions)
                 ^^^^^^^^^^^^^^^^^^^^^^^^^^^^^^^^
  File "/home/florian_dueck04/AutoRecLab-group4/.venv/lib/python3.12/site-packages/omnirec/metrics/ranking.py", line 24, in make_topk_dict
    for user, group in predictions.sort_values("rank").groupby("user"):
                       ^^^^^^^^^^^^^^^^^^^^^^^^^^^^^^^
  File "/home/florian_dueck04/AutoRecLab-group4/.venv/lib/python3.12/site-packages/pandas/core/frame.py", line 7211, in sort_values
    k = self._get_label_or_level_values(by[0], axis=axis)
        ^^^^^^^^^^^^^^^^^^^^^^^^^^^^^^^^^^^^^^^^^^^^^^^^^
  File "/home/florian_dueck04/AutoRecLab-group4/.venv/lib/python3.12/site-packages/pandas/core/generic.py", line 1914, in _get_label_or_level_values
    raise KeyError(key)
KeyError: 'rank'
                      CRITICAL Stopping runner...                                                     coordinator.py:445
[2026/06/29 09:41:15] INFO     Reusing existing env 'LensKit_env' at                                          envs.py:48
                               /home/florian_dueck04/.omnirec/data/envs/LensKit_env                                     
                      INFO     Starting runner...                                                     coordinator.py:272
[2026/06/29 09:41:18] INFO     Runner started with pid: 35966                                         coordinator.py:297
                      INFO     Connecting to runner...                                                coordinator.py:135
                      INFO     Running phase 'Fit' for HetrecLastFM/ItemKNNScorer                     coordinator.py:402
[2026/06/29 09:41:28] INFO     Running phase 'Predict' for HetrecLastFM/ItemKNNScorer                 coordinator.py:402
[2026/06/29 09:41:38] INFO     Running phase 'Evaluate' for HetrecLastFM/ItemKNNScorer                coordinator.py:402
Traceback (most recent call last):
  File "/home/florian_dueck04/AutoRecLab-group4/.venv/lib/python3.12/site-packages/omnirec/runner/coordinator.py", line 212, in run
    self.run_split(
  File "/home/florian_dueck04/AutoRecLab-group4/.venv/lib/python3.12/site-packages/omnirec/runner/coordinator.py", line 365, in run_split
    self._evaluator.run_evaluation(
  File "/home/florian_dueck04/AutoRecLab-group4/.venv/lib/python3.12/site-packages/omnirec/runner/evaluation.py", line 54, in run_evaluation
    mr = m.calculate(predictions, test)
         ^^^^^^^^^^^^^^^^^^^^^^^^^^^^^^
  File "/home/florian_dueck04/AutoRecLab-group4/.venv/lib/python3.12/site-packages/omnirec/metrics/ranking.py", line 74, in calculate
    top_k_dict = self.make_topk_dict(predictions)
                 ^^^^^^^^^^^^^^^^^^^^^^^^^^^^^^^^
  File "/home/florian_dueck04/AutoRecLab-group4/.venv/lib/python3.12/site-packages/omnirec/metrics/ranking.py", line 24, in make_topk_dict
    for user, group in predictions.sort_values("rank").groupby("user"):
                       ^^^^^^^^^^^^^^^^^^^^^^^^^^^^^^^
  File "/home/florian_dueck04/AutoRecLab-group4/.venv/lib/python3.12/site-packages/pandas/core/frame.py", line 7211, in sort_values
    k = self._get_label_or_level_values(by[0], axis=axis)
        ^^^^^^^^^^^^^^^^^^^^^^^^^^^^^^^^^^^^^^^^^^^^^^^^^
  File "/home/florian_dueck04/AutoRecLab-group4/.venv/lib/python3.12/site-packages/pandas/core/generic.py", line 1914, in _get_label_or_level_values
    raise KeyError(key)
KeyError: 'rank'
                      CRITICAL Stopping runner...                                                     coordinator.py:445
                      INFO     Reusing existing env 'LensKit_env' at                                          envs.py:48
                               /home/florian_dueck04/.omnirec/data/envs/LensKit_env                                     
                      INFO     Starting runner...                                                     coordinator.py:272
[2026/06/29 09:41:41] INFO     Runner started with pid: 36060                                         coordinator.py:297
                      INFO     Connecting to runner...                                                coordinator.py:135
                      INFO     Running phase 'Fit' for HetrecLastFM/PopScorer                         coordinator.py:402
[2026/06/29 09:41:51] INFO     Running phase 'Predict' for HetrecLastFM/PopScorer                     coordinator.py:402
[2026/06/29 09:42:01] INFO     Running phase 'Evaluate' for HetrecLastFM/PopScorer                    coordinator.py:402
Traceback (most recent call last):
  File "/home/florian_dueck04/AutoRecLab-group4/.venv/lib/python3.12/site-packages/omnirec/runner/coordinator.py", line 212, in run
    self.run_split(
  File "/home/florian_dueck04/AutoRecLab-group4/.venv/lib/python3.12/site-packages/omnirec/runner/coordinator.py", line 365, in run_split
    self._evaluator.run_evaluation(
  File "/home/florian_dueck04/AutoRecLab-group4/.venv/lib/python3.12/site-packages/omnirec/runner/evaluation.py", line 54, in run_evaluation
    mr = m.calculate(predictions, test)
         ^^^^^^^^^^^^^^^^^^^^^^^^^^^^^^
  File "/home/florian_dueck04/AutoRecLab-group4/.venv/lib/python3.12/site-packages/omnirec/metrics/ranking.py", line 74, in calculate
    top_k_dict = self.make_topk_dict(predictions)
                 ^^^^^^^^^^^^^^^^^^^^^^^^^^^^^^^^
  File "/home/florian_dueck04/AutoRecLab-group4/.venv/lib/python3.12/site-packages/omnirec/metrics/ranking.py", line 24, in make_topk_dict
    for user, group in predictions.sort_values("rank").groupby("user"):
                       ^^^^^^^^^^^^^^^^^^^^^^^^^^^^^^^
  File "/home/florian_dueck04/AutoRecLab-group4/.venv/lib/python3.12/site-packages/pandas/core/frame.py", line 7211, in sort_values
    k = self._get_label_or_level_values(by[0], axis=axis)
        ^^^^^^^^^^^^^^^^^^^^^^^^^^^^^^^^^^^^^^^^^^^^^^^^^
  File "/home/florian_dueck04/AutoRecLab-group4/.venv/lib/python3.12/site-packages/pandas/core/generic.py", line 1914, in _get_label_or_level_values
    raise KeyError(key)
KeyError: 'rank'
                      CRITICAL Stopping runner...                                                     coordinator.py:445
                                MovieLens100K-938abed0: Evaluation Results                                 
┏━━━━━━━━━━━━━━━━━━━━━━━━━━━━━━━━━━━━━━━┳━━━━━━━━━━━━━━━━━━━━━┳━━━━━━━━━━━━━━━━━━━━━┳━━━━━━━━━━━━━━━━━━━━━┓
┃ Algorithm                             ┃ NDCG@1              ┃ NDCG@10             ┃ NDCG@5              ┃
┡━━━━━━━━━━━━━━━━━━━━━━━━━━━━━━━━━━━━━━━╇━━━━━━━━━━━━━━━━━━━━━╇━━━━━━━━━━━━━━━━━━━━━╇━━━━━━━━━━━━━━━━━━━━━┩
│ LensKit.ImplicitMFScorer-f0dd7ecb-101 │ 0.19936373276776245 │ 0.16161381653936155 │ 0.17511992235356058 │
│ LensKit.ImplicitMFScorer-f0dd7ecb-13  │ 0.1855779427359491  │ 0.16263014507002657 │ 0.17341846156064294 │
│ LensKit.ImplicitMFScorer-f0dd7ecb-29  │ 0.22269353128313893 │ 0.17250694860687865 │ 0.18494361230047301 │
│ LensKit.ImplicitMFScorer-f0dd7ecb-42  │ 0.19618239660657477 │ 0.16089536383683978 │ 0.17468700413516758 │
│ LensKit.ImplicitMFScorer-f0dd7ecb-7   │ 0.18663838812301167 │ 0.16101093126743737 │ 0.17544419817815912 │
│ LensKit.ItemKNNScorer-c3d66610-101    │ 0.2682926829268293  │ 0.202865451774379   │ 0.22557191574649435 │
│ LensKit.ItemKNNScorer-c3d66610-13     │ 0.2926829268292683  │ 0.207638424293557   │ 0.23381424312628243 │
│ LensKit.ItemKNNScorer-c3d66610-29     │ 0.256627783669141   │ 0.20627003242574998 │ 0.234014617899336   │
│ LensKit.ItemKNNScorer-c3d66610-42     │ 0.28101802757158006 │ 0.2085559391428343  │ 0.23755126999465304 │
│ LensKit.ItemKNNScorer-c3d66610-7      │ 0.2873806998939555  │ 0.21391652620856455 │ 0.24293107054071106 │
│ LensKit.PopScorer-f4aa5539-101        │ 0.19406150583244963 │ 0.14209000900807872 │ 0.15846194206885866 │
│ LensKit.PopScorer-f4aa5539-13         │ 0.18451749734888653 │ 0.13949386745391157 │ 0.15013652614446565 │
│ LensKit.PopScorer-f4aa5539-29         │ 0.22269353128313893 │ 0.15331999289779524 │ 0.16542078426521128 │
│ LensKit.PopScorer-f4aa5539-42         │ 0.22269353128313893 │ 0.14447022287540828 │ 0.16452893817102301 │
│ LensKit.PopScorer-f4aa5539-7          │ 0.21845174973488865 │ 0.14634385282335163 │ 0.1598583673645016  │
└───────────────────────────────────────┴─────────────────────┴─────────────────────┴─────────────────────┘
                             Amazon2014VideoGames-32d2823b: Evaluation Results                             
┏━━━━━━━━━━━━━━━━━━━━━━━━━━━━━━━━━━━━┳━━━━━━━━━━━━━━━━━━━━━━┳━━━━━━━━━━━━━━━━━━━━━━┳━━━━━━━━━━━━━━━━━━━━━━┓
┃ Algorithm                          ┃ NDCG@1               ┃ NDCG@10              ┃ NDCG@5               ┃
┡━━━━━━━━━━━━━━━━━━━━━━━━━━━━━━━━━━━━╇━━━━━━━━━━━━━━━━━━━━━━╇━━━━━━━━━━━━━━━━━━━━━━╇━━━━━━━━━━━━━━━━━━━━━━┩
│ LensKit.ItemKNNScorer-c3d66610-101 │ 0.01461755169297826  │ 0.010682140090691095 │ 0.012304979679285696 │
│ LensKit.ItemKNNScorer-c3d66610-13  │ 0.0183915377664381   │ 0.012209174693526503 │ 0.014187232590084527 │
│ LensKit.ItemKNNScorer-c3d66610-29  │ 0.017062669430712805 │ 0.011614356773052434 │ 0.013536635814905431 │
│ LensKit.ItemKNNScorer-c3d66610-42  │ 0.017700526231860948 │ 0.011744594350730596 │ 0.013760450524320273 │
│ LensKit.ItemKNNScorer-c3d66610-7   │ 0.017115824164141816 │ 0.011142119448960805 │ 0.01269352091208057  │
└────────────────────────────────────┴──────────────────────┴──────────────────────┴──────────────────────┘
  Running seed=42
                      INFO     Canonicalized data set already exists, skipping download and       recsys_data_set.py:205
                               canonicalization.                                                                        
                      INFO     Pruning data set to 5-core.                                            core_pruning.py:19
                      INFO     Number of interactions before: 71064                                   core_pruning.py:20
                      INFO     Number of interactions after: 52551                                    core_pruning.py:63
[2026/06/29 09:42:02] INFO     Reusing existing env 'LensKit_env' at                                          envs.py:48
                               /home/florian_dueck04/.omnirec/data/envs/LensKit_env                                     
                      INFO     Starting runner...                                                     coordinator.py:272
[2026/06/29 09:42:05] INFO     Runner started with pid: 36147                                         coordinator.py:297
                      INFO     Connecting to runner...                                                coordinator.py:135
                      INFO     Running phase 'Fit' for HetrecLastFM/ImplicitMFScorer                  coordinator.py:402
[2026/06/29 09:42:15] INFO     Running phase 'Predict' for HetrecLastFM/ImplicitMFScorer              coordinator.py:402
[2026/06/29 09:42:35] INFO     Running phase 'Evaluate' for HetrecLastFM/ImplicitMFScorer             coordinator.py:402
Traceback (most recent call last):
  File "/home/florian_dueck04/AutoRecLab-group4/.venv/lib/python3.12/site-packages/omnirec/runner/coordinator.py", line 212, in run
    self.run_split(
  File "/home/florian_dueck04/AutoRecLab-group4/.venv/lib/python3.12/site-packages/omnirec/runner/coordinator.py", line 365, in run_split
    self._evaluator.run_evaluation(
  File "/home/florian_dueck04/AutoRecLab-group4/.venv/lib/python3.12/site-packages/omnirec/runner/evaluation.py", line 54, in run_evaluation
    mr = m.calculate(predictions, test)
         ^^^^^^^^^^^^^^^^^^^^^^^^^^^^^^
  File "/home/florian_dueck04/AutoRecLab-group4/.venv/lib/python3.12/site-packages/omnirec/metrics/ranking.py", line 74, in calculate
    top_k_dict = self.make_topk_dict(predictions)
                 ^^^^^^^^^^^^^^^^^^^^^^^^^^^^^^^^
  File "/home/florian_dueck04/AutoRecLab-group4/.venv/lib/python3.12/site-packages/omnirec/metrics/ranking.py", line 24, in make_topk_dict
    for user, group in predictions.sort_values("rank").groupby("user"):
                       ^^^^^^^^^^^^^^^^^^^^^^^^^^^^^^^
  File "/home/florian_dueck04/AutoRecLab-group4/.venv/lib/python3.12/site-packages/pandas/core/frame.py", line 7211, in sort_values
    k = self._get_label_or_level_values(by[0], axis=axis)
        ^^^^^^^^^^^^^^^^^^^^^^^^^^^^^^^^^^^^^^^^^^^^^^^^^
  File "/home/florian_dueck04/AutoRecLab-group4/.venv/lib/python3.12/site-packages/pandas/core/generic.py", line 1914, in _get_label_or_level_values
    raise KeyError(key)
KeyError: 'rank'
                      CRITICAL Stopping runner...                                                     coordinator.py:445
                      INFO     Reusing existing env 'LensKit_env' at                                          envs.py:48
                               /home/florian_dueck04/.omnirec/data/envs/LensKit_env                                     
                      INFO     Starting runner...                                                     coordinator.py:272
[2026/06/29 09:42:38] INFO     Runner started with pid: 36245                                         coordinator.py:297
                      INFO     Connecting to runner...                                                coordinator.py:135
                      INFO     Running phase 'Fit' for HetrecLastFM/ItemKNNScorer                     coordinator.py:402
[2026/06/29 09:42:48] INFO     Running phase 'Predict' for HetrecLastFM/ItemKNNScorer                 coordinator.py:402
[2026/06/29 09:42:58] INFO     Running phase 'Evaluate' for HetrecLastFM/ItemKNNScorer                coordinator.py:402
Traceback (most recent call last):
  File "/home/florian_dueck04/AutoRecLab-group4/.venv/lib/python3.12/site-packages/omnirec/runner/coordinator.py", line 212, in run
    self.run_split(
  File "/home/florian_dueck04/AutoRecLab-group4/.venv/lib/python3.12/site-packages/omnirec/runner/coordinator.py", line 365, in run_split
    self._evaluator.run_evaluation(
  File "/home/florian_dueck04/AutoRecLab-group4/.venv/lib/python3.12/site-packages/omnirec/runner/evaluation.py", line 54, in run_evaluation
    mr = m.calculate(predictions, test)
         ^^^^^^^^^^^^^^^^^^^^^^^^^^^^^^
  File "/home/florian_dueck04/AutoRecLab-group4/.venv/lib/python3.12/site-packages/omnirec/metrics/ranking.py", line 74, in calculate
    top_k_dict = self.make_topk_dict(predictions)
                 ^^^^^^^^^^^^^^^^^^^^^^^^^^^^^^^^
  File "/home/florian_dueck04/AutoRecLab-group4/.venv/lib/python3.12/site-packages/omnirec/metrics/ranking.py", line 24, in make_topk_dict
    for user, group in predictions.sort_values("rank").groupby("user"):
                       ^^^^^^^^^^^^^^^^^^^^^^^^^^^^^^^
  File "/home/florian_dueck04/AutoRecLab-group4/.venv/lib/python3.12/site-packages/pandas/core/frame.py", line 7211, in sort_values
    k = self._get_label_or_level_values(by[0], axis=axis)
        ^^^^^^^^^^^^^^^^^^^^^^^^^^^^^^^^^^^^^^^^^^^^^^^^^
  File "/home/florian_dueck04/AutoRecLab-group4/.venv/lib/python3.12/site-packages/pandas/core/generic.py", line 1914, in _get_label_or_level_values
    raise KeyError(key)
KeyError: 'rank'
                      CRITICAL Stopping runner...                                                     coordinator.py:445
                      INFO     Reusing existing env 'LensKit_env' at                                          envs.py:48
                               /home/florian_dueck04/.omnirec/data/envs/LensKit_env                                     
                      INFO     Starting runner...                                                     coordinator.py:272
[2026/06/29 09:43:01] INFO     Runner started with pid: 36339                                         coordinator.py:297
                      INFO     Connecting to runner...                                                coordinator.py:135
                      INFO     Running phase 'Fit' for HetrecLastFM/PopScorer                         coordinator.py:402
[2026/06/29 09:43:11] INFO     Running phase 'Predict' for HetrecLastFM/PopScorer                     coordinator.py:402
[2026/06/29 09:43:21] INFO     Running phase 'Evaluate' for HetrecLastFM/PopScorer                    coordinator.py:402
Traceback (most recent call last):
  File "/home/florian_dueck04/AutoRecLab-group4/.venv/lib/python3.12/site-packages/omnirec/runner/coordinator.py", line 212, in run
    self.run_split(
  File "/home/florian_dueck04/AutoRecLab-group4/.venv/lib/python3.12/site-packages/omnirec/runner/coordinator.py", line 365, in run_split
    self._evaluator.run_evaluation(
  File "/home/florian_dueck04/AutoRecLab-group4/.venv/lib/python3.12/site-packages/omnirec/runner/evaluation.py", line 54, in run_evaluation
    mr = m.calculate(predictions, test)
         ^^^^^^^^^^^^^^^^^^^^^^^^^^^^^^
  File "/home/florian_dueck04/AutoRecLab-group4/.venv/lib/python3.12/site-packages/omnirec/metrics/ranking.py", line 74, in calculate
    top_k_dict = self.make_topk_dict(predictions)
                 ^^^^^^^^^^^^^^^^^^^^^^^^^^^^^^^^
  File "/home/florian_dueck04/AutoRecLab-group4/.venv/lib/python3.12/site-packages/omnirec/metrics/ranking.py", line 24, in make_topk_dict
    for user, group in predictions.sort_values("rank").groupby("user"):
                       ^^^^^^^^^^^^^^^^^^^^^^^^^^^^^^^
  File "/home/florian_dueck04/AutoRecLab-group4/.venv/lib/python3.12/site-packages/pandas/core/frame.py", line 7211, in sort_values
    k = self._get_label_or_level_values(by[0], axis=axis)
        ^^^^^^^^^^^^^^^^^^^^^^^^^^^^^^^^^^^^^^^^^^^^^^^^^
  File "/home/florian_dueck04/AutoRecLab-group4/.venv/lib/python3.12/site-packages/pandas/core/generic.py", line 1914, in _get_label_or_level_values
    raise KeyError(key)
KeyError: 'rank'
                      CRITICAL Stopping runner...                                                     coordinator.py:445
                                MovieLens100K-938abed0: Evaluation Results                                 
┏━━━━━━━━━━━━━━━━━━━━━━━━━━━━━━━━━━━━━━━┳━━━━━━━━━━━━━━━━━━━━━┳━━━━━━━━━━━━━━━━━━━━━┳━━━━━━━━━━━━━━━━━━━━━┓
┃ Algorithm                             ┃ NDCG@1              ┃ NDCG@10             ┃ NDCG@5              ┃
┡━━━━━━━━━━━━━━━━━━━━━━━━━━━━━━━━━━━━━━━╇━━━━━━━━━━━━━━━━━━━━━╇━━━━━━━━━━━━━━━━━━━━━╇━━━━━━━━━━━━━━━━━━━━━┩
│ LensKit.ImplicitMFScorer-f0dd7ecb-101 │ 0.19936373276776245 │ 0.16161381653936155 │ 0.17511992235356058 │
│ LensKit.ImplicitMFScorer-f0dd7ecb-13  │ 0.1855779427359491  │ 0.16263014507002657 │ 0.17341846156064294 │
│ LensKit.ImplicitMFScorer-f0dd7ecb-29  │ 0.22269353128313893 │ 0.17250694860687865 │ 0.18494361230047301 │
│ LensKit.ImplicitMFScorer-f0dd7ecb-42  │ 0.19618239660657477 │ 0.16089536383683978 │ 0.17468700413516758 │
│ LensKit.ImplicitMFScorer-f0dd7ecb-7   │ 0.18663838812301167 │ 0.16101093126743737 │ 0.17544419817815912 │
│ LensKit.ItemKNNScorer-c3d66610-101    │ 0.2682926829268293  │ 0.202865451774379   │ 0.22557191574649435 │
│ LensKit.ItemKNNScorer-c3d66610-13     │ 0.2926829268292683  │ 0.207638424293557   │ 0.23381424312628243 │
│ LensKit.ItemKNNScorer-c3d66610-29     │ 0.256627783669141   │ 0.20627003242574998 │ 0.234014617899336   │
│ LensKit.ItemKNNScorer-c3d66610-42     │ 0.28101802757158006 │ 0.2085559391428343  │ 0.23755126999465304 │
│ LensKit.ItemKNNScorer-c3d66610-7      │ 0.2873806998939555  │ 0.21391652620856455 │ 0.24293107054071106 │
│ LensKit.PopScorer-f4aa5539-101        │ 0.19406150583244963 │ 0.14209000900807872 │ 0.15846194206885866 │
│ LensKit.PopScorer-f4aa5539-13         │ 0.18451749734888653 │ 0.13949386745391157 │ 0.15013652614446565 │
│ LensKit.PopScorer-f4aa5539-29         │ 0.22269353128313893 │ 0.15331999289779524 │ 0.16542078426521128 │
│ LensKit.PopScorer-f4aa5539-42         │ 0.22269353128313893 │ 0.14447022287540828 │ 0.16452893817102301 │
│ LensKit.PopScorer-f4aa5539-7          │ 0.21845174973488865 │ 0.14634385282335163 │ 0.1598583673645016  │
└───────────────────────────────────────┴─────────────────────┴─────────────────────┴─────────────────────┘
                             Amazon2014VideoGames-32d2823b: Evaluation Results                             
┏━━━━━━━━━━━━━━━━━━━━━━━━━━━━━━━━━━━━┳━━━━━━━━━━━━━━━━━━━━━━┳━━━━━━━━━━━━━━━━━━━━━━┳━━━━━━━━━━━━━━━━━━━━━━┓
┃ Algorithm                          ┃ NDCG@1               ┃ NDCG@10              ┃ NDCG@5               ┃
┡━━━━━━━━━━━━━━━━━━━━━━━━━━━━━━━━━━━━╇━━━━━━━━━━━━━━━━━━━━━━╇━━━━━━━━━━━━━━━━━━━━━━╇━━━━━━━━━━━━━━━━━━━━━━┩
│ LensKit.ItemKNNScorer-c3d66610-101 │ 0.01461755169297826  │ 0.010682140090691095 │ 0.012304979679285696 │
│ LensKit.ItemKNNScorer-c3d66610-13  │ 0.0183915377664381   │ 0.012209174693526503 │ 0.014187232590084527 │
│ LensKit.ItemKNNScorer-c3d66610-29  │ 0.017062669430712805 │ 0.011614356773052434 │ 0.013536635814905431 │
│ LensKit.ItemKNNScorer-c3d66610-42  │ 0.017700526231860948 │ 0.011744594350730596 │ 0.013760450524320273 │
│ LensKit.ItemKNNScorer-c3d66610-7   │ 0.017115824164141816 │ 0.011142119448960805 │ 0.01269352091208057  │
└────────────────────────────────────┴──────────────────────┴──────────────────────┴──────────────────────┘
  Running seed=101
                      INFO     Canonicalized data set already exists, skipping download and       recsys_data_set.py:205
                               canonicalization.                                                                        
                      INFO     Pruning data set to 5-core.                                            core_pruning.py:19
                      INFO     Number of interactions before: 71064                                   core_pruning.py:20
                      INFO     Number of interactions after: 52551                                    core_pruning.py:63
[2026/06/29 09:43:22] INFO     Reusing existing env 'LensKit_env' at                                          envs.py:48
                               /home/florian_dueck04/.omnirec/data/envs/LensKit_env                                     
                      INFO     Starting runner...                                                     coordinator.py:272
[2026/06/29 09:43:24] INFO     Runner started with pid: 36429                                         coordinator.py:297
                      INFO     Connecting to runner...                                                coordinator.py:135
                      INFO     Running phase 'Fit' for HetrecLastFM/ImplicitMFScorer                  coordinator.py:402
[2026/06/29 09:43:34] INFO     Running phase 'Predict' for HetrecLastFM/ImplicitMFScorer              coordinator.py:402
[2026/06/29 09:43:54] INFO     Running phase 'Evaluate' for HetrecLastFM/ImplicitMFScorer             coordinator.py:402
Traceback (most recent call last):
  File "/home/florian_dueck04/AutoRecLab-group4/.venv/lib/python3.12/site-packages/omnirec/runner/coordinator.py", line 212, in run
    self.run_split(
  File "/home/florian_dueck04/AutoRecLab-group4/.venv/lib/python3.12/site-packages/omnirec/runner/coordinator.py", line 365, in run_split
    self._evaluator.run_evaluation(
  File "/home/florian_dueck04/AutoRecLab-group4/.venv/lib/python3.12/site-packages/omnirec/runner/evaluation.py", line 54, in run_evaluation
    mr = m.calculate(predictions, test)
         ^^^^^^^^^^^^^^^^^^^^^^^^^^^^^^
  File "/home/florian_dueck04/AutoRecLab-group4/.venv/lib/python3.12/site-packages/omnirec/metrics/ranking.py", line 74, in calculate
    top_k_dict = self.make_topk_dict(predictions)
                 ^^^^^^^^^^^^^^^^^^^^^^^^^^^^^^^^
  File "/home/florian_dueck04/AutoRecLab-group4/.venv/lib/python3.12/site-packages/omnirec/metrics/ranking.py", line 24, in make_topk_dict
    for user, group in predictions.sort_values("rank").groupby("user"):
                       ^^^^^^^^^^^^^^^^^^^^^^^^^^^^^^^
  File "/home/florian_dueck04/AutoRecLab-group4/.venv/lib/python3.12/site-packages/pandas/core/frame.py", line 7211, in sort_values
    k = self._get_label_or_level_values(by[0], axis=axis)
        ^^^^^^^^^^^^^^^^^^^^^^^^^^^^^^^^^^^^^^^^^^^^^^^^^
  File "/home/florian_dueck04/AutoRecLab-group4/.venv/lib/python3.12/site-packages/pandas/core/generic.py", line 1914, in _get_label_or_level_values
    raise KeyError(key)
KeyError: 'rank'
                      CRITICAL Stopping runner...                                                     coordinator.py:445
                      INFO     Reusing existing env 'LensKit_env' at                                          envs.py:48
                               /home/florian_dueck04/.omnirec/data/envs/LensKit_env                                     
                      INFO     Starting runner...                                                     coordinator.py:272
[2026/06/29 09:43:57] INFO     Runner started with pid: 36524                                         coordinator.py:297
                      INFO     Connecting to runner...                                                coordinator.py:135
                      INFO     Running phase 'Fit' for HetrecLastFM/ItemKNNScorer                     coordinator.py:402
[2026/06/29 09:44:07] INFO     Running phase 'Predict' for HetrecLastFM/ItemKNNScorer                 coordinator.py:402
[2026/06/29 09:44:17] INFO     Running phase 'Evaluate' for HetrecLastFM/ItemKNNScorer                coordinator.py:402
Traceback (most recent call last):
  File "/home/florian_dueck04/AutoRecLab-group4/.venv/lib/python3.12/site-packages/omnirec/runner/coordinator.py", line 212, in run
    self.run_split(
  File "/home/florian_dueck04/AutoRecLab-group4/.venv/lib/python3.12/site-packages/omnirec/runner/coordinator.py", line 365, in run_split
    self._evaluator.run_evaluation(
  File "/home/florian_dueck04/AutoRecLab-group4/.venv/lib/python3.12/site-packages/omnirec/runner/evaluation.py", line 54, in run_evaluation
    mr = m.calculate(predictions, test)
         ^^^^^^^^^^^^^^^^^^^^^^^^^^^^^^
  File "/home/florian_dueck04/AutoRecLab-group4/.venv/lib/python3.12/site-packages/omnirec/metrics/ranking.py", line 74, in calculate
    top_k_dict = self.make_topk_dict(predictions)
                 ^^^^^^^^^^^^^^^^^^^^^^^^^^^^^^^^
  File "/home/florian_dueck04/AutoRecLab-group4/.venv/lib/python3.12/site-packages/omnirec/metrics/ranking.py", line 24, in make_topk_dict
    for user, group in predictions.sort_values("rank").groupby("user"):
                       ^^^^^^^^^^^^^^^^^^^^^^^^^^^^^^^
  File "/home/florian_dueck04/AutoRecLab-group4/.venv/lib/python3.12/site-packages/pandas/core/frame.py", line 7211, in sort_values
    k = self._get_label_or_level_values(by[0], axis=axis)
        ^^^^^^^^^^^^^^^^^^^^^^^^^^^^^^^^^^^^^^^^^^^^^^^^^
  File "/home/florian_dueck04/AutoRecLab-group4/.venv/lib/python3.12/site-packages/pandas/core/generic.py", line 1914, in _get_label_or_level_values
    raise KeyError(key)
KeyError: 'rank'
                      CRITICAL Stopping runner...                                                     coordinator.py:445
                      INFO     Reusing existing env 'LensKit_env' at                                          envs.py:48
                               /home/florian_dueck04/.omnirec/data/envs/LensKit_env                                     
                      INFO     Starting runner...                                                     coordinator.py:272
[2026/06/29 09:44:20] INFO     Runner started with pid: 36621                                         coordinator.py:297
                      INFO     Connecting to runner...                                                coordinator.py:135
                      INFO     Running phase 'Fit' for HetrecLastFM/PopScorer                         coordinator.py:402
[2026/06/29 09:44:30] INFO     Running phase 'Predict' for HetrecLastFM/PopScorer                     coordinator.py:402
[2026/06/29 09:44:40] INFO     Running phase 'Evaluate' for HetrecLastFM/PopScorer                    coordinator.py:402
Traceback (most recent call last):
  File "/home/florian_dueck04/AutoRecLab-group4/.venv/lib/python3.12/site-packages/omnirec/runner/coordinator.py", line 212, in run
    self.run_split(
  File "/home/florian_dueck04/AutoRecLab-group4/.venv/lib/python3.12/site-packages/omnirec/runner/coordinator.py", line 365, in run_split
    self._evaluator.run_evaluation(
  File "/home/florian_dueck04/AutoRecLab-group4/.venv/lib/python3.12/site-packages/omnirec/runner/evaluation.py", line 54, in run_evaluation
    mr = m.calculate(predictions, test)
         ^^^^^^^^^^^^^^^^^^^^^^^^^^^^^^
  File "/home/florian_dueck04/AutoRecLab-group4/.venv/lib/python3.12/site-packages/omnirec/metrics/ranking.py", line 74, in calculate
    top_k_dict = self.make_topk_dict(predictions)
                 ^^^^^^^^^^^^^^^^^^^^^^^^^^^^^^^^
  File "/home/florian_dueck04/AutoRecLab-group4/.venv/lib/python3.12/site-packages/omnirec/metrics/ranking.py", line 24, in make_topk_dict
    for user, group in predictions.sort_values("rank").groupby("user"):
                       ^^^^^^^^^^^^^^^^^^^^^^^^^^^^^^^
  File "/home/florian_dueck04/AutoRecLab-group4/.venv/lib/python3.12/site-packages/pandas/core/frame.py", line 7211, in sort_values
    k = self._get_label_or_level_values(by[0], axis=axis)
        ^^^^^^^^^^^^^^^^^^^^^^^^^^^^^^^^^^^^^^^^^^^^^^^^^
  File "/home/florian_dueck04/AutoRecLab-group4/.venv/lib/python3.12/site-packages/pandas/core/generic.py", line 1914, in _get_label_or_level_values
    raise KeyError(key)
KeyError: 'rank'
                      CRITICAL Stopping runner...                                                     coordinator.py:445
                                MovieLens100K-938abed0: Evaluation Results                                 
┏━━━━━━━━━━━━━━━━━━━━━━━━━━━━━━━━━━━━━━━┳━━━━━━━━━━━━━━━━━━━━━┳━━━━━━━━━━━━━━━━━━━━━┳━━━━━━━━━━━━━━━━━━━━━┓
┃ Algorithm                             ┃ NDCG@1              ┃ NDCG@10             ┃ NDCG@5              ┃
┡━━━━━━━━━━━━━━━━━━━━━━━━━━━━━━━━━━━━━━━╇━━━━━━━━━━━━━━━━━━━━━╇━━━━━━━━━━━━━━━━━━━━━╇━━━━━━━━━━━━━━━━━━━━━┩
│ LensKit.ImplicitMFScorer-f0dd7ecb-101 │ 0.19936373276776245 │ 0.16161381653936155 │ 0.17511992235356058 │
│ LensKit.ImplicitMFScorer-f0dd7ecb-13  │ 0.1855779427359491  │ 0.16263014507002657 │ 0.17341846156064294 │
│ LensKit.ImplicitMFScorer-f0dd7ecb-29  │ 0.22269353128313893 │ 0.17250694860687865 │ 0.18494361230047301 │
│ LensKit.ImplicitMFScorer-f0dd7ecb-42  │ 0.19618239660657477 │ 0.16089536383683978 │ 0.17468700413516758 │
│ LensKit.ImplicitMFScorer-f0dd7ecb-7   │ 0.18663838812301167 │ 0.16101093126743737 │ 0.17544419817815912 │
│ LensKit.ItemKNNScorer-c3d66610-101    │ 0.2682926829268293  │ 0.202865451774379   │ 0.22557191574649435 │
│ LensKit.ItemKNNScorer-c3d66610-13     │ 0.2926829268292683  │ 0.207638424293557   │ 0.23381424312628243 │
│ LensKit.ItemKNNScorer-c3d66610-29     │ 0.256627783669141   │ 0.20627003242574998 │ 0.234014617899336   │
│ LensKit.ItemKNNScorer-c3d66610-42     │ 0.28101802757158006 │ 0.2085559391428343  │ 0.23755126999465304 │
│ LensKit.ItemKNNScorer-c3d66610-7      │ 0.2873806998939555  │ 0.21391652620856455 │ 0.24293107054071106 │
│ LensKit.PopScorer-f4aa5539-101        │ 0.19406150583244963 │ 0.14209000900807872 │ 0.15846194206885866 │
│ LensKit.PopScorer-f4aa5539-13         │ 0.18451749734888653 │ 0.13949386745391157 │ 0.15013652614446565 │
│ LensKit.PopScorer-f4aa5539-29         │ 0.22269353128313893 │ 0.15331999289779524 │ 0.16542078426521128 │
│ LensKit.PopScorer-f4aa5539-42         │ 0.22269353128313893 │ 0.14447022287540828 │ 0.16452893817102301 │
│ LensKit.PopScorer-f4aa5539-7          │ 0.21845174973488865 │ 0.14634385282335163 │ 0.1598583673645016  │
└───────────────────────────────────────┴─────────────────────┴─────────────────────┴─────────────────────┘
                             Amazon2014VideoGames-32d2823b: Evaluation Results                             
┏━━━━━━━━━━━━━━━━━━━━━━━━━━━━━━━━━━━━┳━━━━━━━━━━━━━━━━━━━━━━┳━━━━━━━━━━━━━━━━━━━━━━┳━━━━━━━━━━━━━━━━━━━━━━┓
┃ Algorithm                          ┃ NDCG@1               ┃ NDCG@10              ┃ NDCG@5               ┃
┡━━━━━━━━━━━━━━━━━━━━━━━━━━━━━━━━━━━━╇━━━━━━━━━━━━━━━━━━━━━━╇━━━━━━━━━━━━━━━━━━━━━━╇━━━━━━━━━━━━━━━━━━━━━━┩
│ LensKit.ItemKNNScorer-c3d66610-101 │ 0.01461755169297826  │ 0.010682140090691095 │ 0.012304979679285696 │
│ LensKit.ItemKNNScorer-c3d66610-13  │ 0.0183915377664381   │ 0.012209174693526503 │ 0.014187232590084527 │
│ LensKit.ItemKNNScorer-c3d66610-29  │ 0.017062669430712805 │ 0.011614356773052434 │ 0.013536635814905431 │
│ LensKit.ItemKNNScorer-c3d66610-42  │ 0.017700526231860948 │ 0.011744594350730596 │ 0.013760450524320273 │
│ LensKit.ItemKNNScorer-c3d66610-7   │ 0.017115824164141816 │ 0.011142119448960805 │ 0.01269352091208057  │
└────────────────────────────────────┴──────────────────────┴──────────────────────┴──────────────────────┘
Seeds used: [7, 13, 29, 42, 101]
Short analysis: compare the per-metric standard deviation and coefficient of variation across seeds; larger values indicate greater sensitivity to the split seed.
Execution time: an hour (time limit is an hour).